r,x,y,true_val,pred_val
0.1,0,0,0,0.381119
0.1,0.0169492,0,0.0572768,0.382908
0.1,0.0338983,0,0.112986,0.388556
0.1,0.0508475,0,0.165592,0.396875
0.1,0.0677966,0,0.213631,0.407509
0.1,0.0847458,0,0.255736,0.418723
0.1,0.101695,0,0.290669,0.429012
0.1,0.118644,0,0.317351,0.4374
0.1,0.135593,0,0.334882,0.442457
0.1,0.152542,0,0.342562,0.4429
0.1,0.169492,0,0.339909,0.437866
0.1,0.186441,0,0.326663,0.426902
0.1,0.20339,0,0.3028,0.409959
0.1,0.220339,0,0.268528,0.387304
0.1,0.237288,0,0.224284,0.359058
0.1,0.254237,0,0.170724,0.325302
0.1,0.271186,0,0.10871,0.286388
0.1,0.288136,0,0.0392937,0.242907
0.1,0.305085,0,-0.0363102,0.195688
0.1,0.322034,0,-0.116747,0.145872
0.1,0.338983,0,-0.200551,0.0944919
0.1,0.355932,0,-0.28618,0.0421907
0.1,0.372881,0,-0.372043,-0.0101638
0.1,0.389831,0,-0.45654,-0.0615807
0.1,0.40678,0,-0.538091,-0.111177
0.1,0.423729,0,-0.615176,-0.157999
0.1,0.440678,0,-0.68636,-0.20111
0.1,0.457627,0,-0.750332,-0.239799
0.1,0.474576,0,-0.805926,-0.273162
0.1,0.491525,0,-0.85215,-0.300109
0.1,0.508475,0,-0.888207,-0.320986
0.1,0.525424,0,-0.913511,-0.335629
0.1,0.542373,0,-0.927699,-0.343365
0.1,0.559322,0,-0.93064,-0.34507
0.1,0.576271,0,-0.922437,-0.341203
0.1,0.59322,0,-0.903424,-0.33155
0.1,0.610169,0,-0.87416,-0.317285
0.1,0.627119,0,-0.835415,-0.299291
0.1,0.644068,0,-0.788157,-0.277787
0.1,0.661017,0,-0.733525,-0.254026
0.1,0.677966,0,-0.672808,-0.229348
0.1,0.694915,0,-0.607419,-0.204545
0.1,0.711864,0,-0.538859,-0.18058
0.1,0.728814,0,-0.468687,-0.158311
0.1,0.745763,0,-0.39849,-0.138085
0.1,0.762712,0,-0.329842,-0.120461
0.1,0.779661,0,-0.264274,-0.106129
0.1,0.79661,0,-0.20324,-0.0952494
0.1,0.813559,0,-0.148085,-0.0878301
0.1,0.830508,0,-0.100017,-0.0838273
0.1,0.847458,0,-0.0600807,-0.0826054
0.1,0.864407,0,-0.0291329,-0.083611
0.1,0.881356,0,-0.0078268,-0.0870369
0.1,0.898305,0,0.00340391,-0.0925338
0.1,0.915254,0,0.00435369,-0.0993975
0.1,0.932203,0,-0.00495026,-0.107295
0.1,0.949153,0,-0.0242487,-0.115722
0.1,0.966102,0,-0.0530558,-0.12402
0.1,0.983051,0,-0.0906701,-0.130337
0.1,1,0,-0.13619,-0.133403
0.1,0,0.0169492,0.0889853,0.382273
0.1,0.0169492,0.0169492,0.149352,0.384421
0.1,0.0338983,0.0169492,0.208182,0.390061
0.1,0.0508475,0.0169492,0.263824,0.398475
0.1,0.0677966,0.0169492,0.314627,0.408975
0.1,0.0847458,0.0169492,0.358958,0.420059
0.1,0.101695,0.0169492,0.395244,0.430344
0.1,0.118644,0.0169492,0.422024,0.438651
0.1,0.135593,0.0169492,0.438016,0.443615
0.1,0.152542,0.0169492,0.442204,0.444034
0.1,0.169492,0.0169492,0.433904,0.43903
0.1,0.186441,0.0169492,0.412829,0.428148
0.1,0.20339,0.0169492,0.379129,0.411348
0.1,0.220339,0.0169492,0.33339,0.388815
0.1,0.237288,0.0169492,0.27661,0.360667
0.1,0.254237,0.0169492,0.210133,0.327036
0.1,0.271186,0.0169492,0.135561,0.288275
0.1,0.288136,0.0169492,0.0546606,0.244964
0.1,0.305085,0.0169492,-0.0307406,0.197952
0.1,0.322034,0.0169492,-0.118836,0.148313
0.1,0.338983,0.0169492,-0.207903,0.097009
0.1,0.355932,0.0169492,-0.296343,0.0447814
0.1,0.372881,0.0169492,-0.382694,-0.00747945
0.1,0.389831,0.0169492,-0.465615,-0.0588004
0.1,0.40678,0.0169492,-0.543868,-0.108273
0.1,0.423729,0.0169492,-0.616284,-0.154924
0.1,0.440678,0.0169492,-0.681739,-0.197796
0.1,0.457627,0.0169492,-0.739135,-0.236165
0.1,0.474576,0.0169492,-0.787411,-0.269163
0.1,0.491525,0.0169492,-0.82556,-0.296036
0.1,0.508475,0.0169492,-0.852685,-0.316831
0.1,0.525424,0.0169492,-0.868056,-0.33126
0.1,0.542373,0.0169492,-0.871188,-0.339011
0.1,0.559322,0.0169492,-0.861911,-0.340699
0.1,0.576271,0.0169492,-0.840429,-0.336674
0.1,0.59322,0.0169492,-0.807353,-0.327144
0.1,0.610169,0.0169492,-0.763698,-0.313043
0.1,0.627119,0.0169492,-0.710856,-0.295068
0.1,0.644068,0.0169492,-0.650518,-0.273726
0.1,0.661017,0.0169492,-0.584593,-0.250166
0.1,0.677966,0.0169492,-0.515101,-0.225574
0.1,0.694915,0.0169492,-0.444073,-0.200873
0.1,0.711864,0.0169492,-0.373469,-0.177008
0.1,0.728814,0.0169492,-0.30511,-0.15473
0.1,0.745763,0.0169492,-0.240641,-0.134512
0.1,0.762712,0.0169492,-0.181514,-0.116943
0.1,0.779661,0.0169492,-0.128999,-0.102578
0.1,0.79661,0.0169492,-0.0841928,-0.0916484
0.1,0.813559,0.0169492,-0.0480417,-0.0842238
0.1,0.830508,0.0169492,-0.0213548,-0.0801323
0.1,0.847458,0.0169492,-0.00480534,-0.0788196
0.1,0.864407,0.0169492,0.00108158,-0.0799139
0.1,0.881356,0.0169492,-0.00404224,-0.0834203
0.1,0.898305,0.0169492,-0.0203076,-0.0890151
0.1,0.915254,0.0169492,-0.0475815,-0.0961962
0.1,0.932203,0.0169492,-0.0854228,-0.104495
0.1,0.949153,0.0169492,-0.133051,-0.113285
0.1,0.966102,0.0169492,-0.189336,-0.12157
0.1,0.983051,0.0169492,-0.252815,-0.127703
0.1,1,0.0169492,-0.32174,-0.130185
0.1,0,0.0338983,0.174238,0.38584
0.1,0.0169492,0.0338983,0.237897,0.387949
0.1,0.0338983,0.0338983,0.300135,0.393548
0.1,0.0508475,0.0338983,0.359211,0.401899
0.1,0.0677966,0.0338983,0.413302,0.412183
0.1,0.0847458,0.0338983,0.460507,0.423118
0.1,0.101695,0.0338983,0.498886,0.433349
0.1,0.118644,0.0338983,0.526547,0.441558
0.1,0.135593,0.0338983,0.541766,0.446486
0.1,0.152542,0.0338983,0.543139,0.447012
0.1,0.169492,0.0338983,0.529735,0.44221
0.1,0.186441,0.0338983,0.501227,0.431613
0.1,0.20339,0.0338983,0.457966,0.415178
0.1,0.220339,0.0338983,0.400998,0.39303
0.1,0.237288,0.0338983,0.331987,0.365288
0.1,0.254237,0.0338983,0.253079,0.332119
0.1,0.271186,0.0338983,0.16672,0.293861
0.1,0.288136,0.0338983,0.0754506,0.251078
0.1,0.305085,0.0338983,-0.0182768,0.204589
0.1,0.322034,0.0338983,-0.112243,0.155394
0.1,0.338983,0.0338983,-0.204551,0.104442
0.1,0.355932,0.0338983,-0.293646,0.0525264
0.1,0.372881,0.0338983,-0.378296,0.000569491
0.1,0.389831,0.0338983,-0.457515,-0.0504088
0.1,0.40678,0.0338983,-0.530475,-0.0995055
0.1,0.423729,0.0338983,-0.59641,-0.145706
0.1,0.440678,0.0338983,-0.65453,-0.187932
0.1,0.457627,0.0338983,-0.703971,-0.22557
0.1,0.474576,0.0338983,-0.743777,-0.257987
0.1,0.491525,0.0338983,-0.772942,-0.284545
0.1,0.508475,0.0338983,-0.790484,-0.305062
0.1,0.525424,0.0338983,-0.79557,-0.319279
0.1,0.542373,0.0338983,-0.787656,-0.326958
0.1,0.559322,0.0338983,-0.766628,-0.328531
0.1,0.576271,0.0338983,-0.73291,-0.324467
0.1,0.59322,0.0338983,-0.687523,-0.315192
0.1,0.610169,0.0338983,-0.632067,-0.301394
0.1,0.627119,0.0338983,-0.568637,-0.283709
0.1,0.644068,0.0338983,-0.499676,-0.26276
0.1,0.661017,0.0338983,-0.427789,-0.239557
0.1,0.677966,0.0338983,-0.355564,-0.215222
0.1,0.694915,0.0338983,-0.2854,-0.190766
0.1,0.711864,0.0338983,-0.219401,-0.167076
0.1,0.728814,0.0338983,-0.159317,-0.144852
0.1,0.745763,0.0338983,-0.106541,-0.124676
0.1,0.762712,0.0338983,-0.0621545,-0.10711
0.1,0.779661,0.0338983,-0.0269923,-0.0926258
0.1,0.79661,0.0338983,-0.00171735,-0.0815557
0.1,0.813559,0.0338983,0.0131183,-0.0740154
0.1,0.830508,0.0338983,0.0170386,-0.0697509
0.1,0.847458,0.0338983,0.00964341,-0.0683318
0.1,0.864407,0.0338983,-0.00935445,-0.0694711
0.1,0.881356,0.0338983,-0.0400589,-0.0730764
0.1,0.898305,0.0338983,-0.0822978,-0.0789549
0.1,0.915254,0.0338983,-0.135525,-0.0867636
0.1,0.932203,0.0338983,-0.198735,-0.0958062
0.1,0.949153,0.0338983,-0.270419,-0.105146
0.1,0.966102,0.0338983,-0.348569,-0.11356
0.1,0.983051,0.0338983,-0.430753,-0.119718
0.1,1,0.0338983,-0.514247,-0.122215
0.1,0,0.0508475,0.252169,0.389988
0.1,0.0169492,0.0508475,0.318888,0.392076
0.1,0.0338983,0.0508475,0.384411,0.397571
0.1,0.0508475,0.0508475,0.446975,0.405766
0.1,0.0677966,0.0508475,0.504645,0.415861
0.1,0.0847458,0.0508475,0.555286,0.42667
0.1,0.101695,0.0508475,0.596598,0.436869
0.1,0.118644,0.0508475,0.626227,0.445084
0.1,0.135593,0.0508475,0.641946,0.450155
0.1,0.152542,0.0508475,0.64189,0.451003
0.1,0.169492,0.0508475,0.624803,0.446617
0.1,0.186441,0.0508475,0.590263,0.43655
0.1,0.20339,0.0508475,0.538814,0.42076
0.1,0.220339,0.0508475,0.47198,0.399322
0.1,0.237288,0.0508475,0.392149,0.372339
0.1,0.254237,0.0508475,0.302337,0.339984
0.1,0.271186,0.0508475,0.205878,0.302586
0.1,0.288136,0.0508475,0.106104,0.260684
0.1,0.305085,0.0508475,0.00605988,0.215053
0.1,0.322034,0.0508475,-0.0916913,0.166647
0.1,0.338983,0.0508475,-0.185167,0.116395
0.1,0.355932,0.0508475,-0.272962,0.0650776
0.1,0.372881,0.0508475,-0.354163,0.0137028
0.1,0.389831,0.0508475,-0.42821,-0.0366437
0.1,0.40678,0.0508475,-0.494732,-0.0851246
0.1,0.423729,0.0508475,-0.553389,-0.130636
0.1,0.440678,0.0508475,-0.603733,-0.171972
0.1,0.457627,0.0508475,-0.645127,-0.208792
0.1,0.474576,0.0508475,-0.676723,-0.240562
0.1,0.491525,0.0508475,-0.697507,-0.266646
0.1,0.508475,0.0508475,-0.706425,-0.28685
0.1,0.525424,0.0508475,-0.702564,-0.300892
0.1,0.542373,0.0508475,-0.685364,-0.308452
0.1,0.559322,0.0508475,-0.654824,-0.310013
0.1,0.576271,0.0508475,-0.611657,-0.30609
0.1,0.59322,0.0508475,-0.557352,-0.297172
0.1,0.610169,0.0508475,-0.494123,-0.283829
0.1,0.627119,0.0508475,-0.424748,-0.266639
0.1,0.644068,0.0508475,-0.352316,-0.246206
0.1,0.661017,0.0508475,-0.279948,-0.223483
0.1,0.677966,0.0508475,-0.210535,-0.199555
0.1,0.694915,0.0508475,-0.146538,-0.175462
0.1,0.711864,0.0508475,-0.0898853,-0.152032
0.1,0.728814,0.0508475,-0.0419665,-0.129934
0.1,0.745763,0.0508475,-0.00370086,-0.10981
0.1,0.762712,0.0508475,0.02434,-0.0921979
0.1,0.779661,0.0508475,0.0417948,-0.077524
0.1,0.79661,0.0508475,0.0483905,-0.0662198
0.1,0.813559,0.0508475,0.0438585,-0.0584428
0.1,0.830508,0.0508475,0.0279054,-0.0538843
0.1,0.847458,0.0508475,0.000242966,-0.0522256
0.1,0.864407,0.0508475,-0.0393227,-0.0532494
0.1,0.881356,0.0508475,-0.0907572,-0.0568657
0.1,0.898305,0.0508475,-0.153638,-0.0629784
0.1,0.915254,0.0508475,-0.227,-0.0713301
0.1,0.932203,0.0508475,-0.309218,-0.0809676
0.1,0.949153,0.0508475,-0.397966,-0.0907424
0.1,0.966102,0.0508475,-0.490281,-0.0992862
0.1,0.983051,0.0508475,-0.582731,-0.105591
0.1,1,0.0508475,-0.671683,-0.108222
0.1,0,0.0677966,0.319471,0.393521
0.1,0.0169492,0.0677966,0.388575,0.39551
0.1,0.0338983,0.0677966,0.456829,0.400831
0.1,0.0508475,0.0677966,0.522559,0.408845
0.1,0.0677966,0.0677966,0.583817,0.418742
0.1,0.0847458,0.0677966,0.63831,0.42943
0.1,0.101695,0.0677966,0.683426,0.43964
0.1,0.118644,0.0677966,0.716349,0.448034
0.1,0.135593,0.0677966,0.734304,0.45347
0.1,0.152542,0.0677966,0.734879,0.454859
0.1,0.169492,0.0677966,0.716395,0.451212
0.1,0.186441,0.0677966,0.678235,0.442057
0.1,0.20339,0.0677966,0.621054,0.427289
0.1,0.220339,0.0677966,0.546815,0.40692
0.1,0.237288,0.0677966,0.458613,0.381035
0.1,0.254237,0.0677966,0.360326,0.349844
0.1,0.271186,0.0677966,0.256168,0.313693
0.1,0.288136,0.0677966,0.150229,0.273097
0.1,0.305085,0.0677966,0.046092,0.22877
0.1,0.322034,0.0677966,-0.0534121,0.181571
0.1,0.338983,0.0677966,-0.146301,0.132343
0.1,0.355932,0.0677966,-0.231391,0.081969
0.1,0.372881,0.0677966,-0.308151,0.0315293
0.1,0.389831,0.0677966,-0.376481,-0.0179233
0.1,0.40678,0.0677966,-0.436483,-0.0654736
0.1,0.423729,0.0677966,-0.488237,-0.109995
0.1,0.440678,0.0677966,-0.531624,-0.150506
0.1,0.457627,0.0677966,-0.566215,-0.186576
0.1,0.474576,0.0677966,-0.59124,-0.217694
0.1,0.491525,0.0677966,-0.60566,-0.243325
0.1,0.508475,0.0677966,-0.608329,-0.263215
0.1,0.525424,0.0677966,-0.598234,-0.277074
0.1,0.542373,0.0677966,-0.574784,-0.284706
0.1,0.559322,0.0677966,-0.538076,-0.286495
0.1,0.576271,0.0677966,-0.48909,-0.282931
0.1,0.59322,0.0677966,-0.429749,-0.274508
0.1,0.610169,0.0677966,-0.362813,-0.26174
0.1,0.627119,0.0677966,-0.291626,-0.245159
0.1,0.644068,0.0677966,-0.219759,-0.225393
0.1,0.661017,0.0677966,-0.150632,-0.203327
0.1,0.677966,0.0677966,-0.0871928,-0.179975
0.1,0.694915,0.0677966,-0.0317149,-0.156342
0.1,0.711864,0.0677966,0.0142643,-0.133235
0.1,0.728814,0.0677966,0.0498727,-0.111327
0.1,0.745763,0.0677966,0.0747408,-0.0912642
0.1,0.762712,0.0677966,0.0887967,-0.0735746
0.1,0.779661,0.0677966,0.0920679,-0.0586922
0.1,0.79661,0.0677966,0.0845262,-0.0470375
0.1,0.813559,0.0677966,0.066003,-0.0387421
0.1,0.830508,0.0677966,0.0361853,-0.0336257
0.1,0.847458,0.0677966,-0.0053045,-0.0314891
0.1,0.864407,0.0677966,-0.0587552,-0.0322057
0.1,0.881356,0.0677966,-0.124158,-0.0356867
0.1,0.898305,0.0677966,-0.200975,-0.0418311
0.1,0.915254,0.0677966,-0.287921,-0.0502291
0.1,0.932203,0.0677966,-0.382825,-0.0599321
0.1,0.949153,0.0677966,-0.4826,-0.0696802
0.1,0.966102,0.0677966,-0.583382,-0.0781552
0.1,0.983051,0.0677966,-0.680819,-0.0843076
0.1,1,0.0677966,-0.770497,-0.086693
0.1,0,0.0847458,0.373241,0.394924
0.1,0.0169492,0.0847458,0.443629,0.39681
0.1,0.0338983,0.0847458,0.513633,0.401961
0.1,0.0508475,0.0847458,0.581805,0.409794
0.1,0.0677966,0.0847458,0.64632,0.419528
0.1,0.0847458,0.0847458,0.704851,0.430181
0.1,0.101695,0.0847458,0.754557,0.440564
0.1,0.118644,0.0847458,0.792202,0.449348
0.1,0.135593,0.0847458,0.814442,0.455397
0.1,0.152542,0.0847458,0.81824,0.45765
0.1,0.169492,0.0847458,0.801369,0.455085
0.1,0.186441,0.0847458,0.762871,0.447173
0.1,0.20339,0.0847458,0.703369,0.433781
0.1,0.220339,0.0847458,0.625136,0.41484
0.1,0.237288,0.0847458,0.531872,0.390411
0.1,0.254237,0.0847458,0.428242,0.360764
0.1,0.271186,0.0847458,0.319269,0.326263
0.1,0.288136,0.0847458,0.209739,0.287388
0.1,0.305085,0.0847458,0.103708,0.244775
0.1,0.322034,0.0847458,0.0042109,0.199156
0.1,0.338983,0.0847458,-0.0868224,0.151319
0.1,0.355932,0.0847458,-0.168469,0.102233
0.1,0.372881,0.0847458,-0.240594,0.0530152
0.1,0.389831,0.0847458,-0.303556,0.00476619
0.1,0.40678,0.0847458,-0.357913,-0.0416052
0.1,0.423729,0.0847458,-0.404143,-0.085093
0.1,0.440678,0.0847458,-0.442422,-0.124736
0.1,0.457627,0.0847458,-0.472494,-0.160067
0.1,0.474576,0.0847458,-0.493634,-0.190622
0.1,0.491525,0.0847458,-0.50473,-0.215852
0.1,0.508475,0.0847458,-0.504483,-0.235501
0.1,0.525424,0.0847458,-0.491709,-0.249341
0.1,0.542373,0.0847458,-0.465695,-0.257213
0.1,0.559322,0.0847458,-0.42653,-0.259412
0.1,0.576271,0.0847458,-0.375343,-0.256396
0.1,0.59322,0.0847458,-0.31436,-0.248634
0.1,0.610169,0.0847458,-0.246748,-0.236592
0.1,0.627119,0.0847458,-0.17627,-0.220774
0.1,0.644068,0.0847458,-0.106821,-0.201813
0.1,0.661017,0.0847458,-0.0419623,-0.180517
0.1,0.677966,0.0847458,0.0154412,-0.157818
0.1,0.694915,0.0847458,0.0634141,-0.134707
0.1,0.711864,0.0847458,0.100869,-0.11198
0.1,0.728814,0.0847458,0.127449,-0.0902755
0.1,0.745763,0.0847458,0.143273,-0.0702427
0.1,0.762712,0.0847458,0.148653,-0.0524276
0.1,0.779661,0.0847458,0.14385,-0.0372231
0.1,0.79661,0.0847458,0.128901,-0.025001
0.1,0.813559,0.0847458,0.10354,-0.0159549
0.1,0.830508,0.0847458,0.0672357,-0.0100185
0.1,0.847458,0.0847458,0.0193139,-0.00711368
0.1,0.864407,0.0847458,-0.0408197,-0.00721082
0.1,0.881356,0.0847458,-0.113399,-0.0101944
0.1,0.898305,0.0847458,-0.19799,-0.0158695
0.1,0.915254,0.0847458,-0.293208,-0.0237877
0.1,0.932203,0.0847458,-0.396534,-0.0330583
0.1,0.949153,0.0847458,-0.504296,-0.0424294
0.1,0.966102,0.0847458,-0.611859,-0.0504889
0.1,0.983051,0.0847458,-0.714043,-0.0562599
0.1,1,0.0847458,-0.805696,-0.0585086
0.1,0,0.101695,0.4111,0.392913
0.1,0.0169492,0.101695,0.481285,0.394725
0.1,0.0338983,0.101695,0.551655,0.399693
0.1,0.0508475,0.101695,0.621142,0.407346
0.1,0.0677966,0.101695,0.688203,0.416978
0.1,0.0847458,0.101695,0.75063,0.427737
0.1,0.101695,0.101695,0.805483,0.438488
0.1,0.118644,0.101695,0.849188,0.447872
0.1,0.135593,0.101695,0.877844,0.454823
0.1,0.152542,0.101695,0.887735,0.458281
0.1,0.169492,0.101695,0.875951,0.457094
0.1,0.186441,0.101695,0.841011,0.450741
0.1,0.20339,0.101695,0.783299,0.439086
0.1,0.220339,0.101695,0.705194,0.421937
0.1,0.237288,0.101695,0.610819,0.399347
0.1,0.254237,0.101695,0.505475,0.37165
0.1,0.271186,0.101695,0.394882,0.339194
0.1,0.288136,0.101695,0.284433,0.302414
0.1,0.305085,0.101695,0.178596,0.261885
0.1,0.322034,0.101695,0.0805758,0.218219
0.1,0.338983,0.101695,-0.0077627,0.172146
0.1,0.355932,0.101695,-0.0857494,0.124695
0.1,0.372881,0.101695,-0.153621,0.0770252
0.1,0.389831,0.101695,-0.212166,0.0302704
0.1,0.40678,0.101695,-0.262357,-0.0147871
0.1,0.423729,0.101695,-0.305033,-0.0571643
0.1,0.440678,0.101695,-0.340635,-0.0958486
0.1,0.457627,0.101695,-0.369045,-0.130488
0.1,0.474576,0.101695,-0.389541,-0.160583
0.1,0.491525,0.101695,-0.400882,-0.185507
0.1,0.508475,0.101695,-0.401534,-0.205093
0.1,0.525424,0.101695,-0.390022,-0.219123
0.1,0.542373,0.101695,-0.365353,-0.227386
0.1,0.559322,0.101695,-0.327418,-0.230173
0.1,0.576271,0.101695,-0.277287,-0.227898
0.1,0.59322,0.101695,-0.217283,-0.220993
0.1,0.610169,0.101695,-0.150795,-0.209865
0.1,0.627119,0.101695,-0.0818538,-0.194977
0.1,0.644068,0.101695,-0.014575,-0.176943
0.1,0.661017,0.101695,0.0473908,-0.156485
0.1,0.677966,0.101695,0.101265,-0.134481
0.1,0.694915,0.101695,0.145324,-0.111944
0.1,0.711864,0.101695,0.17884,-0.0896191
0.1,0.728814,0.101695,0.20185,-0.0680785
0.1,0.745763,0.101695,0.214813,-0.0480137
0.1,0.762712,0.101695,0.218274,-0.0299598
0.1,0.779661,0.101695,0.21257,-0.0142345
0.1,0.79661,0.101695,0.197653,-0.00123339
0.1,0.813559,0.101695,0.173018,0.00878299
0.1,0.830508,0.101695,0.137764,0.0158318
0.1,0.847458,0.101695,0.0907559,0.0198641
0.1,0.864407,0.101695,0.0308936,0.0208244
0.1,0.881356,0.101695,-0.0425443,0.0188846
0.1,0.898305,0.101695,-0.12952,0.0142646
0.1,0.915254,0.101695,-0.228876,0.00737817
0.1,0.932203,0.101695,-0.338078,-0.000956083
0.1,0.949153,0.101695,-0.453159,-0.00950404
0.1,0.966102,0.101695,-0.568917,-0.0167697
0.1,0.983051,0.101695,-0.679415,-0.0221049
0.1,1,0.101695,-0.778698,-0.0242767
0.1,0,0.118644,0.431275,0.386549
0.1,0.0169492,0.118644,0.499469,0.388222
0.1,0.0338983,0.118644,0.568485,0.39292
0.1,0.0508475,0.118644,0.637791,0.40036
0.1,0.0677966,0.118644,0.706293,0.40997
0.1,0.0847458,0.118644,0.772077,0.420957
0.1,0.101695,0.118644,0.832262,0.43221
0.1,0.118644,0.118644,0.883058,0.442436
0.1,0.135593,0.118644,0.92007,0.450569
0.1,0.152542,0.118644,0.938872,0.455471
0.1,0.169492,0.118644,0.935759,0.455981
0.1,0.186441,0.118644,0.90853,0.451565
0.1,0.20339,0.118644,0.857084,0.441986
0.1,0.220339,0.118644,0.783639,0.427006
0.1,0.237288,0.118644,0.692495,0.406687
0.1,0.254237,0.118644,0.589378,0.381339
0.1,0.271186,0.118644,0.480552,0.351295
0.1,0.288136,0.118644,0.371917,0.316962
0.1,0.305085,0.118644,0.268306,0.278847
0.1,0.322034,0.118644,0.173084,0.237487
0.1,0.338983,0.118644,0.0880764,0.193597
0.1,0.355932,0.118644,0.013745,0.148204
0.1,0.372881,0.118644,-0.0504655,0.102474
0.1,0.389831,0.118644,-0.105714,0.0573967
0.1,0.40678,0.118644,-0.153344,0.0138217
0.1,0.423729,0.118644,-0.194517,-0.0272619
0.1,0.440678,0.118644,-0.229913,-0.0650436
0.1,0.457627,0.118644,-0.259535,-0.0990577
0.1,0.474576,0.118644,-0.282646,-0.128741
0.1,0.491525,0.118644,-0.297836,-0.153562
0.1,0.508475,0.118644,-0.303264,-0.173291
0.1,0.525424,0.118644,-0.297038,-0.187678
0.1,0.542373,0.118644,-0.277691,-0.19656
0.1,0.559322,0.118644,-0.244675,-0.200159
0.1,0.576271,0.118644,-0.198722,-0.198831
0.1,0.59322,0.118644,-0.141978,-0.192978
0.1,0.610169,0.118644,-0.0778231,-0.182957
0.1,0.627119,0.118644,-0.0104019,-0.169175
0.1,0.644068,0.118644,0.0560113,-0.15218
0.1,0.661017,0.118644,0.117647,-0.132641
0.1,0.677966,0.118644,0.171703,-0.111415
0.1,0.694915,0.118644,0.216544,-0.089473
0.1,0.711864,0.118644,0.251614,-0.0675064
0.1,0.728814,0.118644,0.277148,-0.0460983
0.1,0.745763,0.118644,0.293775,-0.0259114
0.1,0.762712,0.118644,0.302125,-0.00741937
0.1,0.779661,0.118644,0.30251,0.00902285
0.1,0.79661,0.118644,0.294725,0.0230059
0.1,0.813559,0.118644,0.277977,0.0342763
0.1,0.830508,0.118644,0.25095,0.0427451
0.1,0.847458,0.118644,0.211972,0.0482796
0.1,0.864407,0.118644,0.159309,0.0508284
0.1,0.881356,0.118644,0.0915323,0.0505268
0.1,0.898305,0.118644,0.00796021,0.0475825
0.1,0.915254,0.118644,-0.0908924,0.0423821
0.1,0.932203,0.118644,-0.202949,0.0356863
0.1,0.949153,0.118644,-0.324397,0.0286547
0.1,0.966102,0.118644,-0.449827,0.022415
0.1,0.983051,0.118644,-0.57272,0.017742
0.1,1,0.118644,-0.686248,0.015959
0.1,0,0.135593,0.432674,0.374854
0.1,0.0169492,0.135593,0.496902,0.376331
0.1,0.0338983,0.135593,0.562621,0.380719
0.1,0.0508475,0.135593,0.629968,0.387992
0.1,0.0677966,0.135593,0.698457,0.397703
0.1,0.0847458,0.135593,0.766637,0.409075
0.1,0.101695,0.135593,0.831867,0.421028
0.1,0.118644,0.135593,0.890292,0.43233
0.1,0.135593,0.135593,0.937128,0.441871
0.1,0.152542,0.135593,0.967262,0.448489
0.1,0.169492,0.135593,0.976118,0.451003
0.1,0.186441,0.135593,0.960599,0.448791
0.1,0.20339,0.135593,0.919859,0.4416
0.1,0.220339,0.135593,0.855661,0.429152
0.1,0.237288,0.135593,0.772191,0.411433
0.1,0.254237,0.135593,0.675355,0.38876
0.1,0.271186,0.135593,0.571775,0.361454
0.1,0.288136,0.135593,0.46775,0.329859
0.1,0.305085,0.135593,0.368432,0.294461
0.1,0.322034,0.135593,0.277361,0.255755
0.1,0.338983,0.135593,0.19637,0.21437
0.1,0.355932,0.135593,0.125786,0.171349
0.1,0.372881,0.135593,0.0648096,0.127783
0.1,0.389831,0.135593,0.0119818,0.0845838
0.1,0.40678,0.135593,-0.0343571,0.04266
0.1,0.423729,0.135593,-0.0756558,0.00291001
0.1,0.440678,0.135593,-0.11282,-0.0339564
0.1,0.457627,0.135593,-0.145988,-0.0673537
0.1,0.474576,0.135593,-0.174424,-0.0967143
0.1,0.491525,0.135593,-0.19657,-0.121569
0.1,0.508475,0.135593,-0.21026,-0.141594
0.1,0.525424,0.135593,-0.213105,-0.156513
0.1,0.542373,0.135593,-0.20301,-0.166192
0.1,0.559322,0.135593,-0.178739,-0.17076
0.1,0.576271,0.135593,-0.14038,-0.170521
0.1,0.59322,0.135593,-0.0895767,-0.165878
0.1,0.610169,0.135593,-0.0294109,-0.157125
0.1,0.627119,0.135593,0.0360564,-0.144573
0.1,0.644068,0.135593,0.102469,-0.128698
0.1,0.661017,0.135593,0.165889,-0.110131
0.1,0.677966,0.135593,0.223341,-0.089694
0.1,0.694915,0.135593,0.273062,-0.0683147
0.1,0.711864,0.135593,0.314429,-0.0466881
0.1,0.728814,0.135593,0.347658,-0.0253477
0.1,0.745763,0.135593,0.373373,-0.0048918
0.1,0.762712,0.135593,0.392181,0.0141824
0.1,0.779661,0.135593,0.404325,0.0315136
0.1,0.79661,0.135593,0.40947,0.0467123
0.1,0.813559,0.135593,0.406611,0.0594657
0.1,0.830508,0.135593,0.394113,0.0696376
0.1,0.847458,0.135593,0.369855,0.0770736
0.1,0.864407,0.135593,0.331485,0.0816551
0.1,0.881356,0.135593,0.27677,0.083499
0.1,0.898305,0.135593,0.204055,0.0827976
0.1,0.915254,0.135593,0.11278,0.0798547
0.1,0.932203,0.135593,0.00398446,0.0753729
0.1,0.949153,0.135593,-0.119337,0.0702604
0.1,0.966102,0.135593,-0.252183,0.06534
0.1,0.983051,0.135593,-0.387902,0.0615403
0.1,1,0.135593,-0.518978,0.0601084
0.1,0,0.152542,0.414925,0.35689
0.1,0.0169492,0.152542,0.473179,0.358144
0.1,0.0338983,0.152542,0.533587,0.362352
0.1,0.0508475,0.152542,0.597056,0.369646
0.1,0.0677966,0.152542,0.663833,0.379656
0.1,0.0847458,0.152542,0.733084,0.391623
0.1,0.101695,0.152542,0.802573,0.404492
0.1,0.118644,0.152542,0.868556,0.417034
0.1,0.135593,0.152542,0.926001,0.428168
0.1,0.152542,0.152542,0.969188,0.436731
0.1,0.169492,0.152542,0.992649,0.441411
0.1,0.186441,0.152542,0.992259,0.44161
0.1,0.20339,0.152542,0.966202,0.437104
0.1,0.220339,0.152542,0.915498,0.427451
0.1,0.237288,0.152542,0.843916,0.412584
0.1,0.254237,0.152542,0.757275,0.392878
0.1,0.271186,0.152542,0.662352,0.368562
0.1,0.288136,0.152542,0.565725,0.339928
0.1,0.305085,0.152542,0.472821,0.307494
0.1,0.322034,0.152542,0.387374,0.271663
0.1,0.338983,0.152542,0.311285,0.232967
0.1,0.355932,0.152542,0.244828,0.192526
0.1,0.372881,0.152542,0.187051,0.151307
0.1,0.389831,0.152542,0.136281,0.110136
0.1,0.40678,0.152542,0.0906097,0.0699561
0.1,0.423729,0.152542,0.0483442,0.0315902
0.1,0.440678,0.152542,0.00835931,-0.00430847
0.1,0.457627,0.152542,-0.029645,-0.0370761
0.1,0.474576,0.152542,-0.0650083,-0.0661572
0.1,0.491525,0.152542,-0.0961125,-0.0911116
0.1,0.508475,0.152542,-0.120549,-0.111541
0.1,0.525424,0.152542,-0.135469,-0.127124
0.1,0.542373,0.152542,-0.138096,-0.137701
0.1,0.559322,0.152542,-0.126343,-0.143324
0.1,0.576271,0.152542,-0.0993853,-0.144256
0.1,0.59322,0.152542,-0.0580276,-0.140921
0.1,0.610169,0.152542,-0.00471548,-0.133501
0.1,0.627119,0.152542,0.0568446,-0.122222
0.1,0.644068,0.152542,0.122366,-0.107502
0.1,0.661017,0.152542,0.187755,-0.0899207
0.1,0.677966,0.152542,0.24975,-0.0702498
0.1,0.694915,0.152542,0.30626,-0.0494288
0.1,0.711864,0.152542,0.356368,-0.0280961
0.1,0.728814,0.152542,0.400048,-0.00669674
0.1,0.745763,0.152542,0.437757,0.0141417
0.1,0.762712,0.152542,0.469993,0.0339072
0.1,0.779661,0.152542,0.496941,0.0522893
0.1,0.79661,0.152542,0.518239,0.0688652
0.1,0.813559,0.152542,0.532865,0.0832751
0.1,0.830508,0.152542,0.539128,0.0954102
0.1,0.847458,0.152542,0.534747,0.105042
0.1,0.864407,0.152542,0.517004,0.111967
0.1,0.881356,0.152542,0.483013,0.116341
0.1,0.898305,0.152542,0.430107,0.118278
0.1,0.915254,0.152542,0.356369,0.117952
0.1,0.932203,0.152542,0.261252,0.116024
0.1,0.949153,0.152542,0.146157,0.113138
0.1,0.966102,0.152542,0.0147877,0.10983
0.1,0.983051,0.152542,-0.126925,0.107058
0.1,1,0.152542,-0.271412,0.105953
0.1,0,0.169492,0.378391,0.331798
0.1,0.0169492,0.169492,0.428806,0.333057
0.1,0.0338983,0.169492,0.482004,0.337413
0.1,0.0508475,0.169492,0.539721,0.345023
0.1,0.0677966,0.169492,0.603014,0.355573
0.1,0.0847458,0.169492,0.671774,0.36833
0.1,0.101695,0.169492,0.744314,0.382255
0.1,0.118644,0.169492,0.817168,0.39615
0.1,0.135593,0.169492,0.885223,0.40895
0.1,0.152542,0.169492,0.94228,0.419462
0.1,0.169492,0.169492,0.982023,0.426419
0.1,0.186441,0.169492,0.999244,0.429286
0.1,0.20339,0.169492,0.990985,0.427653
0.1,0.220339,0.169492,0.957278,0.420983
0.1,0.237288,0.169492,0.901193,0.409268
0.1,0.254237,0.169492,0.828196,0.39275
0.1,0.271186,0.169492,0.745018,0.371576
0.1,0.288136,0.169492,0.65838,0.346072
0.1,0.305085,0.169492,0.573936,0.316689
0.1,0.322034,0.169492,0.49562,0.283773
0.1,0.338983,0.169492,0.425462,0.247997
0.1,0.355932,0.169492,0.363769,0.210309
0.1,0.372881,0.169492,0.309541,0.171544
0.1,0.389831,0.169492,0.26099,0.132516
0.1,0.40678,0.169492,0.216057,0.0941339
0.1,0.423729,0.169492,0.172872,0.0571821
0.1,0.440678,0.169492,0.13012,0.0223255
0.1,0.457627,0.169492,0.0873113,-0.00976609
0.1,0.474576,0.169492,0.0449388,-0.0385569
0.1,0.491525,0.169492,0.00452648,-0.063632
0.1,0.508475,0.169492,-0.0314653,-0.0845239
0.1,0.525424,0.169492,-0.0599073,-0.100835
0.1,0.542373,0.169492,-0.0774592,-0.112361
0.1,0.559322,0.169492,-0.0811842,-0.119099
0.1,0.576271,0.169492,-0.0692062,-0.121268
0.1,0.59322,0.169492,-0.0412286,-0.119214
0.1,0.610169,0.169492,0.00127007,-0.113062
0.1,0.627119,0.169492,0.0552635,-0.103014
0.1,0.644068,0.169492,0.116781,-0.0894475
0.1,0.661017,0.169492,0.181695,-0.0728859
0.1,0.677966,0.169492,0.246447,-0.0540424
0.1,0.694915,0.169492,0.308503,-0.0337621
0.1,0.711864,0.169492,0.366466,-0.0125696
0.1,0.728814,0.169492,0.419886,0.00900504
0.1,0.745763,0.169492,0.468897,0.0303032
0.1,0.762712,0.169492,0.513808,0.050877
0.1,0.779661,0.169492,0.55477,0.0703862
0.1,0.79661,0.169492,0.591533,0.0883993
0.1,0.813559,0.169492,0.623323,0.104634
0.1,0.830508,0.169492,0.648773,0.118891
0.1,0.847458,0.169492,0.665904,0.130852
0.1,0.864407,0.169492,0.672141,0.140352
0.1,0.881356,0.169492,0.664402,0.147466
0.1,0.898305,0.169492,0.639333,0.152216
0.1,0.915254,0.169492,0.593737,0.154752
0.1,0.932203,0.169492,0.525223,0.15558
0.1,0.949153,0.169492,0.432981,0.155136
0.1,0.966102,0.169492,0.318469,0.153838
0.1,0.983051,0.169492,0.185775,0.152492
0.1,1,0.169492,0.0414159,0.152029
0.1,0,0.186441,0.324154,0.299901
0.1,0.0169492,0.186441,0.365192,0.301316
0.1,0.0338983,0.186441,0.409595,0.306043
0.1,0.0508475,0.186441,0.459938,0.314216
0.1,0.0677966,0.186441,0.51811,0.325534
0.1,0.0847458,0.186441,0.584779,0.339274
0.1,0.101695,0.186441,0.658903,0.354406
0.1,0.118644,0.186441,0.737435,0.369758
0.1,0.135593,0.186441,0.815352,0.384243
0.1,0.152542,0.186441,0.886136,0.39673
0.1,0.169492,0.186441,0.942735,0.406126
0.1,0.186441,0.186441,0.97887,0.411764
0.1,0.20339,0.186441,0.990358,0.413094
0.1,0.220339,0.186441,0.976058,0.409599
0.1,0.237288,0.186441,0.93811,0.40115
0.1,0.254237,0.186441,0.881396,0.387896
0.1,0.271186,0.186441,0.812396,0.369968
0.1,0.288136,0.186441,0.737845,0.347605
0.1,0.305085,0.186441,0.663552,0.321255
0.1,0.322034,0.186441,0.593654,0.291374
0.1,0.338983,0.186441,0.530352,0.258576
0.1,0.355932,0.186441,0.474071,0.223667
0.1,0.372881,0.186441,0.423867,0.187405
0.1,0.389831,0.186441,0.377964,0.150517
0.1,0.40678,0.186441,0.334276,0.113914
0.1,0.423729,0.186441,0.290869,0.0783996
0.1,0.440678,0.186441,0.246317,0.0446128
0.1,0.457627,0.186441,0.19995,0.0132359
0.1,0.474576,0.186441,0.152022,-0.0152128
0.1,0.491525,0.186441,0.103794,-0.0404011
0.1,0.508475,0.186441,0.0575252,-0.0617555
0.1,0.525424,0.186441,0.0163224,-0.0787731
0.1,0.542373,0.186441,-0.0161978,-0.0912131
0.1,0.559322,0.186441,-0.0364571,-0.0990325
0.1,0.576271,0.186441,-0.0415972,-0.102379
0.1,0.59322,0.186441,-0.0301306,-0.10149
0.1,0.610169,0.186441,-0.00234206,-0.0964964
0.1,0.627119,0.186441,0.0397227,-0.0875907
0.1,0.644068,0.186441,0.0927038,-0.0751187
0.1,0.661017,0.186441,0.152662,-0.0595585
0.1,0.677966,0.186441,0.215852,-0.0415232
0.1,0.694915,0.186441,0.279294,-0.0216588
0.1,0.711864,0.186441,0.341029,-0.000508006
0.1,0.728814,0.186441,0.40005,0.0213052
0.1,0.745763,0.186441,0.456042,0.0431396
0.1,0.762712,0.186441,0.509049,0.0645313
0.1,0.779661,0.186441,0.559181,0.0851558
0.1,0.79661,0.186441,0.606416,0.104661
0.1,0.813559,0.186441,0.650461,0.122744
0.1,0.830508,0.186441,0.690649,0.139138
0.1,0.847458,0.186441,0.725817,0.153513
0.1,0.864407,0.186441,0.754156,0.165617
0.1,0.881356,0.186441,0.77308,0.1755
0.1,0.898305,0.186441,0.779219,0.183165
0.1,0.915254,0.186441,0.768635,0.188612
0.1,0.932203,0.186441,0.737364,0.19225
0.1,0.949153,0.186441,0.682254,0.194423
0.1,0.966102,0.186441,0.601942,0.195361
0.1,0.983051,0.186441,0.497676,0.195702
0.1,1,0.186441,0.373655,0.196004
0.1,0,0.20339,0.253978,0.262009
0.1,0.0169492,0.20339,0.284593,0.263571
0.1,0.0338983,0.20339,0.319115,0.268782
0.1,0.0508475,0.20339,0.360916,0.277699
0.1,0.0677966,0.20339,0.412683,0.289987
0.1,0.0847458,0.20339,0.475847,0.3049
0.1,0.101695,0.20339,0.550049,0.321404
0.1,0.118644,0.20339,0.632762,0.338307
0.1,0.135593,0.20339,0.719203,0.35456
0.1,0.152542,0.20339,0.80271,0.369134
0.1,0.169492,0.20339,0.875651,0.380999
0.1,0.186441,0.20339,0.930764,0.389405
0.1,0.20339,0.20339,0.962631,0.393739
0.1,0.220339,0.20339,0.96884,0.393397
0.1,0.237288,0.20339,0.950439,0.388158
0.1,0.254237,0.20339,0.911531,0.378165
0.1,0.271186,0.20339,0.858179,0.363443
0.1,0.288136,0.20339,0.796999,0.344155
0.1,0.305085,0.20339,0.733882,0.320848
0.1,0.322034,0.20339,0.673143,0.293969
0.1,0.338983,0.20339,0.617184,0.264042
0.1,0.355932,0.20339,0.566614,0.231827
0.1,0.372881,0.20339,0.520655,0.197972
0.1,0.389831,0.20339,0.477674,0.163103
0.1,0.40678,0.20339,0.435715,0.12822
0.1,0.423729,0.20339,0.392936,0.0941079
0.1,0.440678,0.20339,0.347927,0.0613495
0.1,0.457627,0.20339,0.299918,0.0307073
0.1,0.474576,0.20339,0.248915,0.00265662
0.1,0.491525,0.20339,0.195795,-0.0226011
0.1,0.508475,0.20339,0.142379,-0.0442981
0.1,0.525424,0.20339,0.0914183,-0.0618724
0.1,0.542373,0.20339,0.0464145,-0.075072
0.1,0.559322,0.20339,0.0112141,-0.083806
0.1,0.576271,0.20339,-0.0106257,-0.0881448
0.1,0.59322,0.20339,-0.0165602,-0.0882684
0.1,0.610169,0.20339,-0.00564798,-0.0842857
0.1,0.627119,0.20339,0.021216,-0.0763627
0.1,0.644068,0.20339,0.0615286,-0.0648255
0.1,0.661017,0.20339,0.111787,-0.0501031
0.1,0.677966,0.20339,0.168253,-0.0327071
0.1,0.694915,0.20339,0.227612,-0.0131491
0.1,0.711864,0.20339,0.287362,0.0079998
0.1,0.728814,0.20339,0.345901,0.0300604
0.1,0.745763,0.20339,0.402394,0.0523913
0.1,0.762712,0.20339,0.456551,0.074538
0.1,0.779661,0.20339,0.508414,0.0962503
0.1,0.79661,0.20339,0.558219,0.117183
0.1,0.813559,0.20339,0.606279,0.137001
0.1,0.830508,0.20339,0.652859,0.155442
0.1,0.847458,0.20339,0.697973,0.172112
0.1,0.864407,0.20339,0.741091,0.186669
0.1,0.881356,0.20339,0.78079,0.199259
0.1,0.898305,0.20339,0.81448,0.209769
0.1,0.915254,0.20339,0.838332,0.217996
0.1,0.932203,0.20339,0.847581,0.224406
0.1,0.949153,0.20339,0.837261,0.229178
0.1,0.966102,0.20339,0.803295,0.232264
0.1,0.983051,0.20339,0.743688,0.234237
0.1,1,0.20339,0.65943,0.23522
0.1,0,0.220339,0.170238,0.218832
0.1,0.0169492,0.220339,0.19001,0.220614
0.1,0.0338983,0.220339,0.214205,0.226463
0.1,0.0508475,0.220339,0.246911,0.236286
0.1,0.0677966,0.220339,0.291522,0.249686
0.1,0.0847458,0.220339,0.350161,0.265893
0.1,0.101695,0.220339,0.423129,0.283859
0.1,0.118644,0.220339,0.508462,0.302403
0.1,0.135593,0.220339,0.601739,0.320529
0.1,0.152542,0.220339,0.696325,0.337238
0.1,0.169492,0.220339,0.784182,0.351528
0.1,0.186441,0.220339,0.857204,0.362626
0.1,0.20339,0.220339,0.908805,0.369832
0.1,0.220339,0.220339,0.935283,0.372462
0.1,0.237288,0.220339,0.936502,0.370334
0.1,0.254237,0.220339,0.915663,0.363454
0.1,0.271186,0.220339,0.878276,0.35175
0.1,0.288136,0.220339,0.830725,0.335505
0.1,0.305085,0.220339,0.778906,0.315167
0.1,0.322034,0.220339,0.727278,0.291109
0.1,0.338983,0.220339,0.678452,0.263858
0.1,0.355932,0.220339,0.633271,0.234095
0.1,0.372881,0.220339,0.591212,0.202384
0.1,0.389831,0.220339,0.550918,0.169408
0.1,0.40678,0.220339,0.510719,0.136125
0.1,0.423729,0.220339,0.46904,0.103281
0.1,0.440678,0.220339,0.424657,0.0714994
0.1,0.457627,0.220339,0.376831,0.0415454
0.1,0.474576,0.220339,0.325382,0.0138716
0.1,0.491525,0.220339,0.27078,-0.0112441
0.1,0.508475,0.220339,0.214266,-0.0330097
0.1,0.525424,0.220339,0.157967,-0.0508722
0.1,0.542373,0.220339,0.104906,-0.0645766
0.1,0.559322,0.220339,0.058776,-0.0739731
0.1,0.576271,0.220339,0.0234264,-0.0790581
0.1,0.59322,0.220339,0.00213832,-0.0799648
0.1,0.610169,0.220339,-0.00310113,-0.0767656
0.1,0.627119,0.220339,0.00793736,-0.0695915
0.1,0.644068,0.220339,0.0337087,-0.0587175
0.1,0.661017,0.220339,0.071323,-0.0445287
0.1,0.677966,0.220339,0.117241,-0.0275117
0.1,0.694915,0.220339,0.167977,-0.00814674
0.1,0.711864,0.220339,0.2206,0.0129454
0.1,0.728814,0.220339,0.272965,0.0351373
0.1,0.745763,0.220339,0.323726,0.0578343
0.1,0.762712,0.220339,0.372236,0.0806998
0.1,0.779661,0.220339,0.418439,0.103419
0.1,0.79661,0.220339,0.462794,0.125601
0.1,0.813559,0.220339,0.506209,0.146939
0.1,0.830508,0.220339,0.549902,0.167132
0.1,0.847458,0.220339,0.595158,0.185739
0.1,0.864407,0.220339,0.642927,0.202572
0.1,0.881356,0.220339,0.693326,0.217646
0.1,0.898305,0.220339,0.745133,0.23069
0.1,0.915254,0.220339,0.795438,0.241568
0.1,0.932203,0.220339,0.839634,0.250566
0.1,0.949153,0.220339,0.871898,0.257648
0.1,0.966102,0.220339,0.886201,0.262692
0.1,0.983051,0.220339,0.877668,0.266015
0.1,1,0.220339,0.843922,0.267386
0.1,0,0.237288,0.07583,0.171586
0.1,0.0169492,0.237288,0.0850387,0.173682
0.1,0.0338983,0.237288,0.0991841,0.180276
0.1,0.0508475,0.237288,0.122952,0.191081
0.1,0.0677966,0.237288,0.160304,0.205652
0.1,0.0847458,0.237288,0.213934,0.223201
0.1,0.101695,0.237288,0.284729,0.242675
0.1,0.118644,0.237288,0.371285,0.262928
0.1,0.135593,0.237288,0.469621,0.282954
0.1,0.152542,0.237288,0.573273,0.301778
0.1,0.169492,0.237288,0.673978,0.318422
0.1,0.186441,0.237288,0.762954,0.33205
0.1,0.20339,0.237288,0.832564,0.341908
0.1,0.220339,0.237288,0.877867,0.347351
0.1,0.237288,0.237288,0.897531,0.348088
0.1,0.254237,0.237288,0.893792,0.344039
0.1,0.271186,0.237288,0.871525,0.335202
0.1,0.288136,0.237288,0.836803,0.321802
0.1,0.305085,0.237288,0.795461,0.304185
0.1,0.322034,0.237288,0.75206,0.282691
0.1,0.338983,0.237288,0.70941,0.257774
0.1,0.355932,0.237288,0.668619,0.230108
0.1,0.372881,0.237288,0.629483,0.200301
0.1,0.389831,0.237288,0.591027,0.168988
0.1,0.40678,0.237288,0.552003,0.137096
0.1,0.423729,0.237288,0.511256,0.105397
0.1,0.440678,0.237288,0.467906,0.0744877
0.1,0.457627,0.237288,0.421385,0.0451445
0.1,0.474576,0.237288,0.371445,0.0179086
0.1,0.491525,0.237288,0.318203,-0.00685083
0.1,0.508475,0.237288,0.262299,-0.0284181
0.1,0.525424,0.237288,0.205124,-0.0462639
0.1,0.542373,0.237288,0.14899,-0.060179
0.1,0.559322,0.237288,0.0971112,-0.0699357
0.1,0.576271,0.237288,0.0532419,-0.0754426
0.1,0.59322,0.237288,0.0210152,-0.0768114
0.1,0.610169,0.237288,0.00314236,-0.0740954
0.1,0.627119,0.237288,0.000766201,-0.0673606
0.1,0.644068,0.237288,0.0132148,-0.056791
0.1,0.661017,0.237288,0.0382375,-0.0427781
0.1,0.677966,0.237288,0.0725979,-0.0258704
0.1,0.694915,0.237288,0.112776,-0.00662927
0.1,0.711864,0.237288,0.155553,0.0143625
0.1,0.728814,0.237288,0.198362,0.0365853
0.1,0.745763,0.237288,0.23943,0.0596058
0.1,0.762712,0.237288,0.2778,0.0831101
0.1,0.779661,0.237288,0.313324,0.106679
0.1,0.79661,0.237288,0.346649,0.129893
0.1,0.813559,0.237288,0.379185,0.152425
0.1,0.830508,0.237288,0.412975,0.173978
0.1,0.847458,0.237288,0.450421,0.194236
0.1,0.864407,0.237288,0.493837,0.213028
0.1,0.881356,0.237288,0.544865,0.23021
0.1,0.898305,0.237288,0.60384,0.245513
0.1,0.915254,0.237288,0.669219,0.25877
0.1,0.932203,0.237288,0.737292,0.270027
0.1,0.949153,0.237288,0.802336,0.279131
0.1,0.966102,0.237288,0.857382,0.285868
0.1,0.983051,0.237288,0.895536,0.290226
0.1,1,0.237288,0.911566,0.291848
0.1,0,0.254237,-0.0259399,0.122
0.1,0.0169492,0.254237,-0.0263026,0.124429
0.1,0.0338983,0.254237,-0.0212008,0.131728
0.1,0.0508475,0.254237,-0.00550056,0.143458
0.1,0.0677966,0.254237,0.0251623,0.159169
0.1,0.0847458,0.254237,0.0738948,0.178036
0.1,0.101695,0.254237,0.142053,0.199006
0.1,0.118644,0.254237,0.228752,0.22093
0.1,0.135593,0.254237,0.330489,0.242824
0.1,0.152542,0.254237,0.441088,0.26372
0.1,0.169492,0.254237,0.55222,0.282598
0.1,0.186441,0.254237,0.654606,0.298574
0.1,0.20339,0.254237,0.739706,0.310891
0.1,0.220339,0.254237,0.801446,0.318874
0.1,0.237288,0.254237,0.837349,0.322153
0.1,0.254237,0.254237,0.848697,0.320653
0.1,0.271186,0.254237,0.839708,0.31436
0.1,0.288136,0.254237,0.816104,0.303426
0.1,0.305085,0.254237,0.783617,0.28815
0.1,0.322034,0.254237,0.746875,0.2688
0.1,0.338983,0.254237,0.708871,0.245771
0.1,0.355932,0.254237,0.670984,0.219853
0.1,0.372881,0.254237,0.633369,0.191632
0.1,0.389831,0.254237,0.595494,0.161652
0.1,0.40678,0.254237,0.556616,0.130945
0.1,0.423729,0.254237,0.516098,0.100252
0.1,0.440678,0.254237,0.473497,0.0700798
0.1,0.457627,0.254237,0.428523,0.0413442
0.1,0.474576,0.254237,0.380955,0.0146557
0.1,0.491525,0.254237,0.330658,-0.00964913
0.1,0.508475,0.254237,0.277753,-0.0308145
0.1,0.525424,0.254237,0.222927,-0.0483608
0.1,0.542373,0.254237,0.167752,-0.0621934
0.1,0.559322,0.254237,0.114827,-0.0719476
0.1,0.576271,0.254237,0.0675846,-0.0774654
0.1,0.59322,0.254237,0.0297001,-0.0789027
0.1,0.610169,0.254237,0.00427133,-0.0762661
0.1,0.627119,0.254237,-0.00696037,-0.0695603
0.1,0.644068,0.254237,-0.00403775,-0.0588978
0.1,0.661017,0.254237,0.0112814,-0.0447377
0.1,0.677966,0.254237,0.036018,-0.0277314
0.1,0.694915,0.254237,0.0666594,-0.00848349
0.1,0.711864,0.254237,0.0997961,0.0124828
0.1,0.728814,0.254237,0.132567,0.0347756
0.1,0.745763,0.254237,0.162907,0.0580958
0.1,0.762712,0.254237,0.189662,0.082129
0.1,0.779661,0.254237,0.212659,0.106346
0.1,0.79661,0.254237,0.232745,0.130323
0.1,0.813559,0.254237,0.251763,0.153736
0.1,0.830508,0.254237,0.272418,0.176352
0.1,0.847458,0.254237,0.297983,0.197929
0.1,0.864407,0.254237,0.331836,0.218286
0.1,0.881356,0.254237,0.376867,0.237202
0.1,0.898305,0.254237,0.434789,0.254402
0.1,0.915254,0.254237,0.505462,0.269639
0.1,0.932203,0.254237,0.586373,0.282828
0.1,0.949153,0.254237,0.672493,0.293684
0.1,0.966102,0.254237,0.756722,0.301816
0.1,0.983051,0.254237,0.831035,0.307046
0.1,1,0.254237,0.888119,0.308962
0.1,0,0.271186,-0.131482,0.0719892
0.1,0.0169492,0.271186,-0.139771,0.0746582
0.1,0.0338983,0.271186,-0.14205,0.0825012
0.1,0.0508475,0.271186,-0.132905,0.0950116
0.1,0.0677966,0.271186,-0.107756,0.111707
0.1,0.0847458,0.271186,-0.0632579,0.131726
0.1,0.101695,0.271186,0.00228043,0.154031
0.1,0.118644,0.271186,0.0884233,0.177518
0.1,0.135593,0.271186,0.192152,0.201236
0.1,0.152542,0.271186,0.307659,0.224112
0.1,0.169492,0.271186,0.426686,0.245053
0.1,0.186441,0.271186,0.539616,0.263165
0.1,0.20339,0.271186,0.637176,0.277658
0.1,0.220339,0.271186,0.7123,0.287822
0.1,0.237288,0.271186,0.761479,0.293329
0.1,0.254237,0.271186,0.785116,0.294021
0.1,0.271186,0.271186,0.786813,0.289815
0.1,0.288136,0.271186,0.771952,0.280832
0.1,0.305085,0.271186,0.746153,0.267333
0.1,0.322034,0.271186,0.71409,0.249534
0.1,0.338983,0.271186,0.678921,0.227953
0.1,0.355932,0.271186,0.642292,0.203354
0.1,0.372881,0.271186,0.604721,0.176271
0.1,0.389831,0.271186,0.566133,0.147358
0.1,0.40678,0.271186,0.526312,0.117615
0.1,0.423729,0.271186,0.485143,0.0877105
0.1,0.440678,0.271186,0.442634,0.0582244
0.1,0.457627,0.271186,0.398786,0.0301122
0.1,0.474576,0.271186,0.353446,0.00399572
0.1,0.491525,0.271186,0.306307,-0.0197325
0.1,0.508475,0.271186,0.257097,-0.0403213
0.1,0.525424,0.271186,0.205957,-0.0573632
0.1,0.542373,0.271186,0.153862,-0.0707722
0.1,0.559322,0.271186,0.102895,-0.0801084
0.1,0.576271,0.271186,0.056154,-0.0852122
0.1,0.59322,0.271186,0.0172287,-0.0862226
0.1,0.610169,0.271186,-0.0106426,-0.0830993
0.1,0.627119,0.271186,-0.0254418,-0.075886
0.1,0.644068,0.271186,-0.026922,-0.0647275
0.1,0.661017,0.271186,-0.0166435,-0.0502046
0.1,0.677966,0.271186,0.00246639,-0.0329306
0.1,0.694915,0.271186,0.0268059,-0.0134948
0.1,0.711864,0.271186,0.0527832,0.00765847
0.1,0.728814,0.271186,0.0773301,0.0301798
0.1,0.745763,0.271186,0.0982212,0.0538452
0.1,0.762712,0.271186,0.114257,0.0782125
0.1,0.779661,0.271186,0.125374,0.10281
0.1,0.79661,0.271186,0.1327,0.127259
0.1,0.813559,0.271186,0.138522,0.151307
0.1,0.830508,0.271186,0.146114,0.174719
0.1,0.847458,0.271186,0.159418,0.197268
0.1,0.864407,0.271186,0.182586,0.218757
0.1,0.881356,0.271186,0.219403,0.23895
0.1,0.898305,0.271186,0.272625,0.257572
0.1,0.915254,0.271186,0.343266,0.274385
0.1,0.932203,0.271186,0.429933,0.28916
0.1,0.949153,0.271186,0.528429,0.301444
0.1,0.966102,0.271186,0.631899,0.310725
0.1,0.983051,0.271186,0.731734,0.316702
0.1,1,0.271186,0.819183,0.318865
0.1,0,0.288136,-0.23706,0.0231625
0.1,0.0169492,0.288136,-0.251097,0.0259606
0.1,0.0338983,0.288136,-0.258574,0.0342065
0.1,0.0508475,0.288136,-0.253976,0.0473216
0.1,0.0677966,0.288136,-0.232699,0.0647804
0.1,0.0847458,0.288136,-0.191337,0.0857156
0.1,0.101695,0.288136,-0.128,0.109121
0.1,0.118644,0.288136,-0.0427593,0.13406
0.1,0.135593,0.288136,0.061834,0.159492
0.1,0.152542,0.288136,0.180383,0.184173
0.1,0.169492,0.288136,0.304802,0.206953
0.1,0.186441,0.288136,0.425279,0.226895
0.1,0.20339,0.288136,0.531969,0.243186
0.1,0.220339,0.288136,0.616988,0.255188
0.1,0.237288,0.288136,0.675957,0.262533
0.1,0.254237,0.288136,0.70854,0.26495
0.1,0.271186,0.288136,0.717825,0.262291
0.1,0.288136,0.288136,0.708919,0.254626
0.1,0.305085,0.288136,0.687351,0.242242
0.1,0.322034,0.288136,0.657843,0.225469
0.1,0.338983,0.288136,0.623702,0.204825
0.1,0.355932,0.288136,0.58682,0.181035
0.1,0.372881,0.288136,0.548057,0.154724
0.1,0.389831,0.288136,0.507766,0.126588
0.1,0.40678,0.288136,0.466204,0.0975247
0.1,0.423729,0.288136,0.423709,0.0682419
0.1,0.440678,0.288136,0.38065,0.039382
0.1,0.457627,0.288136,0.337234,0.0118496
0.1,0.474576,0.288136,0.293337,-0.0136761
0.1,0.491525,0.288136,0.248512,-0.0367066
0.1,0.508475,0.288136,0.20222,-0.0565901
0.1,0.525424,0.288136,0.154278,-0.0729376
0.1,0.542373,0.288136,0.105351,-0.0855724
0.1,0.559322,0.288136,0.0572868,-0.0941274
0.1,0.576271,0.288136,0.0130668,-0.0984177
0.1,0.59322,0.288136,-0.0237305,-0.0984555
0.1,0.610169,0.288136,-0.0498299,-0.0942735
0.1,0.627119,0.288136,-0.0632081,-0.0860352
0.1,0.644068,0.288136,-0.0637096,-0.0740953
0.1,0.661017,0.288136,-0.0531026,-0.0589972
0.1,0.677966,0.288136,-0.0346079,-0.0412388
0.1,0.694915,0.288136,-0.0121457,-0.0213244
0.1,0.711864,0.288136,0.0104137,0.000298121
0.1,0.728814,0.288136,0.029819,0.0232455
0.1,0.745763,0.288136,0.0437965,0.0471926
0.1,0.762712,0.288136,0.0512602,0.0717298
0.1,0.779661,0.288136,0.0524297,0.096485
0.1,0.79661,0.288136,0.0488666,0.121196
0.1,0.813559,0.288136,0.0433936,0.145669
0.1,0.830508,0.288136,0.039868,0.169609
0.1,0.847458,0.288136,0.0428176,0.192759
0.1,0.864407,0.288136,0.0569774,0.214929
0.1,0.881356,0.288136,0.0867569,0.235896
0.1,0.898305,0.288136,0.135628,0.255455
0.1,0.915254,0.288136,0.205417,0.273421
0.1,0.932203,0.288136,0.295555,0.289387
0.1,0.949153,0.288136,0.402478,0.302757
0.1,0.966102,0.288136,0.519519,0.312931
0.1,0.983051,0.288136,0.637606,0.319497
0.1,1,0.288136,0.746843,0.321867
0.1,0,0.305085,-0.338937,-0.0231604
0.1,0.0169492,0.305085,-0.356176,-0.0202039
0.1,0.0338983,0.305085,-0.36633,-0.0116264
0.1,0.0508475,0.305085,-0.363967,0.00193125
0.1,0.0677966,0.305085,-0.34464,0.0200097
0.1,0.0847458,0.305085,-0.305044,0.0416761
0.1,0.101695,0.305085,-0.243223,0.0659731
0.1,0.118644,0.305085,-0.158966,0.0921825
0.1,0.135593,0.305085,-0.0543989,0.119113
0.1,0.152542,0.305085,0.0655046,0.145316
0.1,0.169492,0.305085,0.192893,0.169606
0.1,0.186441,0.305085,0.317867,0.191005
0.1,0.20339,0.305085,0.430171,0.208697
0.1,0.220339,0.305085,0.521296,0.222092
0.1,0.237288,0.305085,0.586203,0.23077
0.1,0.254237,0.305085,0.624014,0.234359
0.1,0.271186,0.305085,0.637469,0.232633
0.1,0.288136,0.305085,0.631503,0.225645
0.1,0.305085,0.305085,0.611612,0.213817
0.1,0.322034,0.305085,0.582575,0.197535
0.1,0.338983,0.305085,0.547834,0.177299
0.1,0.355932,0.305085,0.509491,0.153907
0.1,0.372881,0.305085,0.468706,0.128022
0.1,0.389831,0.305085,0.426187,0.100307
0.1,0.40678,0.305085,0.382558,0.0716795
0.1,0.423729,0.305085,0.338469,0.0428663
0.1,0.440678,0.305085,0.294482,0.014481
0.1,0.457627,0.305085,0.250848,-0.0125164
0.1,0.474576,0.305085,0.20736,-0.0374002
0.1,0.491525,0.305085,0.163413,-0.0596904
0.1,0.508475,0.305085,0.118317,-0.0787451
0.1,0.525424,0.305085,0.0718177,-0.0941665
0.1,0.542373,0.305085,0.0246429,-0.105795
0.1,0.559322,0.305085,-0.0211634,-0.113278
0.1,0.576271,0.305085,-0.0623501,-0.11639
0.1,0.59322,0.305085,-0.0951087,-0.115083
0.1,0.610169,0.305085,-0.11611,-0.109479
0.1,0.627119,0.305085,-0.123552,-0.0998929
0.1,0.644068,0.305085,-0.117781,-0.0868759
0.1,0.661017,0.305085,-0.101265,-0.0708948
0.1,0.677966,0.305085,-0.0779698,-0.0523141
0.1,0.694915,0.305085,-0.0524652,-0.0316121
0.1,0.711864,0.305085,-0.0290705,-0.00928544
0.1,0.728814,0.305085,-0.0112429,0.0141926
0.1,0.745763,0.305085,-0.00121256,0.0384432
0.1,0.762712,0.305085,0.00021058,0.0631087
0.1,0.779661,0.305085,-0.00627602,0.087916
0.1,0.79661,0.305085,-0.0184851,0.112742
0.1,0.813559,0.305085,-0.0328969,0.137445
0.1,0.830508,0.305085,-0.0449706,0.161621
0.1,0.847458,0.305085,-0.0495715,0.185009
0.1,0.864407,0.305085,-0.0414476,0.207449
0.1,0.881356,0.305085,-0.015726,0.228731
0.1,0.898305,0.305085,0.0315298,0.248747
0.1,0.915254,0.305085,0.102629,0.267393
0.1,0.932203,0.305085,0.197432,0.284086
0.1,0.949153,0.305085,0.312598,0.298136
0.1,0.966102,0.305085,0.441281,0.308854
0.1,0.983051,0.305085,0.573715,0.315842
0.1,1,0.305085,0.698833,0.318429
0.1,0,0.322034,-0.433513,-0.0653434
0.1,0.0169492,0.322034,-0.451238,-0.062242
0.1,0.0338983,0.322034,-0.461416,-0.0534139
0.1,0.0508475,0.322034,-0.458875,-0.0394871
0.1,0.0677966,0.322034,-0.439492,-0.0209011
0.1,0.0847458,0.322034,-0.400205,0.00132002
0.1,0.101695,0.322034,-0.339099,0.0263397
0.1,0.118644,0.322034,-0.255767,0.0535743
0.1,0.135593,0.322034,-0.151965,0.0815802
0.1,0.152542,0.322034,-0.032272,0.108885
0.1,0.169492,0.322034,0.0957141,0.134271
0.1,0.186441,0.322034,0.222087,0.156697
0.1,0.20339,0.322034,0.336332,0.17534
0.1,0.220339,0.322034,0.429528,0.189616
0.1,0.237288,0.322034,0.496236,0.199002
0.1,0.254237,0.322034,0.535293,0.203096
0.1,0.271186,0.322034,0.549299,0.201623
0.1,0.288136,0.322034,0.543165,0.194749
0.1,0.305085,0.322034,0.52242,0.182939
0.1,0.322034,0.322034,0.49191,0.166608
0.1,0.338983,0.322034,0.455183,0.146367
0.1,0.355932,0.322034,0.414509,0.123016
0.1,0.372881,0.322034,0.371272,0.0971946
0.1,0.389831,0.322034,0.326441,0.0696062
0.1,0.40678,0.322034,0.280865,0.041171
0.1,0.423729,0.322034,0.23532,0.0126096
0.1,0.440678,0.322034,0.190346,-0.0154008
0.1,0.457627,0.322034,0.146035,-0.0418835
0.1,0.474576,0.322034,0.101947,-0.0661287
0.1,0.491525,0.322034,0.0572786,-0.0876256
0.1,0.508475,0.322034,0.0113027,-0.105732
0.1,0.525424,0.322034,-0.0360229,-0.120078
0.1,0.542373,0.322034,-0.0834745,-0.130501
0.1,0.559322,0.322034,-0.128293,-0.136643
0.1,0.576271,0.322034,-0.166466,-0.138312
0.1,0.59322,0.322034,-0.19363,-0.135467
0.1,0.610169,0.322034,-0.206344,-0.128302
0.1,0.627119,0.322034,-0.203266,-0.117219
0.1,0.644068,0.322034,-0.185724,-0.102871
0.1,0.661017,0.322034,-0.157453,-0.0855705
0.1,0.677966,0.322034,-0.123693,-0.0657537
0.1,0.694915,0.322034,-0.0900323,-0.0439503
0.1,0.711864,0.322034,-0.0614273,-0.0207545
0.1,0.728814,0.322034,-0.0415591,0.00335227
0.1,0.745763,0.322034,-0.0325128,0.0279884
0.1,0.762712,0.322034,-0.0346486,0.0528327
0.1,0.779661,0.322034,-0.0465858,0.077703
0.1,0.79661,0.322034,-0.0653029,0.102595
0.1,0.813559,0.322034,-0.0863954,0.127289
0.1,0.830508,0.322034,-0.104493,0.151397
0.1,0.847458,0.322034,-0.113771,0.174703
0.1,0.864407,0.322034,-0.108453,0.197044
0.1,0.881356,0.322034,-0.0832934,0.218244
0.1,0.898305,0.322034,-0.0340957,0.238279
0.1,0.915254,0.322034,0.0415985,0.257011
0.1,0.932203,0.322034,0.143619,0.27381
0.1,0.949153,0.322034,0.26829,0.28797
0.1,0.966102,0.322034,0.408026,0.298821
0.1,0.983051,0.322034,0.551929,0.305957
0.1,1,0.322034,0.687593,0.308579
0.1,0,0.338983,-0.517468,-0.10207
0.1,0.0169492,0.338983,-0.532988,-0.0989167
0.1,0.0338983,0.338983,-0.540608,-0.089869
0.1,0.0508475,0.338983,-0.535576,-0.075597
0.1,0.0677966,0.338983,-0.514234,-0.0566786
0.1,0.0847458,0.338983,-0.473871,-0.0340262
0.1,0.101695,0.338983,-0.412706,-0.00842792
0.1,0.118644,0.338983,-0.330219,0.0193583
0.1,0.135593,0.338983,-0.22787,0.0479789
0.1,0.152542,0.338983,-0.109908,0.0759471
0.1,0.169492,0.338983,0.0162994,0.10197
0.1,0.186441,0.338983,0.140889,0.124971
0.1,0.20339,0.338983,0.253232,0.144095
0.1,0.220339,0.338983,0.344245,0.158647
0.1,0.237288,0.338983,0.408391,0.168065
0.1,0.254237,0.338983,0.444535,0.171988
0.1,0.271186,0.338983,0.455391,0.170219
0.1,0.288136,0.338983,0.446001,0.162921
0.1,0.305085,0.338983,0.421992,0.150595
0.1,0.322034,0.338983,0.388267,0.133801
0.1,0.338983,0.338983,0.348431,0.113213
0.1,0.355932,0.338983,0.30485,0.089568
0.1,0.372881,0.338983,0.259049,0.0635284
0.1,0.389831,0.338983,0.21214,0.0358214
0.1,0.40678,0.338983,0.165045,0.00732733
0.1,0.423729,0.338983,0.118468,-0.0211574
0.1,0.440678,0.338983,0.0727047,-0.0488352
0.1,0.457627,0.338983,0.0274801,-0.0748509
0.1,0.474576,0.338983,-0.0180204,-0.0984983
0.1,0.491525,0.338983,-0.0648196,-0.119147
0.1,0.508475,0.338983,-0.113547,-0.136252
0.1,0.525424,0.338983,-0.163712,-0.149465
0.1,0.542373,0.338983,-0.213118,-0.158507
0.1,0.559322,0.338983,-0.25773,-0.163123
0.1,0.576271,0.338983,-0.29227,-0.163207
0.1,0.59322,0.338983,-0.311513,-0.158789
0.1,0.610169,0.338983,-0.311924,-0.150081
0.1,0.627119,0.338983,-0.292975,-0.137478
0.1,0.644068,0.338983,-0.257551,-0.121457
0.1,0.661017,0.338983,-0.211309,-0.102436
0.1,0.677966,0.338983,-0.161294,-0.0810366
0.1,0.694915,0.338983,-0.11445,-0.0579423
0.1,0.711864,0.338983,-0.0764807,-0.0337676
0.1,0.728814,0.338983,-0.0512333,-0.00893866
0.1,0.745763,0.338983,-0.0404904,0.0161856
0.1,0.762712,0.338983,-0.0439643,0.0413134
0.1,0.779661,0.338983,-0.0593878,0.0663244
0.1,0.79661,0.338983,-0.0827154,0.0911709
0.1,0.813559,0.338983,-0.108491,0.115644
0.1,0.830508,0.338983,-0.130385,0.139447
0.1,0.847458,0.338983,-0.141801,0.162387
0.1,0.864407,0.338983,-0.13644,0.184322
0.1,0.881356,0.338983,-0.108785,0.205112
0.1,0.898305,0.338983,-0.0546176,0.224696
0.1,0.915254,0.338983,0.0282659,0.242884
0.1,0.932203,0.338983,0.139102,0.259137
0.1,0.949153,0.338983,0.273218,0.272831
0.1,0.966102,0.338983,0.421654,0.283409
0.1,0.983051,0.338983,0.571949,0.290331
0.1,1,0.338983,0.710321,0.292773
0.1,0,0.355932,-0.58789,-0.132773
0.1,0.0169492,0.355932,-0.598724,-0.129509
0.1,0.0338983,0.355932,-0.60145,-0.120251
0.1,0.0508475,0.355932,-0.591882,-0.105765
0.1,0.0677966,0.355932,-0.566928,-0.086622
0.1,0.0847458,0.355932,-0.524312,-0.0637019
0.1,0.101695,0.355932,-0.462454,-0.0378531
0.1,0.118644,0.355932,-0.3808,-0.00982403
0.1,0.135593,0.355932,-0.280618,0.0190693
0.1,0.152542,0.355932,-0.165923,0.0472645
0.1,0.169492,0.355932,-0.0439212,0.0734513
0.1,0.186441,0.355932,0.075598,0.0965457
0.1,0.20339,0.355932,0.182044,0.115636
0.1,0.220339,0.355932,0.266453,0.12991
0.1,0.237288,0.355932,0.323553,0.138807
0.1,0.254237,0.355932,0.352587,0.142078
0.1,0.271186,0.355932,0.356663,0.13954
0.1,0.288136,0.355932,0.341109,0.131345
0.1,0.305085,0.355932,0.311682,0.118121
0.1,0.322034,0.355932,0.273295,0.100539
0.1,0.338983,0.355932,0.229526,0.0793007
0.1,0.355932,0.355932,0.18274,0.0551169
0.1,0.372881,0.355932,0.134504,0.0286585
0.1,0.389831,0.355932,0.0859603,0.000637395
0.1,0.40678,0.355932,0.0379559,-0.0280492
0.1,0.423729,0.355932,-0.0090563,-0.0565304
0.1,0.440678,0.355932,-0.0552166,-0.0839507
0.1,0.457627,0.355932,-0.10134,-0.109571
0.1,0.474576,0.355932,-0.148712,-0.132662
0.1,0.491525,0.355932,-0.198551,-0.152491
0.1,0.508475,0.355932,-0.251202,-0.168621
0.1,0.525424,0.355932,-0.305285,-0.180699
0.1,0.542373,0.355932,-0.357135,-0.188351
0.1,0.559322,0.355932,-0.400913,-0.191433
0.1,0.576271,0.355932,-0.429649,-0.18994
0.1,0.59322,0.355932,-0.437103,-0.183964
0.1,0.610169,0.355932,-0.419852,-0.173714
0.1,0.627119,0.355932,-0.378712,-0.159502
0.1,0.644068,0.355932,-0.318843,-0.141662
0.1,0.661017,0.355932,-0.24848,-0.120763
0.1,0.677966,0.355932,-0.176934,-0.0976789
0.1,0.694915,0.355932,-0.112672,-0.0732436
0.1,0.711864,0.355932,-0.0620781,-0.0480543
0.1,0.728814,0.355932,-0.0289563,-0.0224375
0.1,0.745763,0.355932,-0.0145359,0.00324203
0.1,0.762712,0.355932,-0.0176557,0.0286999
0.1,0.779661,0.355932,-0.0349894,0.0538392
0.1,0.79661,0.355932,-0.0613459,0.0785769
0.1,0.813559,0.355932,-0.0901404,0.102733
0.1,0.830508,0.355932,-0.114046,0.126062
0.1,0.847458,0.355932,-0.125713,0.14841
0.1,0.864407,0.355932,-0.118411,0.169676
0.1,0.881356,0.355932,-0.0865578,0.189703
0.1,0.898305,0.355932,-0.0262727,0.208406
0.1,0.915254,0.355932,0.063874,0.22562
0.1,0.932203,0.355932,0.181877,0.240882
0.1,0.949153,0.355932,0.321399,0.253699
0.1,0.966102,0.355932,0.471608,0.263641
0.1,0.983051,0.355932,0.618375,0.270125
0.1,1,0.355932,0.746965,0.27242
0.1,0,0.372881,-0.642379,-0.156611
0.1,0.0169492,0.372881,-0.646408,-0.153237
0.1,0.0338983,0.372881,-0.6423,-0.143908
0.1,0.0508475,0.372881,-0.626543,-0.129354
0.1,0.0677966,0.372881,-0.596687,-0.110108
0.1,0.0847458,0.372881,-0.550933,-0.0871368
0.1,0.101695,0.372881,-0.487954,-0.0612891
0.1,0.118644,0.372881,-0.407243,-0.0332531
0.1,0.135593,0.372881,-0.309999,-0.00451476
0.1,0.152542,0.372881,-0.200141,0.0234258
0.1,0.169492,0.372881,-0.0848045,0.0492789
0.1,0.186441,0.372881,0.0263035,0.0719636
0.1,0.20339,0.372881,0.122802,0.0905034
0.1,0.220339,0.372881,0.196166,0.103987
0.1,0.237288,0.372881,0.241795,0.11196
0.1,0.254237,0.372881,0.259706,0.114203
0.1,0.271186,0.372881,0.253677,0.110506
0.1,0.288136,0.372881,0.229449,0.101144
0.1,0.305085,0.372881,0.192893,0.086806
0.1,0.322034,0.372881,0.148838,0.0682186
0.1,0.338983,0.372881,0.100704,0.0461108
0.1,0.355932,0.372881,0.0507381,0.021204
0.1,0.372881,0.372881,0.000445863,-0.00581695
0.1,0.389831,0.372881,-0.0491057,-0.0342057
0.1,0.40678,0.372881,-0.0972598,-0.0630722
0.1,0.423729,0.372881,-0.143953,-0.0915414
0.1,0.440678,0.372881,-0.189904,-0.118759
0.1,0.457627,0.372881,-0.236575,-0.144051
0.1,0.474576,0.372881,-0.285756,-0.166645
0.1,0.491525,0.372881,-0.33877,-0.185752
0.1,0.508475,0.372881,-0.395447,-0.201013
0.1,0.525424,0.372881,-0.453149,-0.212057
0.1,0.542373,0.372881,-0.506294,-0.218459
0.1,0.559322,0.372881,-0.54682,-0.220172
0.1,0.576271,0.372881,-0.565839,-0.217229
0.1,0.59322,0.372881,-0.556197,-0.209746
0.1,0.610169,0.372881,-0.515046,-0.197929
0.1,0.627119,0.372881,-0.445276,-0.18207
0.1,0.644068,0.372881,-0.355077,-0.162417
0.1,0.661017,0.372881,-0.255834,-0.139815
0.1,0.677966,0.372881,-0.159338,-0.115225
0.1,0.694915,0.372881,-0.0754716,-0.0895915
0.1,0.711864,0.372881,-0.0109617,-0.0633955
0.1,0.728814,0.372881,0.0308309,-0.036974
0.1,0.745763,0.372881,0.0495771,-0.0107313
0.1,0.762712,0.372881,0.0475379,0.0150852
0.1,0.779661,0.372881,0.029197,0.040362
0.1,0.79661,0.372881,0.000882122,0.0649883
0.1,0.813559,0.372881,-0.0297772,0.0887764
0.1,0.830508,0.372881,-0.0545975,0.111525
0.1,0.847458,0.372881,-0.0656695,0.13313
0.1,0.864407,0.372881,-0.0560996,0.153491
0.1,0.881356,0.372881,-0.0206149,0.172461
0.1,0.898305,0.372881,0.0438387,0.189988
0.1,0.915254,0.372881,0.137327,0.205933
0.1,0.932203,0.372881,0.25601,0.219904
0.1,0.949153,0.372881,0.391468,0.231543
0.1,0.966102,0.372881,0.530975,0.240521
0.1,0.983051,0.372881,0.659297,0.246331
0.1,1,0.372881,0.761916,0.248371
0.1,0,0.389831,-0.679147,-0.172939
0.1,0.0169492,0.389831,-0.674727,-0.16965
0.1,0.0338983,0.389831,-0.662335,-0.160413
0.1,0.0508475,0.389831,-0.639214,-0.145902
0.1,0.0677966,0.389831,-0.603588,-0.126733
0.1,0.0847458,0.389831,-0.554149,-0.103841
0.1,0.101695,0.389831,-0.48985,-0.0781299
0.1,0.118644,0.389831,-0.410319,-0.0505162
0.1,0.135593,0.389831,-0.316819,-0.0223804
0.1,0.152542,0.389831,-0.213337,0.00485317
0.1,0.169492,0.389831,-0.10706,0.0299164
0.1,0.186441,0.389831,-0.00760521,0.0517058
0.1,0.20339,0.389831,0.0750414,0.0691995
0.1,0.220339,0.389831,0.133149,0.0815363
0.1,0.237288,0.389831,0.163229,0.088252
0.1,0.254237,0.389831,0.166475,0.0891312
0.1,0.271186,0.389831,0.147595,0.0840946
0.1,0.288136,0.389831,0.112818,0.0734584
0.1,0.305085,0.389831,0.0680664,0.0579044
0.1,0.322034,0.389831,0.017929,0.0381944
0.1,0.338983,0.389831,-0.0344897,0.0150868
0.1,0.355932,0.389831,-0.0871946,-0.0106645
0.1,0.372881,0.389831,-0.138842,-0.0382853
0.1,0.389831,0.389831,-0.188522,-0.0669526
0.1,0.40678,0.389831,-0.235849,-0.0958907
0.1,0.423729,0.389831,-0.28124,-0.124301
0.1,0.440678,0.389831,-0.32607,-0.151358
0.1,0.457627,0.389831,-0.372492,-0.176374
0.1,0.474576,0.389831,-0.422766,-0.198558
0.1,0.491525,0.389831,-0.478189,-0.217112
0.1,0.508475,0.389831,-0.537835,-0.231663
0.1,0.525424,0.389831,-0.597489,-0.241855
0.1,0.542373,0.389831,-0.649329,-0.247296
0.1,0.559322,0.389831,-0.682867,-0.247917
0.1,0.576271,0.389831,-0.687346,-0.243751
0.1,0.59322,0.389831,-0.655087,-0.234852
0.1,0.610169,0.389831,-0.58451,-0.221468
0.1,0.627119,0.389831,-0.48138,-0.203994
0.1,0.644068,0.389831,-0.35757,-0.18289
0.1,0.661017,0.389831,-0.227895,-0.158988
0.1,0.677966,0.389831,-0.106491,-0.133259
0.1,0.694915,0.389831,-0.00418178,-0.106578
0.1,0.711864,0.389831,0.0725616,-0.0794739
0.1,0.728814,0.389831,0.121374,-0.0523349
0.1,0.745763,0.389831,0.14321,-0.0255392
0.1,0.762712,0.389831,0.1416,0.000651378
0.1,0.779661,0.389831,0.122163,0.0260801
0.1,0.79661,0.389831,0.092186,0.0505835
0.1,0.813559,0.389831,0.0600616,0.0739668
0.1,0.830508,0.389831,0.0344773,0.0960871
0.1,0.847458,0.389831,0.0234964,0.116841
0.1,0.864407,0.389831,0.0337206,0.136114
0.1,0.881356,0.389831,0.069612,0.153842
0.1,0.898305,0.389831,0.132869,0.17
0.1,0.915254,0.389831,0.221722,0.184464
0.1,0.932203,0.389831,0.330227,0.196959
0.1,0.949153,0.389831,0.448036,0.2072
0.1,0.966102,0.389831,0.561296,0.214885
0.1,0.983051,0.389831,0.655089,0.219698
0.1,1,0.389831,0.716991,0.221276
0.1,0,0.40678,-0.697084,-0.182213
0.1,0.0169492,0.40678,-0.683111,-0.178988
0.1,0.0338983,0.40678,-0.661536,-0.169868
0.1,0.0508475,0.40678,-0.630396,-0.155524
0.1,0.0677966,0.40678,-0.588579,-0.136521
0.1,0.0847458,0.40678,-0.535246,-0.113835
0.1,0.101695,0.40678,-0.469645,-0.0885233
0.1,0.118644,0.40678,-0.391608,-0.0615836
0.1,0.135593,0.40678,-0.302609,-0.0343162
0.1,0.152542,0.40678,-0.206883,-0.00810885
0.1,0.169492,0.40678,-0.111799,0.0158176
0.1,0.186441,0.40678,-0.0268843,0.0363616
0.1,0.20339,0.40678,0.0384592,0.0525056
0.1,0.220339,0.40678,0.0776605,0.0634053
0.1,0.237288,0.40678,0.0887854,0.0686009
0.1,0.254237,0.40678,0.0745834,0.0679621
0.1,0.271186,0.40678,0.0409124,0.0614791
0.1,0.288136,0.40678,-0.00548062,0.0494743
0.1,0.305085,0.40678,-0.0587441,0.0326611
0.1,0.322034,0.40678,-0.114707,0.0118225
0.1,0.338983,0.40678,-0.170757,-0.0122704
0.1,0.355932,0.40678,-0.225281,-0.0388311
0.1,0.372881,0.40678,-0.277185,-0.0669763
0.1,0.389831,0.40678,-0.325772,-0.0958154
0.1,0.40678,0.40678,-0.370985,-0.12476
0.1,0.423729,0.40678,-0.413766,-0.153103
0.1,0.440678,0.40678,-0.456185,-0.180005
0.1,0.457627,0.40678,-0.50108,-0.204829
0.1,0.474576,0.40678,-0.551119,-0.226778
0.1,0.491525,0.40678,-0.607442,-0.244926
0.1,0.508475,0.40678,-0.668178,-0.258984
0.1,0.525424,0.40678,-0.727348,-0.268634
0.1,0.542373,0.40678,-0.774772,-0.273399
0.1,0.559322,0.40678,-0.797591,-0.273231
0.1,0.576271,0.40678,-0.783504,-0.268148
0.1,0.59322,0.40678,-0.724901,-0.258052
0.1,0.610169,0.40678,-0.622212,-0.24332
0.1,0.627119,0.40678,-0.484736,-0.224589
0.1,0.644068,0.40678,-0.328356,-0.202413
0.1,0.661017,0.40678,-0.171184,-0.177583
0.1,0.677966,0.40678,-0.0291586,-0.151031
0.1,0.694915,0.40678,0.0867075,-0.123591
0.1,0.711864,0.40678,0.170939,-0.0958251
0.1,0.728814,0.40678,0.222725,-0.068128
0.1,0.745763,0.40678,0.244606,-0.040894
0.1,0.762712,0.40678,0.241436,-0.0144223
0.1,0.779661,0.40678,0.219805,0.0110955
0.1,0.79661,0.40678,0.187641,0.0354265
0.1,0.813559,0.40678,0.153662,0.0583596
0.1,0.830508,0.40678,0.126555,0.0798054
0.1,0.847458,0.40678,0.113997,0.0996394
0.1,0.864407,0.40678,0.121756,0.117734
0.1,0.881356,0.40678,0.152987,0.134115
0.1,0.898305,0.40678,0.20766,0.148795
0.1,0.915254,0.40678,0.282041,0.161689
0.1,0.932203,0.40678,0.368385,0.17261
0.1,0.949153,0.40678,0.455312,0.18132
0.1,0.966102,0.40678,0.529387,0.187557
0.1,0.983051,0.40678,0.578025,0.191259
0.1,1,0.40678,0.592927,0.192387
0.1,0,0.423729,-0.695797,-0.184604
0.1,0.0169492,0.423729,-0.67174,-0.181379
0.1,0.0338983,0.423729,-0.640654,-0.172406
0.1,0.0508475,0.423729,-0.601366,-0.158292
0.1,0.0677966,0.423729,-0.553378,-0.139513
0.1,0.0847458,0.423729,-0.496261,-0.11722
0.1,0.101695,0.423729,-0.429541,-0.0925132
0.1,0.118644,0.423729,-0.353311,-0.0663822
0.1,0.135593,0.423729,-0.269394,-0.0401696
0.1,0.152542,0.423729,-0.182448,-0.0152045
0.1,0.169492,0.423729,-0.100165,0.0073528
0.1,0.186441,0.423729,-0.0320011,0.0264083
0.1,0.20339,0.423729,0.0133973,0.0409725
0.1,0.220339,0.423729,0.0309497,0.0502113
0.1,0.237288,0.423729,0.0206717,0.0537612
0.1,0.254237,0.423729,-0.0128021,0.0515459
0.1,0.271186,0.423729,-0.062299,0.0435698
0.1,0.288136,0.423729,-0.120567,0.0302231
0.1,0.305085,0.423729,-0.181961,0.0122429
0.1,0.322034,0.423729,-0.242904,-0.00958462
0.1,0.338983,0.423729,-0.30143,-0.0344799
0.1,0.355932,0.423729,-0.356418,-0.0616465
0.1,0.372881,0.423729,-0.407086,-0.0901215
0.1,0.389831,0.423729,-0.452997,-0.11903
0.1,0.40678,0.423729,-0.494462,-0.147951
0.1,0.423729,0.423729,-0.532987,-0.176203
0.1,0.440678,0.423729,-0.571362,-0.202958
0.1,0.457627,0.423729,-0.613101,-0.227679
0.1,0.474576,0.423729,-0.661237,-0.249523
0.1,0.491525,0.423729,-0.71668,-0.267466
0.1,0.508475,0.423729,-0.776555,-0.28136
0.1,0.525424,0.423729,-0.833105,-0.290814
0.1,0.542373,0.423729,-0.873902,-0.295223
0.1,0.559322,0.423729,-0.883998,-0.294637
0.1,0.576271,0.423729,-0.850014,-0.289
0.1,0.59322,0.423729,-0.76499,-0.278052
0.1,0.610169,0.423729,-0.631898,-0.262491
0.1,0.627119,0.423729,-0.463841,-0.243026
0.1,0.644068,0.423729,-0.280574,-0.220232
0.1,0.661017,0.423729,-0.102958,-0.194931
0.1,0.677966,0.423729,0.0520702,-0.167983
0.1,0.694915,0.423729,0.174123,-0.140188
0.1,0.711864,0.423729,0.259362,-0.112078
0.1,0.728814,0.423729,0.308907,-0.0840687
0.1,0.745763,0.423729,0.326993,-0.0566108
0.1,0.762712,0.423729,0.319696,-0.0300214
0.1,0.779661,0.423729,0.294317,-0.00453771
0.1,0.79661,0.423729,0.259046,0.0195248
0.1,0.813559,0.423729,0.222471,0.0419572
0.1,0.830508,0.423729,0.192762,0.0626994
0.1,0.847458,0.423729,0.176691,0.0815911
0.1,0.864407,0.423729,0.178733,0.0985163
0.1,0.881356,0.423729,0.200419,0.113566
0.1,0.898305,0.423729,0.239924,0.126772
0.1,0.915254,0.423729,0.291874,0.138087
0.1,0.932203,0.423729,0.34757,0.147404
0.1,0.949153,0.423729,0.39601,0.15455
0.1,0.966102,0.423729,0.426035,0.159363
0.1,0.983051,0.423729,0.429291,0.162033
0.1,1,0.423729,0.402974,0.162766
0.1,0,0.440678,-0.67563,-0.180195
0.1,0.0169492,0.440678,-0.641529,-0.177051
0.1,0.0338983,0.440678,-0.601166,-0.168222
0.1,0.0508475,0.440678,-0.55411,-0.154305
0.1,0.0677966,0.440678,-0.500385,-0.135923
0.1,0.0847458,0.440678,-0.439874,-0.114167
0.1,0.101695,0.440678,-0.372324,-0.0901544
0.1,0.118644,0.440678,-0.298118,-0.0649777
0.1,0.135593,0.440678,-0.219539,-0.0399351
0.1,0.152542,0.440678,-0.141829,-0.0163169
0.1,0.169492,0.440678,-0.0731525,0.00471674
0.1,0.186441,0.440678,-0.0229404,0.0221047
0.1,0.20339,0.440678,0.00101557,0.034911
0.1,0.220339,0.440678,-0.00463181,0.0424269
0.1,0.237288,0.440678,-0.0376178,0.044323
0.1,0.254237,0.440678,-0.091178,0.0405249
0.1,0.271186,0.440678,-0.156711,0.0311565
0.1,0.288136,0.440678,-0.226484,0.0166603
0.1,0.305085,0.440678,-0.295162,-0.00227468
0.1,0.322034,0.440678,-0.359892,-0.0248365
0.1,0.338983,0.440678,-0.419451,-0.0502072
0.1,0.355932,0.440678,-0.473272,-0.077619
0.1,0.372881,0.440678,-0.520932,-0.10618
0.1,0.389831,0.440678,-0.562298,-0.1351
0.1,0.40678,0.440678,-0.598103,-0.163931
0.1,0.423729,0.440678,-0.630483,-0.192043
0.1,0.440678,0.440678,-0.663001,-0.218694
0.1,0.457627,0.440678,-0.699882,-0.243326
0.1,0.474576,0.440678,-0.744545,-0.265129
0.1,0.491525,0.440678,-0.797703,-0.283241
0.1,0.508475,0.440678,-0.855564,-0.297338
0.1,0.525424,0.440678,-0.908773,-0.306931
0.1,0.542373,0.440678,-0.942933,-0.311439
0.1,0.559322,0.440678,-0.941379,-0.310806
0.1,0.576271,0.440678,-0.890042,-0.304965
0.1,0.59322,0.440678,-0.782918,-0.293868
0.1,0.610169,0.440678,-0.625597,-0.278138
0.1,0.627119,0.440678,-0.434739,-0.258523
0.1,0.644068,0.440678,-0.233389,-0.235746
0.1,0.661017,0.440678,-0.0443724,-0.210577
0.1,0.677966,0.440678,0.11515,-0.183769
0.1,0.694915,0.440678,0.236011,-0.156047
0.1,0.711864,0.440678,0.316321,-0.127956
0.1,0.728814,0.440678,0.359181,-0.099957
0.1,0.745763,0.440678,0.370394,-0.0725226
0.1,0.762712,0.440678,0.357031,-0.0460213
0.1,0.779661,0.440678,0.326836,-0.0207493
0.1,0.79661,0.440678,0.287949,0.00295058
0.1,0.813559,0.440678,0.248477,0.0248458
0.1,0.830508,0.440678,0.215706,0.0448615
0.1,0.847458,0.440678,0.195155,0.0628625
0.1,0.864407,0.440678,0.189756,0.0787512
0.1,0.881356,0.440678,0.199356,0.0925952
0.1,0.898305,0.440678,0.220567,0.104432
0.1,0.915254,0.440678,0.246998,0.114237
0.1,0.932203,0.440678,0.270031,0.121975
0.1,0.949153,0.440678,0.280425,0.127604
0.1,0.966102,0.440678,0.270731,0.13118
0.1,0.983051,0.440678,0.237896,0.132985
0.1,1,0.440678,0.184807,0.133395
0.1,0,0.457627,-0.637649,-0.169868
0.1,0.0169492,0.457627,-0.594091,-0.166749
0.1,0.0338983,0.457627,-0.545223,-0.158014
0.1,0.0508475,0.457627,-0.491262,-0.144358
0.1,0.0677966,0.457627,-0.432612,-0.126398
0.1,0.0847458,0.457627,-0.369331,-0.105203
0.1,0.101695,0.457627,-0.301292,-0.0819518
0.1,0.118644,0.457627,-0.229149,-0.0577419
0.1,0.135593,0.457627,-0.155713,-0.0338489
0.1,0.152542,0.457627,-0.0869461,-0.0115737
0.1,0.169492,0.457627,-0.0316391,0.00793704
0.1,0.186441,0.457627,0.000693035,0.0236654
0.1,0.20339,0.457627,0.00310337,0.0347589
0.1,0.220339,0.457627,-0.0259266,0.0406236
0.1,0.237288,0.457627,-0.0817276,0.0409595
0.1,0.254237,0.457627,-0.155263,0.0357263
0.1,0.271186,0.457627,-0.236424,0.025162
0.1,0.288136,0.457627,-0.316989,0.00973268
0.1,0.305085,0.457627,-0.391963,-0.00992746
0.1,0.322034,0.457627,-0.459243,-0.0329453
0.1,0.338983,0.457627,-0.518367,-0.0584622
0.1,0.355932,0.457627,-0.569331,-0.0858602
0.1,0.372881,0.457627,-0.612097,-0.114338
0.1,0.389831,0.457627,-0.646899,-0.143089
0.1,0.40678,0.457627,-0.67499,-0.171739
0.1,0.423729,0.457627,-0.699255,-0.199718
0.1,0.440678,0.457627,-0.72414,-0.226254
0.1,0.457627,0.457627,-0.754687,-0.250873
0.1,0.474576,0.457627,-0.794804,-0.272886
0.1,0.491525,0.457627,-0.845162,-0.291404
0.1,0.508475,0.457627,-0.90128,-0.306044
0.1,0.525424,0.457627,-0.952517,-0.316262
0.1,0.542373,0.457627,-0.982858,-0.321288
0.1,0.559322,0.457627,-0.974208,-0.321078
0.1,0.576271,0.457627,-0.91192,-0.315701
0.1,0.59322,0.457627,-0.790774,-0.305099
0.1,0.610169,0.457627,-0.6185,-0.28983
0.1,0.627119,0.457627,-0.414577,-0.270733
0.1,0.644068,0.457627,-0.204513,-0.248629
0.1,0.661017,0.457627,-0.0123658,-0.224186
0.1,0.677966,0.457627,0.144952,-0.19802
0.1,0.694915,0.457627,0.259638,-0.170824
0.1,0.711864,0.457627,0.331626,-0.143156
0.1,0.728814,0.457627,0.365721,-0.115484
0.1,0.745763,0.457627,0.368986,-0.0883494
0.1,0.762712,0.457627,0.34923,-0.0621746
0.1,0.779661,0.457627,0.314435,-0.0372587
0.1,0.79661,0.457627,0.272537,-0.0140032
0.1,0.813559,0.457627,0.231001,0.00730558
0.1,0.830508,0.457627,0.196073,0.0266456
0.1,0.847458,0.457627,0.171894,0.0438892
0.1,0.864407,0.457627,0.15982,0.058891
0.1,0.881356,0.457627,0.158148,0.0717159
0.1,0.898305,0.457627,0.162288,0.0823908
0.1,0.915254,0.457627,0.165419,0.0908795
0.1,0.932203,0.457627,0.159774,0.0972302
0.1,0.949153,0.457627,0.138654,0.101555
0.1,0.966102,0.457627,0.0988579,0.104074
0.1,0.983051,0.457627,0.0426054,0.105113
0.1,1,0.457627,-0.0223032,0.105182
0.1,0,0.474576,-0.583598,-0.15429
0.1,0.0169492,0.474576,-0.531686,-0.151113
0.1,0.0338983,0.474576,-0.475585,-0.142509
0.1,0.0508475,0.474576,-0.416024,-0.129151
0.1,0.0677966,0.474576,-0.353607,-0.111574
0.1,0.0847458,0.474576,-0.288381,-0.0909612
0.1,0.101695,0.474576,-0.22021,-0.0684673
0.1,0.118644,0.474576,-0.149948,-0.0451385
0.1,0.135593,0.474576,-0.0809452,-0.0222977
0.1,0.152542,0.474576,-0.0199818,-0.00124705
0.1,0.169492,0.474576,0.0233641,0.0168883
0.1,0.186441,0.474576,0.0393074,0.0311245
0.1,0.20339,0.474576,0.0215868,0.0407009
0.1,0.220339,0.474576,-0.0295808,0.0451275
0.1,0.237288,0.474576,-0.107141,0.0441444
0.1,0.254237,0.474576,-0.19975,0.0377582
0.1,0.271186,0.474576,-0.29573,0.0262994
0.1,0.288136,0.474576,-0.386289,0.0102247
0.1,0.305085,0.474576,-0.466686,-0.00986524
0.1,0.322034,0.474576,-0.535472,-0.0330046
0.1,0.338983,0.474576,-0.592862,-0.058368
0.1,0.355932,0.474576,-0.639373,-0.0855372
0.1,0.372881,0.474576,-0.675374,-0.11372
0.1,0.389831,0.474576,-0.70156,-0.142123
0.1,0.40678,0.474576,-0.719863,-0.170545
0.1,0.423729,0.474576,-0.734096,-0.198377
0.1,0.440678,0.474576,-0.749769,-0.224803
0.1,0.457627,0.474576,-0.772903,-0.249554
0.1,0.474576,0.474576,-0.80808,-0.271973
0.1,0.491525,0.474576,-0.856171,-0.291099
0.1,0.508475,0.474576,-0.912338,-0.306661
0.1,0.525424,0.474576,-0.96504,-0.317963
0.1,0.542373,0.474576,-0.996972,-0.323948
0.1,0.559322,0.474576,-0.988712,-0.324842
0.1,0.576271,0.474576,-0.924764,-0.320679
0.1,0.59322,0.474576,-0.800006,-0.311259
0.1,0.610169,0.474576,-0.623308,-0.297231
0.1,0.627119,0.474576,-0.415913,-0.279428
0.1,0.644068,0.474576,-0.204938,-0.2587
0.1,0.661017,0.474576,-0.0152287,-0.235555
0.1,0.677966,0.474576,0.136546,-0.210528
0.1,0.694915,0.474576,0.243599,-0.184324
0.1,0.711864,0.474576,0.307174,-0.157462
0.1,0.728814,0.474576,0.333274,-0.130441
0.1,0.745763,0.474576,0.329851,-0.103911
0.1,0.762712,0.474576,0.305239,-0.0782979
0.1,0.779661,0.474576,0.267589,-0.0538894
0.1,0.79661,0.474576,0.224625,-0.0311788
0.1,0.813559,0.474576,0.183198,-0.0104469
0.1,0.830508,0.474576,0.148537,0.00835063
0.1,0.847458,0.474576,0.12345,0.0250153
0.1,0.864407,0.474576,0.107829,0.039356
0.1,0.881356,0.474576,0.098619,0.0514581
0.1,0.898305,0.474576,0.0903045,0.0612913
0.1,0.915254,0.474576,0.0759298,0.0687997
0.1,0.932203,0.474576,0.0487716,0.0741144
0.1,0.949153,0.474576,0.00461716,0.0774608
0.1,0.966102,0.474576,-0.055908,0.0791756
0.1,0.983051,0.474576,-0.126137,0.0795929
0.1,1,0.474576,-0.19448,0.0793897
0.1,0,0.491525,-0.515837,-0.133997
0.1,0.0169492,0.491525,-0.457148,-0.130926
0.1,0.0338983,0.491525,-0.395548,-0.122508
0.1,0.0508475,0.491525,-0.332096,-0.109382
0.1,0.0677966,0.491525,-0.267374,-0.0922657
0.1,0.0847458,0.491525,-0.20121,-0.0722395
0.1,0.101695,0.491525,-0.133274,-0.0503943
0.1,0.118644,0.491525,-0.0644976,-0.0278492
0.1,0.135593,0.491525,0.00127496,-0.0059001
0.1,0.152542,0.491525,0.0563993,0.0141619
0.1,0.169492,0.491525,0.0903489,0.0311675
0.1,0.186441,0.491525,0.0928045,0.0441836
0.1,0.20339,0.491525,0.0578714,0.0525642
0.1,0.220339,0.491525,-0.012796,0.0558948
0.1,0.237288,0.491525,-0.109963,0.0539731
0.1,0.254237,0.491525,-0.220048,0.0468668
0.1,0.271186,0.491525,-0.329742,0.0349102
0.1,0.288136,0.491525,-0.429515,0.0185707
0.1,0.305085,0.491525,-0.514656,-0.00149576
0.1,0.322034,0.491525,-0.584149,-0.0243811
0.1,0.338983,0.491525,-0.638711,-0.0493533
0.1,0.355932,0.491525,-0.679296,-0.0759776
0.1,0.372881,0.491525,-0.706709,-0.103606
0.1,0.389831,0.491525,-0.722247,-0.131633
0.1,0.40678,0.491525,-0.728729,-0.159747
0.1,0.423729,0.491525,-0.731132,-0.187354
0.1,0.440678,0.491525,-0.736245,-0.213787
0.1,0.457627,0.491525,-0.751267,-0.238737
0.1,0.474576,0.491525,-0.781667,-0.261617
0.1,0.491525,0.491525,-0.82881,-0.281676
0.1,0.508475,0.491525,-0.887895,-0.298451
0.1,0.525424,0.491525,-0.94691,-0.311115
0.1,0.542373,0.491525,-0.987556,-0.318795
0.1,0.559322,0.491525,-0.989014,-0.321509
0.1,0.576271,0.491525,-0.934342,-0.319239
0.1,0.59322,0.491525,-0.817398,-0.311927
0.1,0.610169,0.491525,-0.646821,-0.300092
0.1,0.627119,0.491525,-0.444378,-0.284477
0.1,0.644068,0.491525,-0.238051,-0.265774
0.1,0.661017,0.491525,-0.053378,-0.244481
0.1,0.677966,0.491525,0.0927649,-0.221133
0.1,0.694915,0.491525,0.193855,-0.196335
0.1,0.711864,0.491525,0.251675,-0.17063
0.1,0.728814,0.491525,0.27283,-0.144625
0.1,0.745763,0.491525,0.265807,-0.118981
0.1,0.762712,0.491525,0.239348,-0.0941563
0.1,0.779661,0.491525,0.201803,-0.0704917
0.1,0.79661,0.491525,0.160801,-0.0483941
0.1,0.813559,0.491525,0.122706,-0.0281033
0.1,0.830508,0.491525,0.0918604,-0.00970381
0.1,0.847458,0.491525,0.0698887,0.00659726
0.1,0.864407,0.491525,0.0553895,0.0206366
0.1,0.881356,0.491525,0.044144,0.0323888
0.1,0.898305,0.491525,0.0298325,0.041774
0.1,0.915254,0.491525,0.00529572,0.0487561
0.1,0.932203,0.491525,-0.0355449,0.0534968
0.1,0.949153,0.491525,-0.0952177,0.0562964
0.1,0.966102,0.491525,-0.170414,0.0575415
0.1,0.983051,0.491525,-0.251254,0.057673
0.1,1,0.491525,-0.323313,0.0574708
0.1,0,0.508475,-0.437249,-0.110755
0.1,0.0169492,0.508475,-0.373793,-0.107771
0.1,0.0338983,0.508475,-0.30884,-0.0994825
0.1,0.0508475,0.508475,-0.243559,-0.0865815
0.1,0.0677966,0.508475,-0.17827,-0.0698727
0.1,0.0847458,0.508475,-0.112337,-0.0503231
0.1,0.101695,0.508475,-0.045035,-0.0289856
0.1,0.118644,0.508475,0.0227951,-0.00701198
0.1,0.135593,0.508475,0.0869255,0.0143307
0.1,0.152542,0.508475,0.138853,0.0337395
0.1,0.169492,0.508475,0.166959,0.0499641
0.1,0.186441,0.508475,0.160068,0.0621345
0.1,0.20339,0.508475,0.112196,0.0697343
0.1,0.220339,0.508475,0.0259485,0.0724125
0.1,0.237288,0.508475,-0.0876372,0.0700108
0.1,0.254237,0.508475,-0.212912,0.0626308
0.1,0.271186,0.508475,-0.334866,0.0506123
0.1,0.288136,0.508475,-0.442991,0.0344384
0.1,0.305085,0.508475,-0.532266,0.0147573
0.1,0.322034,0.508475,-0.601775,-0.00755688
0.1,0.338983,0.508475,-0.652498,-0.0317798
0.1,0.355932,0.508475,-0.685721,-0.0575836
0.1,0.372881,0.508475,-0.702734,-0.0844977
0.1,0.389831,0.508475,-0.70561,-0.111974
0.1,0.40678,0.508475,-0.698308,-0.139684
0.1,0.423729,0.508475,-0.68722,-0.167081
0.1,0.440678,0.508475,-0.680619,-0.193492
0.1,0.457627,0.508475,-0.687047,-0.21867
0.1,0.474576,0.508475,-0.713046,-0.242195
0.1,0.491525,0.508475,-0.760769,-0.263371
0.1,0.508475,0.508475,-0.825889,-0.281644
0.1,0.525424,0.508475,-0.896415,-0.296192
0.1,0.542373,0.508475,-0.953395,-0.306051
0.1,0.559322,0.508475,-0.974521,-0.311151
0.1,0.576271,0.508475,-0.940657,-0.311525
0.1,0.59322,0.508475,-0.843291,-0.307056
0.1,0.610169,0.508475,-0.689209,-0.298135
0.1,0.627119,0.508475,-0.499328,-0.285378
0.1,0.644068,0.508475,-0.30181,-0.269312
0.1,0.661017,0.508475,-0.123002,-0.25042
0.1,0.677966,0.508475,0.0192851,-0.229221
0.1,0.694915,0.508475,0.117814,-0.206233
0.1,0.711864,0.508475,0.17401,-0.182038
0.1,0.728814,0.508475,0.194456,-0.15733
0.1,0.745763,0.508475,0.187866,-0.132822
0.1,0.762712,0.508475,0.163324,-0.109014
0.1,0.779661,0.508475,0.12947,-0.0862138
0.1,0.79661,0.508475,0.0939843,-0.0647372
0.1,0.813559,0.508475,0.0629093,-0.0448384
0.1,0.830508,0.508475,0.0398753,-0.0266979
0.1,0.847458,0.508475,0.0255234,-0.0105274
0.1,0.864407,0.508475,0.0173939,0.00348971
0.1,0.881356,0.508475,0.0103131,0.0152357
0.1,0.898305,0.508475,-0.00278433,0.0245774
0.1,0.915254,0.508475,-0.0295355,0.0314481
0.1,0.932203,0.508475,-0.0761464,0.0360349
0.1,0.949153,0.508475,-0.144766,0.0386755
0.1,0.966102,0.508475,-0.231037,0.0397972
0.1,0.983051,0.508475,-0.323364,0.0398508
0.1,1,0.508475,-0.405289,0.0395773
0.1,0,0.525424,-0.351127,-0.0861433
0.1,0.0169492,0.525424,-0.285302,-0.0831776
0.1,0.0338983,0.525424,-0.219499,-0.0750133
0.1,0.0508475,0.525424,-0.15475,-0.0623204
0.1,0.0677966,0.525424,-0.0908529,-0.0459125
0.1,0.0847458,0.525424,-0.0264721,-0.0266682
0.1,0.101695,0.525424,0.0397342,-0.00562269
0.1,0.118644,0.525424,0.107207,0.0160562
0.1,0.135593,0.525424,0.171491,0.0371209
0.1,0.152542,0.525424,0.223291,0.0562548
0.1,0.169492,0.525424,0.24979,0.0721142
0.1,0.186441,0.525424,0.238621,0.0839301
0.1,0.20339,0.525424,0.183162,0.0912866
0.1,0.220339,0.525424,0.0863454,0.0938517
0.1,0.237288,0.525424,-0.0395074,0.091494
0.1,0.254237,0.525424,-0.17694,0.0843445
0.1,0.271186,0.525424,-0.309199,0.0727607
0.1,0.288136,0.525424,-0.4245,0.0572093
0.1,0.305085,0.525424,-0.517106,0.0382989
0.1,0.322034,0.525424,-0.58581,0.0169344
0.1,0.338983,0.525424,-0.631578,-0.006193
0.1,0.355932,0.525424,-0.655927,-0.0309702
0.1,0.372881,0.525424,-0.660707,-0.0569812
0.1,0.389831,0.525424,-0.648974,-0.0837059
0.1,0.40678,0.525424,-0.626081,-0.110923
0.1,0.423729,0.525424,-0.600047,-0.138056
0.1,0.440678,0.525424,-0.580755,-0.16438
0.1,0.457627,0.525424,-0.578144,-0.189875
0.1,0.474576,0.525424,-0.599922,-0.214178
0.1,0.491525,0.525424,-0.649264,-0.236589
0.1,0.508475,0.525424,-0.722772,-0.256639
0.1,0.525424,0.525424,-0.809087,-0.27344
0.1,0.542373,0.525424,-0.889135,-0.285811
0.1,0.559322,0.525424,-0.93922,-0.293858
0.1,0.576271,0.525424,-0.937406,-0.297516
0.1,0.59322,0.525424,-0.871458,-0.296457
0.1,0.610169,0.525424,-0.744566,-0.291034
0.1,0.627119,0.525424,-0.57526,-0.281703
0.1,0.644068,0.525424,-0.391046,-0.268805
0.1,0.661017,0.525424,-0.219139,-0.252792
0.1,0.677966,0.525424,-0.0790307,-0.234159
0.1,0.694915,0.525424,0.0203059,-0.213361
0.1,0.711864,0.525424,0.0790048,-0.191017
0.1,0.728814,0.525424,0.102985,-0.16789
0.1,0.745763,0.525424,0.100863,-0.144756
0.1,0.762712,0.525424,0.0819845,-0.122113
0.1,0.779661,0.525424,0.055335,-0.100215
0.1,0.79661,0.525424,0.0287557,-0.0793539
0.1,0.813559,0.525424,0.00810687,-0.0598052
0.1,0.830508,0.525424,-0.00351167,-0.0418047
0.1,0.847458,0.525424,-0.00618425,-0.0255924
0.1,0.864407,0.525424,-0.0030938,-0.0113836
0.1,0.881356,0.525424,-2.44977e-05,0.000643673
0.1,0.898305,0.525424,-0.00459028,0.0102841
0.1,0.915254,0.525424,-0.0250859,0.0174163
0.1,0.932203,0.525424,-0.0686265,0.0222625
0.1,0.949153,0.525424,-0.138454,0.0251523
0.1,0.966102,0.525424,-0.231118,0.0265067
0.1,0.983051,0.525424,-0.335199,0.0266576
0.1,1,0.525424,-0.4333,0.0263691
0.1,0,0.542373,-0.261054,-0.0614011
0.1,0.0169492,0.542373,-0.195585,-0.0585473
0.1,0.0338983,0.542373,-0.131717,-0.0505922
0.1,0.0508475,0.542373,-0.0700828,-0.0381199
0.1,0.0677966,0.542373,-0.00969684,-0.0218723
0.1,0.0847458,0.542373,0.0516999,-0.00271364
0.1,0.101695,0.542373,0.116264,0.0183017
0.1,0.118644,0.542373,0.183914,0.0399664
0.1,0.135593,0.542373,0.250155,0.0610427
0.1,0.152542,0.542373,0.305022,0.0802303
0.1,0.169492,0.542373,0.334451,0.0962625
0.1,0.186441,0.542373,0.324575,0.108371
0.1,0.20339,0.542373,0.267569,0.116118
0.1,0.220339,0.542373,0.165996,0.119188
0.1,0.237288,0.542373,0.0328469,0.117474
0.1,0.254237,0.542373,-0.112954,0.111137
0.1,0.271186,0.542373,-0.252907,0.100538
0.1,0.288136,0.542373,-0.373668,0.0861354
0.1,0.305085,0.542373,-0.468364,0.068537
0.1,0.322034,0.542373,-0.535102,0.0485396
0.1,0.338983,0.542373,-0.57457,0.0266796
0.1,0.355932,0.542373,-0.588444,0.00314075
0.1,0.372881,0.542373,-0.579234,-0.0217363
0.1,0.389831,0.542373,-0.551195,-0.0475937
0.1,0.40678,0.542373,-0.511292,-0.0741395
0.1,0.423729,0.542373,-0.469287,-0.100827
0.1,0.440678,0.542373,-0.436641,-0.127173
0.1,0.457627,0.542373,-0.424557,-0.15306
0.1,0.474576,0.542373,-0.441809,-0.178141
0.1,0.491525,0.542373,-0.492713,-0.201901
0.1,0.508475,0.542373,-0.575232,-0.223786
0.1,0.525424,0.542373,-0.679389,-0.242871
0.1,0.542373,0.542373,-0.786821,-0.258239
0.1,0.559322,0.542373,-0.872991,-0.26974
0.1,0.576271,0.542373,-0.913003,-0.277113
0.1,0.59322,0.542373,-0.889863,-0.280029
0.1,0.610169,0.542373,-0.801487,-0.278642
0.1,0.627119,0.542373,-0.662271,-0.273202
0.1,0.644068,0.542373,-0.497882,-0.263909
0.1,0.661017,0.542373,-0.336092,-0.251148
0.1,0.677966,0.542373,-0.198532,-0.235405
0.1,0.694915,0.542373,-0.0967799,-0.21716
0.1,0.711864,0.542373,-0.0328802,-0.197048
0.1,0.728814,0.542373,-0.00225339,-0.175833
0.1,0.745763,0.542373,0.00321805,-0.154255
0.1,0.762712,0.542373,-0.00704591,-0.132806
0.1,0.779661,0.542373,-0.0237714,-0.111797
0.1,0.79661,0.542373,-0.038949,-0.0915221
0.1,0.813559,0.542373,-0.0468435,-0.0722708
0.1,0.830508,0.542373,-0.0447364,-0.0543264
0.1,0.847458,0.542373,-0.0331488,-0.0379558
0.1,0.864407,0.542373,-0.0155378,-0.0233967
0.1,0.881356,0.542373,0.00226128,-0.0108958
0.1,0.898305,0.542373,0.0126101,-0.000702663
0.1,0.915254,0.542373,0.00680051,0.00708251
0.1,0.932203,0.542373,-0.0235302,0.0126269
0.1,0.949153,0.542373,-0.0838773,0.0162179
0.1,0.966102,0.542373,-0.173658,0.0181704
0.1,0.983051,0.542373,-0.283952,0.0188481
0.1,1,0.542373,-0.398311,0.0189575
0.1,0,0.559322,-0.170759,-0.0381344
0.1,0.0169492,0.559322,-0.108622,-0.0354011
0.1,0.0338983,0.559322,-0.0496676,-0.0276483
0.1,0.0508475,0.559322,0.00615223,-0.0153411
0.1,0.0677966,0.559322,0.060842,0.000875378
0.1,0.0847458,0.559322,0.117772,0.0201542
0.1,0.101695,0.559322,0.18007,0.0414129
0.1,0.118644,0.559322,0.248307,0.0633686
0.1,0.135593,0.559322,0.318143,0.0848262
0.1,0.152542,0.559322,0.379103,0.104569
0.1,0.169492,0.559322,0.415899,0.121337
0.1,0.186441,0.559322,0.412926,0.13432
0.1,0.20339,0.559322,0.360632,0.143082
0.1,0.220339,0.559322,0.260516,0.147279
0.1,0.237288,0.559322,0.12559,0.146792
0.1,0.254237,0.559322,-0.0241551,0.141811
0.1,0.271186,0.559322,-0.168533,0.132708
0.1,0.288136,0.559322,-0.292417,0.119935
0.1,0.305085,0.559322,-0.387435,0.104033
0.1,0.322034,0.559322,-0.450664,0.0856672
0.1,0.338983,0.559322,-0.482308,0.0653432
0.1,0.355932,0.559322,-0.484176,0.0432651
0.1,0.372881,0.559322,-0.459578,0.0196688
0.1,0.389831,0.559322,-0.414167,-0.00515849
0.1,0.40678,0.559322,-0.356656,-0.0308906
0.1,0.423729,0.559322,-0.298511,-0.0571014
0.1,0.440678,0.559322,-0.252517,-0.0834168
0.1,0.457627,0.559322,-0.230753,-0.109647
0.1,0.474576,0.559322,-0.242715,-0.135518
0.1,0.491525,0.559322,-0.293758,-0.160631
0.1,0.508475,0.559322,-0.383545,-0.184372
0.1,0.525424,0.559322,-0.504296,-0.205908
0.1,0.542373,0.559322,-0.639522,-0.224454
0.1,0.559322,0.559322,-0.764964,-0.239638
0.1,0.576271,0.559322,-0.853338,-0.251057
0.1,0.59322,0.559322,-0.882517,-0.258251
0.1,0.610169,0.559322,-0.843818,-0.261192
0.1,0.627119,0.559322,-0.745696,-0.259963
0.1,0.644068,0.559322,-0.610366,-0.254555
0.1,0.661017,0.559322,-0.465244,-0.245293
0.1,0.677966,0.559322,-0.334007,-0.232708
0.1,0.694915,0.559322,-0.231318,-0.217287
0.1,0.711864,0.559322,-0.162114,-0.199637
0.1,0.728814,0.559322,-0.123818,-0.180504
0.1,0.745763,0.559322,-0.10931,-0.160581
0.1,0.762712,0.559322,-0.109428,-0.14038
0.1,0.779661,0.559322,-0.114838,-0.120266
0.1,0.79661,0.559322,-0.117521,-0.10055
0.1,0.813559,0.559322,-0.111955,-0.0815463
0.1,0.830508,0.559322,-0.0957709,-0.0635942
0.1,0.847458,0.559322,-0.0697024,-0.0469838
0.1,0.864407,0.559322,-0.0370201,-0.0319635
0.1,0.881356,0.559322,-0.00290914,-0.0188421
0.1,0.898305,0.559322,0.025836,-0.00789108
0.1,0.915254,0.559322,0.0409433,0.000771534
0.1,0.932203,0.559322,0.0333075,0.00726712
0.1,0.949153,0.559322,-0.0050676,0.0118028
0.1,0.966102,0.559322,-0.0777734,0.0145929
0.1,0.983051,0.559322,-0.180676,0.0160057
0.1,1,0.559322,-0.300937,0.0164823
0.1,0,0.576271,-0.0839763,-0.0177183
0.1,0.0169492,0.576271,-0.0283012,-0.0150743
0.1,0.0338983,0.576271,0.0226925,-0.0074798
0.1,0.0508475,0.576271,0.0700066,0.00472569
0.1,0.0677966,0.576271,0.11687,0.0210082
0.1,0.0847458,0.576271,0.167892,0.0405624
0.1,0.101695,0.576271,0.227275,0.0622957
0.1,0.118644,0.576271,0.296364,0.0848459
0.1,0.135593,0.576271,0.371152,0.107129
0.1,0.152542,0.576271,0.440846,0.127972
0.1,0.169492,0.576271,0.48901,0.146012
0.1,0.186441,0.576271,0.498151,0.16046
0.1,0.20339,0.576271,0.456561,0.170875
0.1,0.220339,0.576271,0.364044,0.176809
0.1,0.237288,0.576271,0.233004,0.178119
0.1,0.254237,0.576271,0.0840677,0.175024
0.1,0.271186,0.576271,-0.0610205,0.167894
0.1,0.288136,0.576271,-0.185223,0.15714
0.1,0.305085,0.576271,-0.278411,0.143213
0.1,0.322034,0.576271,-0.336388,0.126722
0.1,0.338983,0.576271,-0.358764,0.10816
0.1,0.355932,0.576271,-0.347525,0.0876699
0.1,0.372881,0.576271,-0.306943,0.0654619
0.1,0.389831,0.576271,-0.244233,0.0417896
0.1,0.40678,0.576271,-0.169878,0.0169598
0.1,0.423729,0.576271,-0.0968209,-0.00869996
0.1,0.440678,0.576271,-0.0386694,-0.0348781
0.1,0.457627,0.576271,-0.00772165,-0.0613984
0.1,0.474576,0.576271,-0.0135648,-0.0880217
0.1,0.491525,0.576271,-0.0622308,-0.11444
0.1,0.508475,0.576271,-0.155197,-0.140012
0.1,0.525424,0.576271,-0.287614,-0.164
0.1,0.542373,0.576271,-0.446194,-0.185667
0.1,0.559322,0.576271,-0.608588,-0.204562
0.1,0.576271,0.576271,-0.746523,-0.220105
0.1,0.59322,0.576271,-0.833307,-0.23161
0.1,0.610169,0.576271,-0.853077,-0.238971
0.1,0.627119,0.576271,-0.806818,-0.242086
0.1,0.644068,0.576271,-0.711429,-0.240673
0.1,0.661017,0.576271,-0.592446,-0.235073
0.1,0.677966,0.576271,-0.474779,-0.225841
0.1,0.694915,0.576271,-0.376073,-0.213394
0.1,0.711864,0.576271,-0.304497,-0.198321
0.1,0.728814,0.576271,-0.259998,-0.181354
0.1,0.745763,0.576271,-0.236969,-0.163149
0.1,0.762712,0.576271,-0.226961,-0.144223
0.1,0.779661,0.576271,-0.22098,-0.124988
0.1,0.79661,0.576271,-0.211359,-0.105788
0.1,0.813559,0.576271,-0.193089,-0.0869778
0.1,0.830508,0.576271,-0.164332,-0.0689729
0.1,0.847458,0.576271,-0.126031,-0.0520733
0.1,0.864407,0.576271,-0.0810021,-0.0365363
0.1,0.881356,0.576271,-0.0331883,-0.0227407
0.1,0.898305,0.576271,0.012417,-0.0109745
0.1,0.915254,0.576271,0.0492643,-0.00138528
0.1,0.932203,0.576271,0.0689118,0.00612433
0.1,0.949153,0.576271,0.0619345,0.0116534
0.1,0.966102,0.576271,0.0206997,0.0152989
0.1,0.983051,0.576271,-0.0566991,0.0174044
0.1,1,0.576271,-0.163578,0.0181688
0.1,0,0.59322,-0.00430542,-0.00126983
0.1,0.0169492,0.59322,0.0417548,0.0012957
0.1,0.0338983,0.59322,0.0818157,0.00875846
0.1,0.0508475,0.59322,0.118092,0.0209077
0.1,0.0677966,0.59322,0.155192,0.0372972
0.1,0.0847458,0.59322,0.199027,0.0571829
0.1,0.101695,0.59322,0.254895,0.0795017
0.1,0.118644,0.59322,0.324989,0.102985
0.1,0.135593,0.59322,0.405779,0.12654
0.1,0.152542,0.59322,0.486341,0.148929
0.1,0.169492,0.59322,0.54922,0.168825
0.1,0.186441,0.59322,0.574968,0.185406
0.1,0.20339,0.59322,0.549391,0.198097
0.1,0.220339,0.59322,0.470076,0.206382
0.1,0.237288,0.59322,0.348251,0.210095
0.1,0.254237,0.59322,0.20476,0.209425
0.1,0.271186,0.59322,0.06272,0.204714
0.1,0.288136,0.59322,-0.058893,0.196312
0.1,0.305085,0.59322,-0.148063,0.184643
0.1,0.322034,0.59322,-0.199213,0.17024
0.1,0.338983,0.59322,-0.211352,0.153482
0.1,0.355932,0.59322,-0.186764,0.134598
0.1,0.372881,0.59322,-0.130854,0.113827
0.1,0.389831,0.59322,-0.0525097,0.0914154
0.1,0.40678,0.59322,0.0361261,0.0676028
0.1,0.423729,0.59322,0.12105,0.0426098
0.1,0.440678,0.59322,0.188535,0.0166114
0.1,0.457627,0.59322,0.226941,-0.0101779
0.1,0.474576,0.59322,0.227443,-0.0375044
0.1,0.491525,0.59322,0.183957,-0.065053
0.1,0.508475,0.59322,0.0933792,-0.0922504
0.1,0.525424,0.59322,-0.0428156,-0.11846
0.1,0.542373,0.59322,-0.215734,-0.143076
0.1,0.559322,0.59322,-0.40678,-0.165496
0.1,0.576271,0.59322,-0.588728,-0.184936
0.1,0.59322,0.59322,-0.731874,-0.200651
0.1,0.610169,0.59322,-0.813628,-0.212335
0.1,0.627119,0.59322,-0.826692,-0.21965
0.1,0.644068,0.59322,-0.780963,-0.222262
0.1,0.661017,0.59322,-0.698233,-0.220438
0.1,0.677966,0.59322,-0.603199,-0.214624
0.1,0.694915,0.59322,-0.515697,-0.205216
0.1,0.711864,0.59322,-0.446945,-0.192794
0.1,0.728814,0.59322,-0.399609,-0.178037
0.1,0.745763,0.59322,-0.369991,-0.16155
0.1,0.762712,0.59322,-0.350833,-0.143847
0.1,0.779661,0.59322,-0.334003,-0.12541
0.1,0.79661,0.59322,-0.312722,-0.106654
0.1,0.813559,0.59322,-0.283011,-0.0880009
0.1,0.830508,0.59322,-0.244001,-0.0698954
0.1,0.847458,0.59322,-0.197132,-0.0526779
0.1,0.864407,0.59322,-0.144853,-0.0366799
0.1,0.881356,0.59322,-0.0896626,-0.0222841
0.1,0.898305,0.59322,-0.0341307,-0.00978451
0.1,0.915254,0.59322,0.0181036,0.000702253
0.1,0.932203,0.59322,0.0610558,0.00915233
0.1,0.949153,0.59322,0.0860109,0.0155499
0.1,0.966102,0.59322,0.0831298,0.0199866
0.1,0.983051,0.59322,0.0451353,0.0226514
0.1,1,0.59322,-0.0285306,0.0235757
0.1,0,0.610169,0.0649318,0.0102328
0.1,0.0169492,0.610169,0.098351,0.0127113
0.1,0.0338983,0.610169,0.124746,0.0200465
0.1,0.0508475,0.610169,0.147773,0.0321707
0.1,0.0677966,0.610169,0.173513,0.0487239
0.1,0.0847458,0.610169,0.209159,0.0690437
0.1,0.101695,0.610169,0.261061,0.0921585
0.1,0.118644,0.610169,0.332266,0.116895
0.1,0.135593,0.610169,0.419833,0.142106
0.1,0.152542,0.610169,0.512885,0.166523
0.1,0.169492,0.610169,0.593094,0.188822
0.1,0.186441,0.610169,0.63905,0.20807
0.1,0.20339,0.610169,0.633846,0.223595
0.1,0.220339,0.610169,0.572429,0.234783
0.1,0.237288,0.610169,0.464384,0.241381
0.1,0.254237,0.610169,0.330392,0.243563
0.1,0.271186,0.610169,0.194732,0.24162
0.1,0.288136,0.610169,0.0782624,0.235852
0.1,0.305085,0.610169,-0.00510211,0.226641
0.1,0.322034,0.610169,-0.0484205,0.214406
0.1,0.338983,0.610169,-0.050199,0.199495
0.1,0.355932,0.610169,-0.0131918,0.182243
0.1,0.372881,0.610169,0.0558941,0.162953
0.1,0.389831,0.610169,0.146473,0.141869
0.1,0.40678,0.610169,0.244972,0.11916
0.1,0.423729,0.610169,0.336882,0.0949038
0.1,0.440678,0.610169,0.40918,0.0691286
0.1,0.457627,0.610169,0.451836,0.0421373
0.1,0.474576,0.610169,0.457719,0.014256
0.1,0.491525,0.610169,0.421473,-0.0142364
0.1,0.508475,0.610169,0.338849,-0.0428108
0.1,0.525424,0.610169,0.207926,-0.0709451
0.1,0.542373,0.610169,0.0324555,-0.0982302
0.1,0.559322,0.610169,-0.174304,-0.123868
0.1,0.576271,0.610169,-0.388392,-0.146896
0.1,0.59322,0.610169,-0.579324,-0.166525
0.1,0.610169,0.610169,-0.719264,-0.182232
0.1,0.627119,0.610169,-0.792838,-0.193522
0.1,0.644068,0.610169,-0.801925,-0.199993
0.1,0.661017,0.610169,-0.762858,-0.201777
0.1,0.677966,0.610169,-0.698369,-0.199261
0.1,0.694915,0.610169,-0.629171,-0.192803
0.1,0.711864,0.610169,-0.568797,-0.182936
0.1,0.728814,0.610169,-0.522416,-0.170314
0.1,0.745763,0.610169,-0.488385,-0.155464
0.1,0.762712,0.610169,-0.461027,-0.138886
0.1,0.779661,0.610169,-0.43361,-0.12117
0.1,0.79661,0.610169,-0.400866,-0.102813
0.1,0.813559,0.610169,-0.360471,-0.0842627
0.1,0.830508,0.610169,-0.313081,-0.0660237
0.1,0.847458,0.610169,-0.261105,-0.0485149
0.1,0.864407,0.610169,-0.20699,-0.0320925
0.1,0.881356,0.610169,-0.152036,-0.0171627
0.1,0.898305,0.610169,-0.0963889,-0.00400418
0.1,0.915254,0.610169,-0.0402702,0.00729147
0.1,0.932203,0.610169,0.014099,0.0165513
0.1,0.949153,0.610169,0.0609313,0.0236837
0.1,0.966102,0.610169,0.0909648,0.0287717
0.1,0.983051,0.610169,0.0940364,0.031859
0.1,1,0.610169,0.0634695,0.0329092
0.1,0,0.627119,0.120816,0.0159157
0.1,0.0169492,0.627119,0.138865,0.0182849
0.1,0.0338983,0.627119,0.149273,0.0255189
0.1,0.0508475,0.627119,0.157316,0.0376732
0.1,0.0677966,0.627119,0.170566,0.0544898
0.1,0.0847458,0.627119,0.197406,0.0754108
0.1,0.101695,0.627119,0.245122,0.0995613
0.1,0.118644,0.627119,0.317576,0.12582
0.1,0.135593,0.627119,0.412494,0.153041
0.1,0.152542,0.627119,0.519207,0.179918
0.1,0.169492,0.627119,0.618668,0.205019
0.1,0.186441,0.627119,0.68753,0.227353
0.1,0.20339,0.627119,0.706009,0.246178
0.1,0.220339,0.627119,0.666088,0.26069
0.1,0.237288,0.627119,0.575332,0.270555
0.1,0.254237,0.627119,0.453946,0.27595
0.1,0.271186,0.627119,0.327176,0.277062
0.1,0.288136,0.627119,0.217662,0.27412
0.1,0.305085,0.627119,0.141139,0.267462
0.1,0.322034,0.627119,0.105806,0.257443
0.1,0.338983,0.627119,0.113491,0.244413
0.1,0.355932,0.627119,0.16078,0.228816
0.1,0.372881,0.627119,0.239537,0.211019
0.1,0.389831,0.627119,0.337535,0.191272
0.1,0.40678,0.627119,0.44011,0.169683
0.1,0.423729,0.627119,0.532857,0.146187
0.1,0.440678,0.627119,0.604257,0.120671
0.1,0.457627,0.627119,0.64675,0.0936054
0.1,0.474576,0.627119,0.65572,0.0653375
0.1,0.491525,0.627119,0.627283,0.036071
0.1,0.508475,0.627119,0.556686,0.00637666
0.1,0.525424,0.627119,0.439011,-0.0233561
0.1,0.542373,0.627119,0.272743,-0.0529495
0.1,0.559322,0.627119,0.0648646,-0.0813477
0.1,0.576271,0.627119,-0.165746,-0.107487
0.1,0.59322,0.627119,-0.390164,-0.130525
0.1,0.610169,0.627119,-0.577443,-0.149797
0.1,0.627119,0.627119,-0.705337,-0.16466
0.1,0.644068,0.627119,-0.767661,-0.174546
0.1,0.661017,0.627119,-0.774203,-0.179542
0.1,0.677966,0.627119,-0.744173,-0.180008
0.1,0.694915,0.627119,-0.697679,-0.1762
0.1,0.711864,0.627119,-0.649498,-0.168639
0.1,0.728814,0.627119,-0.606731,-0.157978
0.1,0.745763,0.627119,-0.569678,-0.144613
0.1,0.762712,0.627119,-0.534469,-0.129046
0.1,0.779661,0.627119,-0.496224,-0.112005
0.1,0.79661,0.627119,-0.451734,-0.094003
0.1,0.813559,0.627119,-0.400852,-0.0755084
0.1,0.830508,0.627119,-0.346189,-0.0571342
0.1,0.847458,0.627119,-0.29146,-0.039335
0.1,0.864407,0.627119,-0.239461,-0.0224813
0.1,0.881356,0.627119,-0.190735,-0.00704729
0.1,0.898305,0.627119,-0.143519,0.00671514
0.1,0.915254,0.627119,-0.0949812,0.0187314
0.1,0.932203,0.627119,-0.0433839,0.028648
0.1,0.949153,0.627119,0.0096064,0.0363511
0.1,0.966102,0.627119,0.0576367,0.0419279
0.1,0.983051,0.627119,0.0906849,0.0453054
0.1,1,0.627119,0.0986738,0.0464455
0.1,0,0.644068,0.160943,0.0150134
0.1,0.0169492,0.644068,0.161359,0.0173398
0.1,0.0338983,0.644068,0.154033,0.0245399
0.1,0.0508475,0.644068,0.145972,0.0367922
0.1,0.0677966,0.644068,0.146178,0.0539836
0.1,0.0847458,0.644068,0.164049,0.0756578
0.1,0.101695,0.644068,0.207645,0.101022
0.1,0.118644,0.644068,0.281571,0.129035
0.1,0.135593,0.644068,0.384281,0.158541
0.1,0.152542,0.644068,0.50547,0.188144
0.1,0.169492,0.644068,0.625515,0.216358
0.1,0.186441,0.644068,0.719171,0.242129
0.1,0.20339,0.644068,0.763641,0.26455
0.1,0.220339,0.644068,0.747689,0.282719
0.1,0.237288,0.644068,0.676568,0.296277
0.1,0.254237,0.644068,0.569773,0.305223
0.1,0.271186,0.644068,0.453367,0.309611
0.1,0.288136,0.644068,0.351664,0.309596
0.1,0.305085,0.644068,0.282113,0.305507
0.1,0.322034,0.644068,0.254013,0.297696
0.1,0.338983,0.644068,0.269344,0.286569
0.1,0.355932,0.644068,0.323862,0.272623
0.1,0.372881,0.644068,0.407949,0.256279
0.1,0.389831,0.644068,0.507885,0.2378
0.1,0.40678,0.644068,0.6083,0.217237
0.1,0.423729,0.644068,0.695483,0.194417
0.1,0.440678,0.644068,0.760074,0.16928
0.1,0.457627,0.644068,0.797586,0.142271
0.1,0.474576,0.644068,0.806451,0.113738
0.1,0.491525,0.644068,0.784786,0.0839211
0.1,0.508475,0.644068,0.727944,0.0533324
0.1,0.525424,0.644068,0.628667,0.0222716
0.1,0.542373,0.644068,0.480638,-0.00903152
0.1,0.559322,0.644068,0.284451,-0.0395081
0.1,0.576271,0.644068,0.0528924,-0.0680735
0.1,0.59322,0.644068,-0.188521,-0.0938475
0.1,0.610169,0.644068,-0.407935,-0.11603
0.1,0.627119,0.644068,-0.578066,-0.133798
0.1,0.644068,0.644068,-0.685546,-0.146497
0.1,0.661017,0.644068,-0.733444,-0.15416
0.1,0.677966,0.644068,-0.736507,-0.157062
0.1,0.694915,0.644068,-0.713026,-0.155459
0.1,0.711864,0.644068,-0.677945,-0.149891
0.1,0.728814,0.644068,-0.639592,-0.140887
0.1,0.745763,0.644068,-0.599917,-0.128786
0.1,0.762712,0.644068,-0.556924,-0.114168
0.1,0.779661,0.644068,-0.507861,-0.0977399
0.1,0.79661,0.644068,-0.45189,-0.0800335
0.1,0.813559,0.644068,-0.391252,-0.0616069
0.1,0.830508,0.644068,-0.330557,-0.0430867
0.1,0.847458,0.644068,-0.274773,-0.0249608
0.1,0.864407,0.644068,-0.227061,-0.00768957
0.1,0.881356,0.644068,-0.187488,0.00827087
0.1,0.898305,0.644068,-0.153018,0.0226631
0.1,0.915254,0.644068,-0.11868,0.0352288
0.1,0.932203,0.644068,-0.0796123,0.0456399
0.1,0.949153,0.644068,-0.0336095,0.0537814
0.1,0.966102,0.644068,0.0167223,0.0596379
0.1,0.983051,0.644068,0.0635434,0.0631356
0.1,1,0.644068,0.0961239,0.064287
0.1,0,0.661017,0.183515,0.0073328
0.1,0.0169492,0.661017,0.164667,0.00962637
0.1,0.0338983,0.661017,0.138572,0.0167955
0.1,0.0508475,0.661017,0.114003,0.0291886
0.1,0.0677966,0.661017,0.10124,0.0468535
0.1,0.0847458,0.661017,0.110465,0.0694099
0.1,0.101695,0.661017,0.150304,0.0961372
0.1,0.118644,0.661017,0.22603,0.126097
0.1,0.135593,0.661017,0.336887,0.158094
0.1,0.152542,0.661017,0.473086,0.190656
0.1,0.169492,0.661017,0.614573,0.222246
0.1,0.186441,0.661017,0.734226,0.251666
0.1,0.20339,0.661017,0.806118,0.277914
0.1,0.220339,0.661017,0.815571,0.300051
0.1,0.237288,0.661017,0.765307,0.317545
0.1,0.254237,0.661017,0.673963,0.330231
0.1,0.271186,0.661017,0.568333,0.338011
0.1,0.288136,0.661017,0.474337,0.340932
0.1,0.305085,0.661017,0.411032,0.339383
0.1,0.322034,0.661017,0.388672,0.333775
0.1,0.338983,0.661017,0.409224,0.324504
0.1,0.355932,0.661017,0.467513,0.312136
0.1,0.372881,0.661017,0.552468,0.297158
0.1,0.389831,0.661017,0.649096,0.279844
0.1,0.40678,0.661017,0.741721,0.260227
0.1,0.423729,0.661017,0.817805,0.238119
0.1,0.440678,0.661017,0.870564,0.213386
0.1,0.457627,0.661017,0.898859,0.186507
0.1,0.474576,0.661017,0.904321,0.157898
0.1,0.491525,0.661017,0.887266,0.127748
0.1,0.508475,0.661017,0.843571,0.0965457
0.1,0.525424,0.661017,0.764347,0.0646157
0.1,0.542373,0.661017,0.639327,0.0321914
0.1,0.559322,0.661017,0.463328,0.000298588
0.1,0.576271,0.661017,0.242991,-0.0299472
0.1,0.59322,0.661017,-0.00056116,-0.0577048
0.1,0.610169,0.661017,-0.236305,-0.082041
0.1,0.627119,0.661017,-0.433866,-0.101972
0.1,0.644068,0.661017,-0.574213,-0.11677
0.1,0.661017,0.661017,-0.654397,-0.12637
0.1,0.677966,0.661017,-0.684582,-0.131056
0.1,0.694915,0.661017,-0.680602,-0.13115
0.1,0.711864,0.661017,-0.656794,-0.127115
0.1,0.728814,0.661017,-0.622098,-0.119398
0.1,0.745763,0.661017,-0.579782,-0.108347
0.1,0.762712,0.661017,-0.529644,-0.0944926
0.1,0.779661,0.661017,-0.471103,-0.0785582
0.1,0.79661,0.661017,-0.405682,-0.0611307
0.1,0.813559,0.661017,-0.337798,-0.0427414
0.1,0.830508,0.661017,-0.27364,-0.0240579
0.1,0.847458,0.661017,-0.218914,-0.00564164
0.1,0.864407,0.661017,-0.17675,0.012048
0.1,0.881356,0.661017,-0.146678,0.0285497
0.1,0.898305,0.661017,-0.124809,0.0434887
0.1,0.915254,0.661017,-0.104946,0.0565102
0.1,0.932203,0.661017,-0.0803779,0.0673376
0.1,0.949153,0.661017,-0.0462714,0.0758141
0.1,0.966102,0.661017,-0.00218563,0.0818374
0.1,0.983051,0.661017,0.0465442,0.0853545
0.1,1,0.661017,0.0899837,0.0864621
0.1,0,0.677966,0.187411,-0.00715913
0.1,0.0169492,0.677966,0.148424,-0.00495256
0.1,0.0338983,0.677966,0.103337,0.00219935
0.1,0.0508475,0.677966,0.0626263,0.0147917
0.1,0.0677966,0.677966,0.0376173,0.0330311
0.1,0.0847458,0.677966,0.0389843,0.0565752
0.1,0.101695,0.677966,0.0757053,0.0847798
0.1,0.118644,0.677966,0.153647,0.116813
0.1,0.135593,0.677966,0.272924,0.151444
0.1,0.152542,0.677966,0.424426,0.187133
0.1,0.169492,0.677966,0.587804,0.22222
0.1,0.186441,0.677966,0.734079,0.255428
0.1,0.20339,0.677966,0.834062,0.285699
0.1,0.220339,0.677966,0.869441,0.311928
0.1,0.237288,0.677966,0.84025,0.333417
0.1,0.254237,0.677966,0.7642,0.349899
0.1,0.271186,0.677966,0.668809,0.361063
0.1,0.288136,0.677966,0.581591,0.366864
0.1,0.305085,0.677966,0.523143,0.367837
0.1,0.322034,0.677966,0.50456,0.364383
0.1,0.338983,0.677966,0.527693,0.356877
0.1,0.355932,0.677966,0.586408,0.34601
0.1,0.372881,0.677966,0.668296,0.332298
0.1,0.389831,0.677966,0.757359,0.31604
0.1,0.40678,0.677966,0.83798,0.297295
0.1,0.423729,0.677966,0.899112,0.275856
0.1,0.440678,0.677966,0.936704,0.251466
0.1,0.457627,0.677966,0.952888,0.224838
0.1,0.474576,0.677966,0.952288,0.196372
0.1,0.491525,0.677966,0.937274,0.166119
0.1,0.508475,0.677966,0.904401,0.134701
0.1,0.525424,0.677966,0.843751,0.102432
0.1,0.542373,0.677966,0.742104,0.0693839
0.1,0.559322,0.677966,0.589616,0.0367292
0.1,0.576271,0.677966,0.387537,0.00557856
0.1,0.59322,0.677966,0.152561,-0.0233494
0.1,0.610169,0.677966,-0.0861074,-0.0489824
0.1,0.627119,0.677966,-0.296667,-0.0702266
0.1,0.644068,0.677966,-0.456212,-0.0862414
0.1,0.661017,0.677966,-0.557122,-0.0969818
0.1,0.677966,0.677966,-0.605632,-0.10279
0.1,0.694915,0.677966,-0.615139,-0.103964
0.1,0.711864,0.677966,-0.599041,-0.100916
0.1,0.728814,0.677966,-0.566492,-0.0940764
0.1,0.745763,0.677966,-0.521782,-0.0837289
0.1,0.762712,0.677966,-0.466317,-0.0703738
0.1,0.779661,0.677966,-0.401491,-0.0548311
0.1,0.79661,0.677966,-0.33083,-0.0376297
0.1,0.813559,0.677966,-0.260335,-0.0192534
0.1,0.830508,0.677966,-0.196984,-0.000474034
0.1,0.847458,0.677966,-0.146406,0.0181577
0.1,0.864407,0.677966,-0.11105,0.0362113
0.1,0.881356,0.677966,-0.0895777,0.053168
0.1,0.898305,0.677966,-0.0773491,0.0685775
0.1,0.915254,0.677966,-0.0675227,0.0820287
0.1,0.932203,0.677966,-0.0526157,0.0932735
0.1,0.949153,0.677966,-0.0266517,0.102097
0.1,0.966102,0.677966,0.0122889,0.108327
0.1,0.983051,0.677966,0.0602293,0.111897
0.1,1,0.677966,0.107808,0.11298
0.1,0,0.694915,0.17223,-0.0285935
0.1,0.0169492,0.694915,0.113073,-0.0263823
0.1,0.0338983,0.694915,0.0496282,-0.0191194
0.1,0.0508475,0.694915,-0.00608579,-0.00620482
0.1,0.0677966,0.694915,-0.0420079,0.0126801
0.1,0.0847458,0.694915,-0.0472954,0.0372733
0.1,0.101695,0.694915,-0.0128379,0.0670233
0.1,0.118644,0.694915,0.0677754,0.10115
0.1,0.135593,0.694915,0.195634,0.138403
0.1,0.152542,0.694915,0.362482,0.177192
0.1,0.169492,0.694915,0.54781,0.215799
0.1,0.186441,0.694915,0.720784,0.252903
0.1,0.20339,0.694915,0.848832,0.287247
0.1,0.220339,0.694915,0.909832,0.317542
0.1,0.237288,0.694915,0.901038,0.343009
0.1,0.254237,0.694915,0.839249,0.363186
0.1,0.271186,0.694915,0.752784,0.377594
0.1,0.288136,0.694915,0.670791,0.386283
0.1,0.305085,0.694915,0.615382,0.389724
0.1,0.322034,0.694915,0.598422,0.388307
0.1,0.338983,0.694915,0.621596,0.382562
0.1,0.355932,0.694915,0.677864,0.373152
0.1,0.372881,0.694915,0.753662,0.360596
0.1,0.389831,0.694915,0.832279,0.345196
0.1,0.40678,0.694915,0.898444,0.327072
0.1,0.423729,0.694915,0.942761,0.306049
0.1,0.440678,0.694915,0.963806,0.282103
0.1,0.457627,0.694915,0.966626,0.255882
0.1,0.474576,0.694915,0.95834,0.227703
0.1,0.491525,0.694915,0.94296,0.19769
0.1,0.508475,0.694915,0.917636,0.166444
0.1,0.525424,0.694915,0.87185,0.134233
0.1,0.542373,0.694915,0.790423,0.101191
0.1,0.559322,0.694915,0.660221,0.0684939
0.1,0.576271,0.694915,0.478441,0.0372037
0.1,0.59322,0.694915,0.258103,0.00807864
0.1,0.610169,0.694915,0.0263602,-0.017759
0.1,0.627119,0.694915,-0.184796,-0.039238
0.1,0.644068,0.694915,-0.350386,-0.055546
0.1,0.661017,0.694915,-0.459872,-0.0666915
0.1,0.677966,0.694915,-0.516782,-0.0729324
0.1,0.694915,0.694915,-0.532638,-0.0745188
0.1,0.711864,0.694915,-0.519961,-0.0718494
0.1,0.728814,0.694915,-0.487933,-0.0653377
0.1,0.745763,0.694915,-0.441625,-0.0552555
0.1,0.762712,0.694915,-0.383771,-0.0422256
0.1,0.779661,0.694915,-0.317345,-0.0269494
0.1,0.79661,0.694915,-0.247258,-0.00988152
0.1,0.813559,0.694915,-0.180244,0.00836539
0.1,0.830508,0.694915,-0.123099,0.0271132
0.1,0.847458,0.694915,-0.0804651,0.04586
0.1,0.864407,0.694915,-0.0534217,0.0641231
0.1,0.881356,0.694915,-0.0393566,0.0813909
0.1,0.898305,0.694915,-0.0327463,0.0971866
0.1,0.915254,0.694915,-0.0263015,0.111112
0.1,0.932203,0.694915,-0.0124079,0.122863
0.1,0.949153,0.694915,0.0148338,0.132157
0.1,0.966102,0.694915,0.0570484,0.138778
0.1,0.983051,0.694915,0.109654,0.142621
0.1,1,0.694915,0.162365,0.143858
0.1,0,0.711864,0.138304,-0.05651
0.1,0.0169492,0.711864,0.0598176,-0.0542397
0.1,0.0338983,0.711864,-0.0205017,-0.0468159
0.1,0.0508475,0.711864,-0.0893569,-0.0335248
0.1,0.0677966,0.711864,-0.134324,-0.0139554
0.1,0.0847458,0.711864,-0.144735,0.0117266
0.1,0.101695,0.711864,-0.11155,0.0430232
0.1,0.118644,0.711864,-0.0278369,0.079189
0.1,0.135593,0.711864,0.108595,0.118992
0.1,0.152542,0.711864,0.29053,0.160813
0.1,0.169492,0.711864,0.497431,0.202946
0.1,0.186441,0.711864,0.696609,0.243907
0.1,0.20339,0.711864,0.851986,0.282258
0.1,0.220339,0.711864,0.937513,0.316567
0.1,0.237288,0.711864,0.947637,0.345836
0.1,0.254237,0.711864,0.898347,0.369513
0.1,0.271186,0.711864,0.818903,0.387125
0.1,0.288136,0.711864,0.740172,0.398563
0.1,0.305085,0.711864,0.685772,0.404318
0.1,0.322034,0.711864,0.668289,0.404909
0.1,0.338983,0.711864,0.689241,0.400849
0.1,0.355932,0.711864,0.740788,0.392792
0.1,0.372881,0.711864,0.808444,0.381243
0.1,0.389831,0.711864,0.875076,0.366474
0.1,0.40678,0.711864,0.925981,0.348736
0.1,0.423729,0.711864,0.95341,0.328088
0.1,0.440678,0.711864,0.958265,0.304639
0.1,0.457627,0.711864,0.94794,0.278906
0.1,0.474576,0.711864,0.931365,0.251213
0.1,0.491525,0.711864,0.91362,0.22173
0.1,0.508475,0.711864,0.892212,0.190999
0.1,0.525424,0.711864,0.856319,0.159323
0.1,0.542373,0.711864,0.78974,0.126904
0.1,0.559322,0.711864,0.677553,0.0948244
0.1,0.576271,0.711864,0.514598,0.0641986
0.1,0.59322,0.711864,0.311511,0.0358917
0.1,0.610169,0.711864,0.0936906,0.0109125
0.1,0.627119,0.711864,-0.107582,-0.00978065
0.1,0.644068,0.711864,-0.267031,-0.0255293
0.1,0.661017,0.711864,-0.373178,-0.0362782
0.1,0.677966,0.711864,-0.4284,-0.0422172
0.1,0.694915,0.711864,-0.443217,-0.0435414
0.1,0.711864,0.711864,-0.429547,-0.0406066
0.1,0.728814,0.711864,-0.396522,-0.0338899
0.1,0.745763,0.711864,-0.349759,-0.0237957
0.1,0.762712,0.711864,-0.292984,-0.0108657
0.1,0.779661,0.711864,-0.23024,0.00429776
0.1,0.79661,0.711864,-0.167081,0.0211855
0.1,0.813559,0.711864,-0.110023,0.0392321
0.1,0.830508,0.711864,-0.0646775,0.057867
0.1,0.847458,0.711864,-0.0338398,0.0765946
0.1,0.864407,0.711864,-0.0166029,0.0949363
0.1,0.881356,0.711864,-0.0086977,0.112413
0.1,0.898305,0.711864,-0.00350055,0.12858
0.1,0.915254,0.711864,0.0067689,0.143049
0.1,0.932203,0.711864,0.0295465,0.155421
0.1,0.949153,0.711864,0.0697083,0.165341
0.1,0.966102,0.711864,0.126839,0.172562
0.1,0.983051,0.711864,0.193443,0.176892
0.1,1,0.711864,0.256159,0.178366
0.1,0,0.728814,0.0866891,-0.0902453
0.1,0.0169492,0.728814,-0.00944024,-0.0879864
0.1,0.0338983,0.728814,-0.104372,-0.0804125
0.1,0.0508475,0.728814,-0.183881,-0.0667282
0.1,0.0677966,0.728814,-0.2356,-0.046418
0.1,0.0847458,0.728814,-0.249383,-0.0196414
0.1,0.101695,0.728814,-0.216437,0.0131448
0.1,0.118644,0.728814,-0.129303,0.0512984
0.1,0.135593,0.728814,0.0154489,0.0935853
0.1,0.152542,0.728814,0.211831,0.138357
0.1,0.169492,0.728814,0.439401,0.183868
0.1,0.186441,0.728814,0.663623,0.228525
0.1,0.20339,0.728814,0.844836,0.270749
0.1,0.220339,0.728814,0.953007,0.308843
0.1,0.237288,0.728814,0.979848,0.341657
0.1,0.254237,0.728814,0.940719,0.368705
0.1,0.271186,0.728814,0.866007,0.389335
0.1,0.288136,0.728814,0.788381,0.403288
0.1,0.305085,0.728814,0.732944,0.411267
0.1,0.322034,0.728814,0.712939,0.413765
0.1,0.338983,0.728814,0.729722,0.411234
0.1,0.355932,0.728814,0.774797,0.404398
0.1,0.372881,0.728814,0.833021,0.393719
0.1,0.389831,0.728814,0.88713,0.379446
0.1,0.40678,0.728814,0.923154,0.362075
0.1,0.423729,0.728814,0.934878,0.341825
0.1,0.440678,0.728814,0.925095,0.318836
0.1,0.457627,0.728814,0.902848,0.293665
0.1,0.474576,0.728814,0.878108,0.266642
0.1,0.491525,0.728814,0.856385,0.237876
0.1,0.508475,0.728814,0.835253,0.208022
0.1,0.525424,0.728814,0.803839,0.17741
0.1,0.542373,0.728814,0.74586,0.1461
0.1,0.559322,0.728814,0.646195,0.1153
0.1,0.576271,0.728814,0.499218,0.0861798
0.1,0.59322,0.728814,0.314714,0.0595668
0.1,0.610169,0.728814,0.116819,0.0363486
0.1,0.627119,0.728814,-0.0647456,0.0173267
0.1,0.644068,0.728814,-0.206269,0.00304841
0.1,0.661017,0.728814,-0.297439,-0.00645376
0.1,0.677966,0.728814,-0.341133,-0.0113601
0.1,0.694915,0.728814,-0.347756,-0.0117541
0.1,0.711864,0.728814,-0.328854,-0.00801066
0.1,0.728814,0.728814,-0.293378,-0.000751132
0.1,0.745763,0.728814,-0.247215,0.00961826
0.1,0.762712,0.728814,-0.194728,0.0226444
0.1,0.779661,0.728814,-0.140532,0.0377438
0.1,0.79661,0.728814,-0.0901132,0.0544437
0.1,0.813559,0.728814,-0.0488719,0.0722721
0.1,0.830508,0.728814,-0.020307,0.0907331
0.1,0.847458,0.728814,-0.00457682,0.109366
0.1,0.864407,0.728814,0.00175965,0.127727
0.1,0.881356,0.728814,0.00497334,0.145385
0.1,0.898305,0.728814,0.0130036,0.161946
0.1,0.915254,0.728814,0.0341834,0.177031
0.1,0.932203,0.728814,0.0754674,0.190129
0.1,0.949153,0.728814,0.139715,0.200808
0.1,0.966102,0.728814,0.222606,0.208772
0.1,0.983051,0.728814,0.311281,0.213665
0.1,1,0.728814,0.387093,0.215367
0.1,0,0.745763,0.0191213,-0.129422
0.1,0.0169492,0.745763,-0.0922016,-0.1271
0.1,0.0338983,0.745763,-0.198818,-0.119242
0.1,0.0508475,0.745763,-0.286001,-0.10504
0.1,0.0677966,0.745763,-0.34189,-0.0839475
0.1,0.0847458,0.745763,-0.35719,-0.0561097
0.1,0.101695,0.745763,-0.323507,-0.0218892
0.1,0.118644,0.745763,-0.232829,0.0181522
0.1,0.135593,0.745763,-0.0803432,0.0627502
0.1,0.152542,0.745763,0.12936,0.110243
0.1,0.169492,0.745763,0.376059,0.158851
0.1,0.186441,0.745763,0.623404,0.206932
0.1,0.20339,0.745763,0.828142,0.252676
0.1,0.220339,0.745763,0.956312,0.294151
0.1,0.237288,0.745763,0.997071,0.330328
0.1,0.254237,0.745763,0.965402,0.360494
0.1,0.271186,0.745763,0.893004,0.383777
0.1,0.288136,0.745763,0.814392,0.400215
0.1,0.305085,0.745763,0.756055,0.410346
0.1,0.322034,0.745763,0.73178,0.414571
0.1,0.338983,0.745763,0.742746,0.413446
0.1,0.355932,0.745763,0.779945,0.407673
0.1,0.372881,0.745763,0.827867,0.397694
0.1,0.389831,0.745763,0.869419,0.383937
0.1,0.40678,0.745763,0.891506,0.366972
0.1,0.423729,0.745763,0.889293,0.347098
0.1,0.440678,0.745763,0.866959,0.324588
0.1,0.457627,0.745763,0.834461,0.300011
0.1,0.474576,0.745763,0.802027,0.273696
0.1,0.491525,0.745763,0.774983,0.245854
0.1,0.508475,0.745763,0.750726,0.21717
0.1,0.525424,0.745763,0.718658,0.187955
0.1,0.542373,0.745763,0.663436,0.158342
0.1,0.559322,0.745763,0.571413,0.129575
0.1,0.576271,0.745763,0.438431,0.10275
0.1,0.59322,0.745763,0.274895,0.0786536
0.1,0.610169,0.745763,0.103961,0.0580666
0.1,0.627119,0.745763,-0.0473509,0.041608
0.1,0.644068,0.745763,-0.158974,0.0296835
0.1,0.661017,0.745763,-0.223902,0.0222272
0.1,0.677966,0.745763,-0.246976,0.0191053
0.1,0.694915,0.745763,-0.239059,0.02026
0.1,0.711864,0.745763,-0.211249,0.0251371
0.1,0.728814,0.745763,-0.171959,0.033186
0.1,0.745763,0.745763,-0.126982,0.0440485
0.1,0.762712,0.745763,-0.0810015,0.057233
0.1,0.779661,0.745763,-0.0388539,0.0722695
0.1,0.79661,0.745763,-0.00544605,0.08878
0.1,0.813559,0.745763,0.0156241,0.106373
0.1,0.830508,0.745763,0.023745,0.124626
0.1,0.847458,0.745763,0.0220935,0.143131
0.1,0.864407,0.745763,0.0171635,0.161493
0.1,0.881356,0.745763,0.0175465,0.179341
0.1,0.898305,0.745763,0.0326233,0.196341
0.1,0.915254,0.745763,0.0711279,0.212089
0.1,0.932203,0.745763,0.138879,0.226005
0.1,0.949153,0.745763,0.235312,0.237562
0.1,0.966102,0.745763,0.350049,0.246308
0.1,0.983051,0.745763,0.462511,0.251785
0.1,1,0.745763,0.547198,0.253751
0.1,0,0.762712,-0.0620475,-0.173202
0.1,0.0169492,0.762712,-0.185478,-0.170709
0.1,0.0338983,0.762712,-0.300338,-0.162446
0.1,0.0508475,0.762712,-0.391881,-0.147614
0.1,0.0677966,0.762712,-0.449211,-0.125716
0.1,0.0847458,0.762712,-0.464197,-0.0968222
0.1,0.101695,0.762712,-0.428959,-0.0612317
0.1,0.118644,0.762712,-0.334898,-0.0194586
0.1,0.135593,0.762712,-0.175693,0.0272557
0.1,0.152542,0.762712,0.0456197,0.0771882
0.1,0.169492,0.762712,0.309167,0.128593
0.1,0.186441,0.762712,0.576876,0.179706
0.1,0.20339,0.762712,0.802012,0.228513
0.1,0.220339,0.762712,0.946881,0.273117
0.1,0.237288,0.762712,0.99838,0.31229
0.1,0.254237,0.762712,0.971404,0.34516
0.1,0.271186,0.762712,0.899111,0.371014
0.1,0.288136,0.762712,0.817789,0.389769
0.1,0.305085,0.762712,0.755109,0.401831
0.1,0.322034,0.762712,0.725197,0.407643
0.1,0.338983,0.762712,0.728987,0.407734
0.1,0.355932,0.762712,0.757097,0.40282
0.1,0.372881,0.762712,0.793946,0.393485
0.1,0.389831,0.762712,0.822939,0.38025
0.1,0.40678,0.762712,0.832025,0.363698
0.1,0.423729,0.762712,0.817604,0.344233
0.1,0.440678,0.762712,0.784761,0.322222
0.1,0.457627,0.762712,0.743659,0.298229
0.1,0.474576,0.762712,0.704061,0.272679
0.1,0.491525,0.762712,0.670589,0.245936
0.1,0.508475,0.762712,0.640354,0.218618
0.1,0.525424,0.762712,0.603502,0.19111
0.1,0.542373,0.762712,0.546782,0.163776
0.1,0.559322,0.762712,0.459733,0.137665
0.1,0.576271,0.762712,0.341441,0.113793
0.1,0.59322,0.762712,0.203991,0.0929525
0.1,0.610169,0.762712,0.0692519,0.0757628
0.1,0.627119,0.762712,-0.0401383,0.0626382
0.1,0.644068,0.762712,-0.110076,0.0537741
0.1,0.661017,0.762712,-0.138808,0.0490833
0.1,0.677966,0.762712,-0.134081,0.0484123
0.1,0.694915,0.762712,-0.107165,0.0514954
0.1,0.711864,0.762712,-0.0680941,0.0578046
0.1,0.728814,0.762712,-0.0240648,0.0668918
0.1,0.745763,0.762712,0.0197003,0.0783563
0.1,0.762712,0.762712,0.0584177,0.0917493
0.1,0.779661,0.762712,0.0871374,0.106739
0.1,0.79661,0.762712,0.101691,0.123058
0.1,0.813559,0.762712,0.100615,0.140407
0.1,0.830508,0.762712,0.0866695,0.158434
0.1,0.847458,0.762712,0.066895,0.176783
0.1,0.864407,0.762712,0.0512704,0.195122
0.1,0.881356,0.762712,0.0509329,0.21315
0.1,0.898305,0.762712,0.0766144,0.230571
0.1,0.915254,0.762712,0.136888,0.246991
0.1,0.932203,0.762712,0.235217,0.261774
0.1,0.949153,0.762712,0.365703,0.274235
0.1,0.966102,0.762712,0.509691,0.28372
0.1,0.983051,0.762712,0.637243,0.289783
0.1,1,0.762712,0.715998,0.292057
0.1,0,0.779661,-0.15394,-0.220411
0.1,0.0169492,0.779661,-0.28591,-0.217797
0.1,0.0338983,0.779661,-0.40523,-0.2091
0.1,0.0508475,0.779661,-0.497651,-0.193577
0.1,0.0677966,0.779661,-0.553698,-0.170766
0.1,0.0847458,0.779661,-0.566674,-0.140775
0.1,0.101695,0.779661,-0.529315,-0.103876
0.1,0.118644,0.779661,-0.4324,-0.060417
0.1,0.135593,0.779661,-0.267997,-0.0117206
0.1,0.152542,0.779661,-0.0374536,0.0403909
0.1,0.169492,0.779661,0.239859,0.0942685
0.1,0.186441,0.779661,0.524338,0.148043
0.1,0.20339,0.779661,0.766027,0.199556
0.1,0.220339,0.779661,0.923861,0.246855
0.1,0.237288,0.779661,0.982872,0.28857
0.1,0.254237,0.779661,0.958148,0.323867
0.1,0.271186,0.779661,0.884335,0.351998
0.1,0.288136,0.779661,0.799278,0.372725
0.1,0.305085,0.779661,0.731475,0.386485
0.1,0.322034,0.779661,0.69509,0.393667
0.1,0.338983,0.779661,0.690687,0.394747
0.1,0.355932,0.779661,0.708624,0.390575
0.1,0.372881,0.779661,0.733552,0.381834
0.1,0.389831,0.779661,0.749731,0.369085
0.1,0.40678,0.779661,0.746375,0.35298
0.1,0.423729,0.779661,0.721042,0.333979
0.1,0.440678,0.779661,0.679327,0.312468
0.1,0.457627,0.779661,0.630992,0.289109
0.1,0.474576,0.779661,0.584732,0.264439
0.1,0.491525,0.779661,0.544098,0.238896
0.1,0.508475,0.779661,0.505975,0.213153
0.1,0.525424,0.779661,0.461883,0.187712
0.1,0.542373,0.779661,0.401898,0.162989
0.1,0.559322,0.779661,0.320334,0.139946
0.1,0.576271,0.779661,0.220872,0.119523
0.1,0.59322,0.779661,0.117609,0.102461
0.1,0.610169,0.779661,0.0300115,0.0891853
0.1,0.627119,0.779661,-0.0258973,0.0798936
0.1,0.644068,0.779661,-0.0443056,0.0746062
0.1,0.661017,0.779661,-0.0301149,0.0731852
0.1,0.677966,0.779661,0.00592584,0.0753752
0.1,0.694915,0.779661,0.0530117,0.0807327
0.1,0.711864,0.779661,0.103358,0.0887661
0.1,0.728814,0.779661,0.151971,0.0991075
0.1,0.745763,0.779661,0.19473,0.111319
0.1,0.762712,0.779661,0.226858,0.125008
0.1,0.779661,0.779661,0.243116,0.140003
0.1,0.79661,0.779661,0.239838,0.156151
0.1,0.813559,0.779661,0.217564,0.173256
0.1,0.830508,0.779661,0.182483,0.191019
0.1,0.847458,0.779661,0.145685,0.209162
0.1,0.864407,0.779661,0.120806,0.227419
0.1,0.881356,0.779661,0.121496,0.245549
0.1,0.898305,0.779661,0.159399,0.263307
0.1,0.915254,0.779661,0.241905,0.280331
0.1,0.932203,0.779661,0.368476,0.295882
0.1,0.949153,0.779661,0.525905,0.309118
0.1,0.966102,0.779661,0.685765,0.319198
0.1,0.983051,0.779661,0.808837,0.325778
0.1,1,0.779661,0.858264,0.328333
0.1,0,0.79661,-0.253266,-0.270269
0.1,0.0169492,0.79661,-0.389891,-0.267472
0.1,0.0338983,0.79661,-0.509716,-0.258168
0.1,0.0508475,0.79661,-0.599531,-0.241761
0.1,0.0677966,0.79661,-0.651701,-0.217869
0.1,0.0847458,0.79661,-0.661211,-0.186667
0.1,0.101695,0.79661,-0.621491,-0.148365
0.1,0.118644,0.79661,-0.522677,-0.103228
0.1,0.135593,0.79661,-0.355153,-0.0527856
0.1,0.152542,0.79661,-0.118456,0.00123194
0.1,0.169492,0.79661,0.168756,0.0572426
0.1,0.186441,0.79661,0.465672,0.11318
0.1,0.20339,0.79661,0.719567,0.166875
0.1,0.220339,0.79661,0.886528,0.216301
0.1,0.237288,0.79661,0.950168,0.260168
0.1,0.254237,0.79661,0.92597,0.297517
0.1,0.271186,0.79661,0.849938,0.327474
0.1,0.288136,0.79661,0.76107,0.349881
0.1,0.305085,0.79661,0.688208,0.36507
0.1,0.322034,0.79661,0.645166,0.373341
0.1,0.338983,0.79661,0.631983,0.375275
0.1,0.355932,0.79661,0.638853,0.371762
0.1,0.372881,0.79661,0.650962,0.363545
0.1,0.389831,0.79661,0.653807,0.351292
0.1,0.40678,0.79661,0.638138,0.335674
0.1,0.423729,0.79661,0.602692,0.317158
0.1,0.440678,0.79661,0.553292,0.29621
0.1,0.457627,0.79661,0.498837,0.273563
0.1,0.474576,0.79661,0.446515,0.249841
0.1,0.491525,0.79661,0.398601,0.225604
0.1,0.508475,0.79661,0.351965,0.201603
0.1,0.525424,0.79661,0.300215,0.178421
0.1,0.542373,0.79661,0.2379,0.15656
0.1,0.559322,0.79661,0.165341,0.136929
0.1,0.576271,0.79661,0.0914884,0.120311
0.1,0.59322,0.79661,0.031933,0.107329
0.1,0.610169,0.79661,0.00189402,0.098216
0.1,0.627119,0.79661,0.00833508,0.0930106
0.1,0.644068,0.79661,0.0468894,0.091582
0.1,0.661017,0.79661,0.105506,0.0937103
0.1,0.677966,0.79661,0.171314,0.0990003
0.1,0.694915,0.79661,0.23556,0.106864
0.1,0.711864,0.79661,0.294256,0.116884
0.1,0.728814,0.79661,0.345668,0.128674
0.1,0.745763,0.79661,0.387254,0.141768
0.1,0.762712,0.79661,0.414218,0.155891
0.1,0.779661,0.79661,0.420668,0.170981
0.1,0.79661,0.79661,0.402899,0.187005
0.1,0.813559,0.79661,0.362916,0.203821
0.1,0.830508,0.79661,0.309914,0.221249
0.1,0.847458,0.79661,0.258734,0.239108
0.1,0.864407,0.79661,0.226395,0.257198
0.1,0.881356,0.79661,0.228624,0.275338
0.1,0.898305,0.79661,0.277176,0.293319
0.1,0.915254,0.79661,0.377004,0.310714
0.1,0.932203,0.79661,0.52205,0.326731
0.1,0.949153,0.79661,0.690662,0.340417
0.1,0.966102,0.79661,0.844891,0.350863
0.1,0.983051,0.79661,0.938758,0.357732
0.1,1,0.79661,0.935555,0.360356
0.1,0,0.813559,-0.356443,-0.321715
0.1,0.0169492,0.813559,-0.493689,-0.318558
0.1,0.0338983,0.813559,-0.61006,-0.308431
0.1,0.0508475,0.813559,-0.693916,-0.290944
0.1,0.0677966,0.813559,-0.739862,-0.265837
0.1,0.0847458,0.813559,-0.744765,-0.233256
0.1,0.101695,0.813559,-0.70281,-0.193425
0.1,0.118644,0.813559,-0.603496,-0.14682
0.1,0.135593,0.813559,-0.435482,-0.0948245
0.1,0.152542,0.813559,-0.196362,-0.0391318
0.1,0.169492,0.813559,0.0962063,0.0185122
0.1,0.186441,0.813559,0.400695,0.0760685
0.1,0.20339,0.813559,0.662254,0.131395
0.1,0.220339,0.813559,0.834765,0.182543
0.1,0.237288,0.813559,0.900855,0.228109
0.1,0.254237,0.813559,0.876458,0.267039
0.1,0.271186,0.813559,0.7986,0.298508
0.1,0.288136,0.813559,0.706864,0.322259
0.1,0.305085,0.813559,0.629859,0.338542
0.1,0.322034,0.813559,0.580643,0.347721
0.1,0.338983,0.813559,0.55858,0.35038
0.1,0.355932,0.813559,0.553801,0.347418
0.1,0.372881,0.813559,0.552333,0.339695
0.1,0.389831,0.813559,0.541291,0.32797
0.1,0.40678,0.813559,0.513268,0.31287
0.1,0.423729,0.813559,0.468268,0.294894
0.1,0.440678,0.813559,0.412174,0.274592
0.1,0.457627,0.813559,0.352703,0.25271
0.1,0.474576,0.813559,0.295244,0.229981
0.1,0.491525,0.813559,0.240728,0.207141
0.1,0.508475,0.813559,0.186275,0.184944
0.1,0.525424,0.813559,0.128215,0.164076
0.1,0.542373,0.813559,0.0664126,0.145279
0.1,0.559322,0.813559,0.00786352,0.129274
0.1,0.576271,0.813559,-0.033278,0.116631
0.1,0.59322,0.813559,-0.0411154,0.107791
0.1,0.610169,0.813559,-0.00675733,0.10289
0.1,0.627119,0.813559,0.0656396,0.101834
0.1,0.644068,0.813559,0.160554,0.104368
0.1,0.661017,0.813559,0.259322,0.110132
0.1,0.677966,0.813559,0.348568,0.118605
0.1,0.694915,0.813559,0.423442,0.129157
0.1,0.711864,0.813559,0.485178,0.141297
0.1,0.728814,0.813559,0.536096,0.154642
0.1,0.745763,0.813559,0.575487,0.168764
0.1,0.762712,0.813559,0.598412,0.183413
0.1,0.779661,0.813559,0.597932,0.198658
0.1,0.79661,0.813559,0.569718,0.214545
0.1,0.813559,0.813559,0.516524,0.230997
0.1,0.830508,0.813559,0.449794,0.248
0.1,0.847458,0.813559,0.387383,0.265487
0.1,0.864407,0.813559,0.348955,0.283311
0.1,0.881356,0.813559,0.351498,0.301351
0.1,0.898305,0.813559,0.405923,0.319367
0.1,0.915254,0.813559,0.513729,0.336826
0.1,0.932203,0.813559,0.662692,0.352963
0.1,0.949153,0.813559,0.823198,0.366793
0.1,0.966102,0.813559,0.950215,0.377354
0.1,0.983051,0.813559,0.995526,0.384204
0.1,1,0.813559,0.928005,0.386709
0.1,0,0.830508,-0.45974,-0.373104
0.1,0.0169492,0.830508,-0.593568,-0.369575
0.1,0.0338983,0.830508,-0.702657,-0.358616
0.1,0.0508475,0.830508,-0.777458,-0.340042
0.1,0.0677966,0.830508,-0.815156,-0.313664
0.1,0.0847458,0.830508,-0.814661,-0.27969
0.1,0.101695,0.830508,-0.770971,-0.238461
0.1,0.118644,0.830508,-0.672966,-0.190473
0.1,0.135593,0.830508,-0.507569,-0.137057
0.1,0.152542,0.830508,-0.270285,-0.0799944
0.1,0.169492,0.830508,0.022619,-0.021073
0.1,0.186441,0.830508,0.329559,0.0377287
0.1,0.20339,0.830508,0.594365,0.0943162
0.1,0.220339,0.830508,0.769414,0.146757
0.1,0.237288,0.830508,0.83669,0.193579
0.1,0.254237,0.830508,0.812428,0.233745
0.1,0.271186,0.830508,0.734139,0.266365
0.1,0.288136,0.830508,0.641309,0.291077
0.1,0.305085,0.830508,0.561723,0.308207
0.1,0.322034,0.830508,0.507333,0.318119
0.1,0.338983,0.830508,0.476733,0.321348
0.1,0.355932,0.830508,0.46014,0.318883
0.1,0.372881,0.830508,0.444721,0.311666
0.1,0.389831,0.830508,0.419575,0.300507
0.1,0.40678,0.830508,0.379429,0.285985
0.1,0.423729,0.830508,0.325652,0.268627
0.1,0.440678,0.830508,0.264079,0.249025
0.1,0.457627,0.830508,0.201013,0.227972
0.1,0.474576,0.830508,0.139852,0.206309
0.1,0.491525,0.830508,0.0801539,0.184914
0.1,0.508475,0.830508,0.0194834,0.164526
0.1,0.525424,0.830508,-0.0427404,0.145971
0.1,0.542373,0.830508,-0.100971,0.130224
0.1,0.559322,0.830508,-0.141472,0.11778
0.1,0.576271,0.830508,-0.145469,0.108998
0.1,0.59322,0.830508,-0.0980657,0.104201
0.1,0.610169,0.830508,0.00169662,0.103427
0.1,0.627119,0.830508,0.137474,0.106454
0.1,0.644068,0.830508,0.282712,0.112889
0.1,0.661017,0.830508,0.413411,0.122245
0.1,0.677966,0.830508,0.517428,0.133911
0.1,0.694915,0.830508,0.595266,0.147131
0.1,0.711864,0.830508,0.654184,0.161365
0.1,0.728814,0.830508,0.700793,0.176304
0.1,0.745763,0.830508,0.736152,0.191455
0.1,0.762712,0.830508,0.755013,0.206589
0.1,0.779661,0.830508,0.749164,0.221983
0.1,0.79661,0.830508,0.7133,0.237693
0.1,0.813559,0.830508,0.650379,0.253698
0.1,0.830508,0.830508,0.57333,0.270199
0.1,0.847458,0.830508,0.502103,0.287209
0.1,0.864407,0.830508,0.458025,0.304618
0.1,0.881356,0.830508,0.458392,0.322394
0.1,0.898305,0.830508,0.512491,0.340248
0.1,0.915254,0.830508,0.618038,0.357569
0.1,0.932203,0.830508,0.757249,0.373656
0.1,0.949153,0.830508,0.894679,0.387481
0.1,0.966102,0.830508,0.982075,0.397918
0.1,0.983051,0.830508,0.973817,0.404618
0.1,1,0.830508,0.848256,0.407072
0.1,0,0.847458,-0.559417,-0.422981
0.1,0.0169492,0.847458,-0.685906,-0.419136
0.1,0.0338983,0.847458,-0.784139,-0.407437
0.1,0.0508475,0.847458,-0.847127,-0.387839
0.1,0.0677966,0.847458,-0.874924,-0.360238
0.1,0.0847458,0.847458,-0.868597,-0.324989
0.1,0.101695,0.847458,-0.823995,-0.282485
0.1,0.118644,0.847458,-0.729429,-0.2332
0.1,0.135593,0.847458,-0.57009,-0.178611
0.1,0.152542,0.847458,-0.339227,-0.120475
0.1,0.169492,0.847458,-0.0512313,-0.0605624
0.1,0.186441,0.847458,0.253064,-0.000860556
0.1,0.20339,0.847458,0.517084,0.0566019
0.1,0.220339,0.847458,0.692384,0.109889
0.1,0.237288,0.847458,0.760479,0.157611
0.1,0.254237,0.847458,0.737544,0.198661
0.1,0.271186,0.847458,0.660879,0.232022
0.1,0.288136,0.847458,0.569152,0.257426
0.1,0.305085,0.847458,0.488812,0.275199
0.1,0.322034,0.847458,0.430475,0.285669
0.1,0.338983,0.847458,0.391992,0.289457
0.1,0.355932,0.847458,0.363865,0.28756
0.1,0.372881,0.847458,0.334713,0.280932
0.1,0.389831,0.847458,0.295939,0.270375
0.1,0.40678,0.847458,0.24462,0.256464
0.1,0.423729,0.847458,0.183533,0.239772
0.1,0.440678,0.847458,0.118328,0.220956
0.1,0.457627,0.847458,0.0536728,0.200848
0.1,0.474576,0.847458,-0.0092098,0.180352
0.1,0.491525,0.847458,-0.0722198,0.160425
0.1,0.508475,0.847458,-0.137358,0.141825
0.1,0.525424,0.847458,-0.202134,0.125515
0.1,0.542373,0.847458,-0.255461,0.112591
0.1,0.559322,0.847458,-0.277241,0.103365
0.1,0.576271,0.847458,-0.244714,0.0981169
0.1,0.59322,0.847458,-0.144726,0.097091
0.1,0.610169,0.847458,0.0152949,0.100203
0.1,0.627119,0.847458,0.207042,0.107092
0.1,0.644068,0.847458,0.393922,0.117215
0.1,0.661017,0.847458,0.547949,0.129988
0.1,0.677966,0.847458,0.65933,0.144661
0.1,0.694915,0.847458,0.734402,0.160323
0.1,0.711864,0.847458,0.786342,0.176538
0.1,0.728814,0.847458,0.825668,0.192938
0.1,0.745763,0.847458,0.85487,0.208931
0.1,0.762712,0.847458,0.868271,0.224533
0.1,0.779661,0.847458,0.85646,0.240041
0.1,0.79661,0.847458,0.813239,0.255477
0.1,0.813559,0.847458,0.74166,0.270996
0.1,0.830508,0.847458,0.6557,0.286918
0.1,0.847458,0.847458,0.576644,0.303311
0.1,0.864407,0.847458,0.526573,0.32016
0.1,0.881356,0.847458,0.522302,0.337499
0.1,0.898305,0.847458,0.571133,0.355014
0.1,0.915254,0.847458,0.667441,0.372094
0.1,0.932203,0.847458,0.789477,0.388042
0.1,0.949153,0.847458,0.89886,0.401723
0.1,0.966102,0.847458,0.947819,0.411955
0.1,0.983051,0.847458,0.896489,0.418491
0.1,1,0.847458,0.733534,0.420847
0.1,0,0.864407,-0.651868,-0.470164
0.1,0.0169492,0.864407,-0.767324,-0.466075
0.1,0.0338983,0.864407,-0.851462,-0.453717
0.1,0.0508475,0.864407,-0.900282,-0.433169
0.1,0.0677966,0.864407,-0.916915,-0.404489
0.1,0.0847458,0.864407,-0.904644,-0.368073
0.1,0.101695,0.864407,-0.860194,-0.324391
0.1,0.118644,0.864407,-0.771368,-0.274102
0.1,0.135593,0.864407,-0.621661,-0.218598
0.1,0.152542,0.864407,-0.401887,-0.15964
0.1,0.169492,0.864407,-0.124001,-0.0990723
0.1,0.186441,0.864407,0.172815,-0.0388372
0.1,0.20339,0.864407,0.432532,0.0191035
0.1,0.220339,0.864407,0.606485,0.0729249
0.1,0.237288,0.864407,0.675706,0.121198
0.1,0.254237,0.864407,0.655754,0.162742
0.1,0.271186,0.864407,0.582939,0.1966
0.1,0.288136,0.864407,0.494445,0.222465
0.1,0.305085,0.864407,0.415023,0.240656
0.1,0.322034,0.864407,0.353893,0.251641
0.1,0.338983,0.864407,0.308317,0.256089
0.1,0.355932,0.864407,0.269365,0.254887
0.1,0.372881,0.864407,0.227418,0.248927
0.1,0.389831,0.864407,0.176434,0.238992
0.1,0.40678,0.864407,0.115949,0.225707
0.1,0.423729,0.864407,0.0500531,0.209725
0.1,0.440678,0.864407,-0.0160339,0.191809
0.1,0.457627,0.864407,-0.0795613,0.17277
0.1,0.474576,0.864407,-0.141727,0.153515
0.1,0.491525,0.864407,-0.2061,0.135021
0.1,0.508475,0.864407,-0.27452,0.118154
0.1,0.525424,0.864407,-0.341858,0.103944
0.1,0.542373,0.864407,-0.392058,0.0934076
0.1,0.559322,0.864407,-0.399209,0.0869311
0.1,0.576271,0.864407,-0.336787,0.0847622
0.1,0.59322,0.864407,-0.193004,0.0870857
0.1,0.610169,0.864407,0.0173563,0.0937157
0.1,0.627119,0.864407,0.255461,0.104121
0.1,0.644068,0.864407,0.476015,0.117615
0.1,0.661017,0.864407,0.64779,0.133465
0.1,0.677966,0.864407,0.763278,0.150797
0.1,0.694915,0.864407,0.833937,0.168696
0.1,0.711864,0.864407,0.877891,0.186612
0.1,0.728814,0.864407,0.908732,0.204144
0.1,0.745763,0.864407,0.929939,0.220896
0.1,0.762712,0.864407,0.935436,0.236884
0.1,0.779661,0.864407,0.91501,0.252356
0.1,0.79661,0.864407,0.862136,0.267448
0.1,0.813559,0.864407,0.780381,0.282402
0.1,0.830508,0.864407,0.684804,0.297612
0.1,0.847458,0.864407,0.597636,0.313267
0.1,0.864407,0.864407,0.54109,0.32942
0.1,0.881356,0.864407,0.53102,0.346155
0.1,0.898305,0.864407,0.572806,0.363225
0.1,0.915254,0.864407,0.658403,0.380035
0.1,0.932203,0.864407,0.763981,0.395782
0.1,0.949153,0.864407,0.85072,0.409276
0.1,0.966102,0.864407,0.873507,0.419381
0.1,0.983051,0.864407,0.798753,0.425712
0.1,1,0.864407,0.623331,0.427867
0.1,0,0.881356,-0.73376,-0.513793
0.1,0.0169492,0.881356,-0.834798,-0.509468
0.1,0.0338983,0.881356,-0.902018,-0.496522
0.1,0.0508475,0.881356,-0.934758,-0.475177
0.1,0.0677966,0.881356,-0.939354,-0.445542
0.1,0.0847458,0.881356,-0.92129,-0.408124
0.1,0.101695,0.881356,-0.878174,-0.363538
0.1,0.118644,0.881356,-0.797381,-0.31244
0.1,0.135593,0.881356,-0.660779,-0.256206
0.1,0.152542,0.881356,-0.45658,-0.196688
0.1,0.169492,0.881356,-0.193727,-0.135733
0.1,0.186441,0.881356,0.0911778,-0.0752254
0.1,0.20339,0.881356,0.343587,-0.0170465
0.1,0.220339,0.881356,0.515093,0.0370269
0.1,0.237288,0.881356,0.586066,0.0855479
0.1,0.254237,0.881356,0.570769,0.127362
0.1,0.271186,0.881356,0.503741,0.161482
0.1,0.288136,0.881356,0.420146,0.187558
0.1,0.305085,0.881356,0.342855,0.206058
0.1,0.322034,0.881356,0.279808,0.217552
0.1,0.338983,0.881356,0.227972,0.222685
0.1,0.355932,0.881356,0.179325,0.222225
0.1,0.372881,0.881356,0.126319,0.21699
0.1,0.389831,0.881356,0.0656342,0.20775
0.1,0.40678,0.881356,-0.000786025,0.19515
0.1,0.423729,0.881356,-0.0678081,0.179932
0.1,0.440678,0.881356,-0.131032,0.162968
0.1,0.457627,0.881356,-0.190007,0.145003
0.1,0.474576,0.881356,-0.248669,0.12693
0.1,0.491525,0.881356,-0.312593,0.109787
0.1,0.508475,0.881356,-0.383979,0.0944697
0.1,0.525424,0.881356,-0.455851,0.0820126
0.1,0.542373,0.881356,-0.508086,0.0735013
0.1,0.559322,0.881356,-0.509488,0.0693255
0.1,0.576271,0.881356,-0.42934,0.0697178
0.1,0.59322,0.881356,-0.255563,0.0749295
0.1,0.610169,0.881356,-0.00779543,0.0846521
0.1,0.627119,0.881356,0.26696,0.0981577
0.1,0.644068,0.881356,0.515942,0.114619
0.1,0.661017,0.881356,0.704428,0.133183
0.1,0.677966,0.881356,0.825799,0.152901
0.1,0.694915,0.881356,0.894833,0.172727
0.1,0.711864,0.881356,0.933021,0.192016
0.1,0.728814,0.881356,0.956013,0.21048
0.1,0.745763,0.881356,0.967909,0.227785
0.1,0.762712,0.881356,0.962458,0.243915
0.1,0.779661,0.881356,0.929363,0.259182
0.1,0.79661,0.881356,0.862722,0.273764
0.1,0.813559,0.881356,0.767474,0.287946
0.1,0.830508,0.881356,0.660217,0.302302
0.1,0.847458,0.881356,0.564079,0.317099
0.1,0.864407,0.881356,0.501073,0.332413
0.1,0.881356,0.881356,0.485871,0.348479
0.1,0.898305,0.881356,0.522231,0.365117
0.1,0.915254,0.881356,0.600714,0.381701
0.1,0.932203,0.881356,0.696976,0.397367
0.1,0.949153,0.881356,0.773188,0.410865
0.1,0.966102,0.881356,0.787153,0.420897
0.1,0.983051,0.881356,0.709767,0.427083
0.1,1,0.881356,0.542343,0.429148
0.1,0,0.898305,-0.802161,-0.552924
0.1,0.0169492,0.898305,-0.885782,-0.548367
0.1,0.0338983,0.898305,-0.933742,-0.534926
0.1,0.0508475,0.898305,-0.948972,-0.512897
0.1,0.0677966,0.898305,-0.941035,-0.482431
0.1,0.0847458,0.898305,-0.917529,-0.444246
0.1,0.101695,0.898305,-0.876913,-0.398988
0.1,0.118644,0.898305,-0.806237,-0.347235
0.1,0.135593,0.898305,-0.685861,-0.290568
0.1,0.152542,0.898305,-0.501291,-0.230779
0.1,0.169492,0.898305,-0.257931,-0.16967
0.1,0.186441,0.898305,0.0110906,-0.109072
0.1,0.20339,0.898305,0.253577,-0.0508537
0.1,0.220339,0.898305,0.421762,0.00320689
0.1,0.237288,0.898305,0.495068,0.0517248
0.1,0.254237,0.898305,0.485747,0.0935639
0.1,0.271186,0.898305,0.425864,0.127681
0.1,0.288136,0.898305,0.348178,0.15389
0.1,0.305085,0.898305,0.273685,0.172723
0.1,0.322034,0.898305,0.209314,0.184756
0.1,0.338983,0.898305,0.152125,0.190601
0.1,0.355932,0.898305,0.0953957,0.190932
0.1,0.372881,0.898305,0.0339247,0.186499
0.1,0.389831,0.898305,-0.0328249,0.178039
0.1,0.40678,0.898305,-0.100726,0.166198
0.1,0.423729,0.898305,-0.16406,0.151796
0.1,0.440678,0.898305,-0.21978,0.135752
0.1,0.457627,0.898305,-0.270181,0.118761
0.1,0.474576,0.898305,-0.322262,0.101753
0.1,0.491525,0.898305,-0.383995,0.0858077
0.1,0.508475,0.898305,-0.458625,0.0717928
0.1,0.525424,0.898305,-0.538408,0.0607744
0.1,0.542373,0.898305,-0.600338,0.0539229
0.1,0.559322,0.898305,-0.608484,0.0515399
0.1,0.576271,0.898305,-0.527004,0.0539642
0.1,0.59322,0.898305,-0.340803,0.0615641
0.1,0.610169,0.898305,-0.0706828,0.0738137
0.1,0.627119,0.898305,0.231247,0.0898916
0.1,0.644068,0.898305,0.505812,0.108842
0.1,0.661017,0.898305,0.713636,0.129748
0.1,0.677966,0.898305,0.846511,0.151511
0.1,0.694915,0.898305,0.919923,0.172884
0.1,0.711864,0.898305,0.956792,0.193308
0.1,0.728814,0.898305,0.973789,0.212486
0.1,0.745763,0.898305,0.975415,0.230045
0.1,0.762712,0.898305,0.955698,0.246068
0.1,0.779661,0.898305,0.905212,0.260895
0.1,0.79661,0.898305,0.8199,0.274685
0.1,0.813559,0.898305,0.707193,0.28789
0.1,0.830508,0.898305,0.585892,0.30123
0.1,0.847458,0.898305,0.480132,0.315017
0.1,0.864407,0.898305,0.411496,0.329469
0.1,0.881356,0.898305,0.393351,0.344934
0.1,0.898305,0.898305,0.428197,0.361223
0.1,0.915254,0.898305,0.50614,0.377708
0.1,0.932203,0.898305,0.603445,0.393484
0.1,0.949153,0.898305,0.683758,0.407166
0.1,0.966102,0.898305,0.70665,0.41734
0.1,0.983051,0.898305,0.644353,0.423662
0.1,1,0.898305,0.498358,0.425779
0.1,0,0.915254,-0.854652,-0.586708
0.1,0.0169492,0.915254,-0.918324,-0.581998
0.1,0.0338983,0.915254,-0.945231,-0.568101
0.1,0.0508475,0.915254,-0.942044,-0.54542
0.1,0.0677966,0.915254,-0.921451,-0.514328
0.1,0.0847458,0.915254,-0.892988,-0.475534
0.1,0.101695,0.915254,-0.855893,-0.42972
0.1,0.118644,0.915254,-0.797015,-0.377696
0.1,0.135593,0.915254,-0.695396,-0.320934
0.1,0.152542,0.915254,-0.533848,-0.261134
0.1,0.169492,0.915254,-0.313827,-0.200041
0.1,0.186441,0.915254,-0.0642019,-0.139494
0.1,0.20339,0.915254,0.165971,-0.0814143
0.1,0.220339,0.915254,0.329905,-0.0275674
0.1,0.237288,0.915254,0.405784,0.0206679
0.1,0.254237,0.915254,0.403197,0.0621989
0.1,0.271186,0.915254,0.351154,0.096231
0.1,0.288136,0.915254,0.279781,0.122653
0.1,0.305085,0.915254,0.208336,0.141885
0.1,0.322034,0.915254,0.14311,0.1545
0.1,0.338983,0.915254,0.0817063,0.161108
0.1,0.355932,0.915254,0.0190945,0.162295
0.1,0.372881,0.915254,-0.0473587,0.158718
0.1,0.389831,0.915254,-0.115482,0.151081
0.1,0.40678,0.915254,-0.179372,0.140071
0.1,0.423729,0.915254,-0.233351,0.126507
0.1,0.440678,0.915254,-0.276341,0.111252
0.1,0.457627,0.915254,-0.313786,0.0951017
0.1,0.474576,0.915254,-0.355975,0.0790247
0.1,0.491525,0.915254,-0.413568,0.0640718
0.1,0.508475,0.915254,-0.491568,0.051156
0.1,0.525424,0.915254,-0.582751,0.0413367
0.1,0.542373,0.915254,-0.662744,0.0356369
0.1,0.559322,0.915254,-0.691721,0.034548
0.1,0.576271,0.915254,-0.627751,0.0385232
0.1,0.59322,0.915254,-0.449508,0.0478295
0.1,0.610169,0.915254,-0.174447,0.0619702
0.1,0.627119,0.915254,0.143946,0.0800428
0.1,0.644068,0.915254,0.44131,0.10102
0.1,0.661017,0.915254,0.672089,0.123827
0.1,0.677966,0.915254,0.823409,0.147196
0.1,0.694915,0.915254,0.908364,0.169884
0.1,0.711864,0.915254,0.949119,0.191209
0.1,0.728814,0.915254,0.962309,0.210803
0.1,0.745763,0.915254,0.952738,0.228392
0.1,0.762712,0.915254,0.915347,0.244061
0.1,0.779661,0.915254,0.842731,0.258127
0.1,0.79661,0.915254,0.734054,0.270904
0.1,0.813559,0.915254,0.600421,0.282962
0.1,0.830508,0.915254,0.463454,0.295065
0.1,0.847458,0.915254,0.348274,0.307765
0.1,0.864407,0.915254,0.275672,0.321483
0.1,0.881356,0.915254,0.257503,0.336458
0.1,0.898305,0.915254,0.295351,0.352507
0.1,0.915254,0.915254,0.379785,0.36906
0.1,0.932203,0.915254,0.488729,0.385071
0.1,0.949153,0.915254,0.587528,0.399097
0.1,0.966102,0.915254,0.635957,0.409853
0.1,0.983051,0.915254,0.604008,0.416677
0.1,1,0.915254,0.488991,0.419008
0.1,0,0.932203,-0.889419,-0.614905
0.1,0.0169492,0.932203,-0.931164,-0.610009
0.1,0.0338983,0.932203,-0.935855,-0.595659
0.1,0.0508475,0.932203,-0.913918,-0.57245
0.1,0.0677966,0.932203,-0.880933,-0.540852
0.1,0.0847458,0.932203,-0.848087,-0.501602
0.1,0.101695,0.932203,-0.815286,-0.455494
0.1,0.118644,0.932203,-0.76931,-0.403393
0.1,0.135593,0.932203,-0.688174,-0.34668
0.1,0.152542,0.932203,-0.552162,-0.286998
0.1,0.169492,0.932203,-0.358574,-0.225989
0.1,0.186441,0.932203,-0.131405,-0.165532
0.1,0.20339,0.932203,0.0841375,-0.107653
0.1,0.220339,0.932203,0.242602,-0.0541434
0.1,0.237288,0.932203,0.320756,-0.00635937
0.1,0.254237,0.932203,0.325024,0.0347636
0.1,0.271186,0.932203,0.280929,0.0686534
0.1,0.288136,0.932203,0.215859,0.0952235
0.1,0.305085,0.932203,0.147551,0.114806
0.1,0.322034,0.932203,0.0820667,0.127982
0.1,0.338983,0.932203,0.0180011,0.135352
0.1,0.355932,0.932203,-0.0476246,0.137367
0.1,0.372881,0.932203,-0.114759,0.134605
0.1,0.389831,0.932203,-0.178757,0.127768
0.1,0.40678,0.932203,-0.232524,0.117546
0.1,0.423729,0.932203,-0.27117,0.104729
0.1,0.440678,0.932203,-0.296176,0.0901673
0.1,0.457627,0.932203,-0.316373,0.0747268
0.1,0.474576,0.932203,-0.345293,0.059394
0.1,0.491525,0.932203,-0.396319,0.0452435
0.1,0.508475,0.932203,-0.476786,0.033165
0.1,0.525424,0.932203,-0.581352,0.0241454
0.1,0.542373,0.932203,-0.686185,0.0192011
0.1,0.559322,0.932203,-0.749046,0.0189511
0.1,0.576271,0.932203,-0.721595,0.0239077
0.1,0.59322,0.932203,-0.573352,0.0344242
0.1,0.610169,0.932203,-0.313645,0.0499934
0.1,0.627119,0.932203,0.00712192,0.0695998
0.1,0.644068,0.932203,0.321362,0.092175
0.1,0.661017,0.932203,0.576252,0.116511
0.1,0.677966,0.932203,0.751229,0.141222
0.1,0.694915,0.932203,0.853731,0.164952
0.1,0.711864,0.932203,0.902787,0.186901
0.1,0.728814,0.932203,0.913841,0.206721
0.1,0.745763,0.932203,0.891918,0.224139
0.1,0.762712,0.932203,0.83362,0.239214
0.1,0.779661,0.932203,0.73485,0.252343
0.1,0.79661,0.932203,0.599411,0.263962
0.1,0.813559,0.932203,0.443112,0.274706
0.1,0.830508,0.932203,0.290684,0.285488
0.1,0.847458,0.932203,0.16778,0.297121
0.1,0.864407,0.932203,0.0936461,0.310166
0.1,0.881356,0.932203,0.0781601,0.324731
0.1,0.898305,0.932203,0.12226,0.340663
0.1,0.915254,0.932203,0.218068,0.357469
0.1,0.932203,0.932203,0.346658,0.373934
0.1,0.949153,0.932203,0.476017,0.388584
0.1,0.966102,0.932203,0.565318,0.400139
0.1,0.983051,0.932203,0.579215,0.407652
0.1,1,0.932203,0.506371,0.410303
0.1,0,0.949153,-0.905325,-0.637105
0.1,0.0169492,0.949153,-0.923817,-0.631968
0.1,0.0338983,0.949153,-0.905849,-0.617232
0.1,0.0508475,0.949153,-0.865471,-0.593606
0.1,0.0677966,0.949153,-0.82077,-0.56161
0.1,0.0847458,0.949153,-0.784193,-0.522116
0.1,0.101695,0.949153,-0.756141,-0.475908
0.1,0.118644,0.949153,-0.723474,-0.423791
0.1,0.135593,0.949153,-0.663559,-0.367171
0.1,0.152542,0.949153,-0.554516,-0.307617
0.1,0.169492,0.949153,-0.38954,-0.24666
0.1,0.186441,0.949153,-0.187377,-0.186302
0.1,0.20339,0.949153,0.0112155,-0.128645
0.1,0.220339,0.949153,0.162557,-0.0755275
0.1,0.237288,0.949153,0.242027,-0.0282382
0.1,0.254237,0.949153,0.25262,0.0124536
0.1,0.271186,0.949153,0.216117,0.0461458
0.1,0.288136,0.949153,0.157142,0.0727884
0.1,0.305085,0.949153,0.092138,0.0926653
0.1,0.322034,0.949153,0.0273221,0.106356
0.1,0.338983,0.949153,-0.0373273,0.114394
0.1,0.355932,0.949153,-0.102477,0.117099
0.1,0.372881,0.949153,-0.16542,0.115019
0.1,0.389831,0.949153,-0.219454,0.108847
0.1,0.40678,0.949153,-0.25704,0.0992549
0.1,0.423729,0.949153,-0.274856,0.0870467
0.1,0.440678,0.949153,-0.277402,0.0730836
0.1,0.457627,0.949153,-0.276827,0.0582462
0.1,0.474576,0.949153,-0.28946,0.0435123
0.1,0.491525,0.949153,-0.331028,0.0299637
0.1,0.508475,0.949153,-0.411433,0.0184069
0.1,0.525424,0.949153,-0.528473,0.00983153
0.1,0.542373,0.949153,-0.661067,0.00530961
0.1,0.559322,0.949153,-0.766897,0.00546791
0.1,0.576271,0.949153,-0.792166,0.0109595
0.1,0.59322,0.949153,-0.695491,0.0223406
0.1,0.610169,0.949153,-0.473751,0.0389148
0.1,0.627119,0.949153,-0.169304,0.0596272
0.1,0.644068,0.949153,0.150199,0.0834015
0.1,0.661017,0.949153,0.42481,0.108913
0.1,0.677966,0.949153,0.624057,0.134657
0.1,0.694915,0.949153,0.746722,0.159118
0.1,0.711864,0.949153,0.806269,0.181526
0.1,0.728814,0.949153,0.81565,0.201467
0.1,0.745763,0.949153,0.779985,0.218564
0.1,0.762712,0.949153,0.69833,0.232919
0.1,0.779661,0.949153,0.571227,0.245033
0.1,0.79661,0.949153,0.408394,0.255433
0.1,0.813559,0.949153,0.230983,0.264893
0.1,0.830508,0.949153,0.0664702,0.274468
0.1,0.847458,0.949153,-0.06012,0.28516
0.1,0.864407,0.949153,-0.132456,0.297616
0.1,0.881356,0.949153,-0.143529,0.311845
0.1,0.898305,0.949153,-0.0929635,0.327779
0.1,0.915254,0.949153,0.0141761,0.344997
0.1,0.932203,0.949153,0.164355,0.362074
0.1,0.949153,0.949153,0.330642,0.377473
0.1,0.966102,0.949153,0.472833,0.389855
0.1,0.983051,0.949153,0.548864,0.398069
0.1,1,0.949153,0.534708,0.401021
0.1,0,0.966102,-0.90195,-0.652844
0.1,0.0169492,0.966102,-0.896621,-0.647572
0.1,0.0338983,0.966102,-0.856372,-0.632498
0.1,0.0508475,0.966102,-0.798574,-0.60848
0.1,0.0677966,0.966102,-0.743291,-0.576291
0.1,0.0847458,0.966102,-0.703727,-0.536736
0.1,0.101695,0.966102,-0.680549,-0.490508
0.1,0.118644,0.966102,-0.660833,-0.438446
0.1,0.135593,0.966102,-0.62176,-0.381882
0.1,0.152542,0.966102,-0.539849,-0.32234
0.1,0.169492,0.966102,-0.40455,-0.261452
0.1,0.186441,0.966102,-0.229286,-0.201222
0.1,0.20339,0.966102,-0.0499127,-0.14378
0.1,0.220339,0.966102,0.0921799,-0.0910258
0.1,0.237288,0.966102,0.171285,-0.0442151
0.1,0.254237,0.966102,0.187003,-0.00395201
0.1,0.271186,0.966102,0.157321,0.029537
0.1,0.288136,0.966102,0.104138,0.0562579
0.1,0.305085,0.966102,0.0427986,0.0764461
0.1,0.322034,0.966102,-0.0200386,0.0905656
0.1,0.338983,0.966102,-0.0827332,0.0990584
0.1,0.355932,0.966102,-0.143531,0.102263
0.1,0.372881,0.966102,-0.197281,0.100674
0.1,0.389831,0.966102,-0.235836,0.0949215
0.1,0.40678,0.966102,-0.252065,0.0857309
0.1,0.423729,0.966102,-0.244955,0.0739585
0.1,0.440678,0.966102,-0.222245,0.060507
0.1,0.457627,0.966102,-0.198956,0.0462232
0.1,0.474576,0.966102,-0.193312,0.0320084
0.1,0.491525,0.966102,-0.222514,0.018808
0.1,0.508475,0.966102,-0.298786,0.00750966
0.1,0.525424,0.966102,-0.423948,-0.00085724
0.1,0.542373,0.966102,-0.581893,-0.00527872
0.1,0.559322,0.966102,-0.733274,-0.0050018
0.1,0.576271,0.966102,-0.821318,0.000771347
0.1,0.59322,0.966102,-0.79389,0.0125773
0.1,0.610169,0.966102,-0.63248,0.0297605
0.1,0.627119,0.966102,-0.36655,0.0511974
0.1,0.644068,0.966102,-0.0595122,0.0757507
0.1,0.661017,0.966102,0.22342,0.102003
0.1,0.677966,0.966102,0.441128,0.128346
0.1,0.694915,0.966102,0.581599,0.153372
0.1,0.711864,0.966102,0.650574,0.176195
0.1,0.728814,0.966102,0.657236,0.196184
0.1,0.745763,0.966102,0.606638,0.212931
0.1,0.762712,0.966102,0.501073,0.226549
0.1,0.779661,0.966102,0.34692,0.23761
0.1,0.79661,0.966102,0.160706,0.246909
0.1,0.813559,0.966102,-0.0311614,0.255395
0.1,0.830508,0.966102,-0.199719,0.264078
0.1,0.847458,0.966102,-0.3226,0.274038
0.1,0.864407,0.966102,-0.388433,0.286013
0.1,0.881356,0.966102,-0.394466,0.300027
0.1,0.898305,0.966102,-0.341196,0.316044
0.1,0.915254,0.966102,-0.229816,0.333671
0.1,0.932203,0.966102,-0.0658189,0.351379
0.1,0.949153,0.966102,0.132929,0.36748
0.1,0.966102,0.966102,0.330889,0.380589
0.1,0.983051,0.966102,0.481189,0.389323
0.1,1,0.966102,0.54516,0.392384
0.1,0,0.983051,-0.879609,-0.662727
0.1,0.0169492,0.983051,-0.850757,-0.657104
0.1,0.0338983,0.983051,-0.789507,-0.64158
0.1,0.0508475,0.983051,-0.716087,-0.61722
0.1,0.0677966,0.983051,-0.65186,-0.584957
0.1,0.0847458,0.983051,-0.610192,-0.545461
0.1,0.101695,0.983051,-0.591716,-0.499317
0.1,0.118644,0.983051,-0.583841,-0.447297
0.1,0.135593,0.983051,-0.564061,-0.390718
0.1,0.152542,0.983051,-0.508032,-0.331159
0.1,0.169492,0.983051,-0.402128,-0.270278
0.1,0.186441,0.983051,-0.254741,-0.210059
0.1,0.20339,0.983051,-0.0966069,-0.152681
0.1,0.220339,0.983051,0.0337374,-0.100202
0.1,0.237288,0.983051,0.110076,-0.0538438
0.1,0.254237,0.983051,0.129002,-0.013986
0.1,0.271186,0.983051,0.104898,0.019322
0.1,0.288136,0.983051,0.057055,0.0461128
0.1,0.305085,0.983051,-0.000148007,0.0665196
0.1,0.322034,0.983051,-0.0594479,0.0809095
0.1,0.338983,0.983051,-0.11743,0.0897019
0.1,0.355932,0.983051,-0.17,0.0932275
0.1,0.372881,0.983051,-0.20998,0.0919186
0.1,0.389831,0.983051,-0.22855,0.0863695
0.1,0.40678,0.983051,-0.219894,0.0773633
0.1,0.423729,0.983051,-0.185919,0.0658369
0.1,0.440678,0.983051,-0.137545,0.0527682
0.1,0.457627,0.983051,-0.0918491,0.0389153
0.1,0.474576,0.983051,-0.0676649,0.0250487
0.1,0.491525,0.983051,-0.0823834,0.0120135
0.1,0.508475,0.983051,-0.149777,0.000785912
0.1,0.525424,0.983051,-0.275971,-0.00758057
0.1,0.542373,0.983051,-0.451603,-0.0120731
0.1,0.559322,0.983051,-0.643542,-0.0118966
0.1,0.576271,0.983051,-0.79574,-0.00618328
0.1,0.59322,0.983051,-0.847578,0.00585994
0.1,0.610169,0.983051,-0.764368,0.0234613
0.1,0.627119,0.983051,-0.55893,0.0453009
0.1,0.644068,0.983051,-0.285676,0.0703264
0.1,0.661017,0.983051,-0.0116214,0.0970361
0.1,0.677966,0.983051,0.212577,0.123743
0.1,0.694915,0.983051,0.363371,0.149159
0.1,0.711864,0.983051,0.437421,0.172294
0.1,0.728814,0.983051,0.439189,0.192328
0.1,0.745763,0.983051,0.373597,0.208771
0.1,0.762712,0.983051,0.246857,0.221718
0.1,0.779661,0.983051,0.0720206,0.231868
0.1,0.79661,0.983051,-0.127399,0.240337
0.1,0.813559,0.983051,-0.320798,0.24818
0.1,0.830508,0.983051,-0.479958,0.256203
0.1,0.847458,0.983051,-0.587894,0.265602
0.1,0.864407,0.983051,-0.640611,0.277336
0.1,0.881356,0.983051,-0.641283,0.291198
0.1,0.898305,0.983051,-0.592098,0.307219
0.1,0.915254,0.983051,-0.490112,0.325348
0.1,0.932203,0.983051,-0.330813,0.343682
0.1,0.949153,0.983051,-0.118673,0.360324
0.1,0.966102,0.983051,0.121727,0.374027
0.1,0.983051,0.983051,0.344689,0.383183
0.1,1,0.983051,0.499253,0.386384
0.1,0,1,-0.83934,-0.667359
0.1,0.0169492,1,-0.788208,-0.660524
0.1,0.0338983,1,-0.708205,-0.644563
0.1,0.0508475,1,-0.621772,-0.620007
0.1,0.0677966,1,-0.550773,-0.587777
0.1,0.0847458,1,-0.508069,-0.548358
0.1,0.101695,1,-0.493914,-0.502277
0.1,0.118644,1,-0.496111,-0.450226
0.1,0.135593,1,-0.492955,-0.393615
0.1,0.152542,1,-0.460077,-0.33404
0.1,0.169492,1,-0.381732,-0.273109
0.1,0.186441,1,-0.261965,-0.212818
0.1,0.20339,1,-0.126497,-0.15541
0.1,0.220339,1,-0.0105176,-0.103115
0.1,0.237288,1,0.0600463,-0.0570482
0.1,0.254237,1,0.0795146,-0.0174042
0.1,0.271186,1,0.059147,0.0158307
0.1,0.288136,1,0.0158549,0.0426617
0.1,0.305085,1,-0.0368538,0.0631354
0.1,0.322034,1,-0.0910854,0.0776231
0.1,0.338983,1,-0.14172,0.0865431
0.1,0.355932,1,-0.182602,0.0901844
0.1,0.372881,1,-0.205129,0.0889564
0.1,0.389831,1,-0.200697,0.0834365
0.1,0.40678,1,-0.165685,0.074452
0.1,0.423729,1,-0.105354,0.0629984
0.1,0.440678,1,-0.0334732,0.0501202
0.1,0.457627,1,0.0318867,0.0364467
0.1,0.474576,1,0.0727604,0.0227055
0.1,0.491525,1,0.0730626,0.00968426
0.1,0.508475,1,0.018628,-0.00156264
0.1,0.525424,1,-0.100575,-0.00997781
0.1,0.542373,1,-0.282863,-0.0145327
0.1,0.559322,1,-0.504022,-0.0145115
0.1,0.576271,1,-0.712809,-0.00893167
0.1,0.59322,1,-0.843996,0.0033661
0.1,0.610169,1,-0.848285,0.0211595
0.1,0.627119,1,-0.720078,0.0431003
0.1,0.644068,1,-0.500665,0.0683621
0.1,0.661017,1,-0.254578,0.0952596
0.1,0.677966,1,-0.0392741,0.122069
0.1,0.694915,1,0.111067,0.147642
0.1,0.711864,1,0.183855,0.170913
0.1,0.728814,1,0.178549,0.190957
0.1,0.745763,1,0.100083,0.207213
0.1,0.762712,1,-0.0409334,0.219784
0.1,0.779661,1,-0.224572,0.229472
0.1,0.79661,1,-0.421119,0.237621
0.1,0.813559,1,-0.597849,0.245255
0.1,0.830508,1,-0.730181,0.252919
0.1,0.847458,1,-0.809326,0.262107
0.1,0.864407,1,-0.840732,0.273899
0.1,0.881356,1,-0.834838,0.287603
0.1,0.898305,1,-0.796579,0.30361
0.1,0.915254,1,-0.719784,0.322234
0.1,0.932203,1,-0.589893,0.340838
0.1,0.949153,1,-0.395416,0.357666
0.1,0.966102,1,-0.143774,0.37171
0.1,0.983051,1,0.129211,0.381045
0.1,1,1,0.367687,0.384181
0.5,0,0,0,-0.146852
0.5,0.0169492,0,0.0572768,-0.142361
0.5,0.0338983,0,0.112986,-0.121817
0.5,0.0508475,0,0.165592,-0.0843772
0.5,0.0677966,0,0.213631,-0.0256465
0.5,0.0847458,0,0.255736,0.0463503
0.5,0.101695,0,0.290669,0.124581
0.5,0.118644,0,0.317351,0.205595
0.5,0.135593,0,0.334882,0.281962
0.5,0.152542,0,0.342562,0.346411
0.5,0.169492,0,0.339909,0.393765
0.5,0.186441,0,0.326663,0.42459
0.5,0.20339,0,0.3028,0.442954
0.5,0.220339,0,0.268528,0.453432
0.5,0.237288,0,0.224284,0.456621
0.5,0.254237,0,0.170724,0.449872
0.5,0.271186,0,0.10871,0.430584
0.5,0.288136,0,0.0392937,0.398863
0.5,0.305085,0,-0.0363102,0.357932
0.5,0.322034,0,-0.116747,0.311704
0.5,0.338983,0,-0.200551,0.262357
0.5,0.355932,0,-0.28618,0.208534
0.5,0.372881,0,-0.372043,0.147947
0.5,0.389831,0,-0.45654,0.0800828
0.5,0.40678,0,-0.538091,0.00981989
0.5,0.423729,0,-0.615176,-0.0620948
0.5,0.440678,0,-0.68636,-0.136956
0.5,0.457627,0,-0.750332,-0.206971
0.5,0.474576,0,-0.805926,-0.267453
0.5,0.491525,0,-0.85215,-0.315537
0.5,0.508475,0,-0.888207,-0.352387
0.5,0.525424,0,-0.913511,-0.377756
0.5,0.542373,0,-0.927699,-0.390533
0.5,0.559322,0,-0.93064,-0.393456
0.5,0.576271,0,-0.922437,-0.388017
0.5,0.59322,0,-0.903424,-0.372973
0.5,0.610169,0,-0.87416,-0.351864
0.5,0.627119,0,-0.835415,-0.326241
0.5,0.644068,0,-0.788157,-0.295204
0.5,0.661017,0,-0.733525,-0.262522
0.5,0.677966,0,-0.672808,-0.233711
0.5,0.694915,0,-0.607419,-0.213397
0.5,0.711864,0,-0.538859,-0.203105
0.5,0.728814,0,-0.468687,-0.201837
0.5,0.745763,0,-0.39849,-0.207463
0.5,0.762712,0,-0.329842,-0.219986
0.5,0.779661,0,-0.264274,-0.240521
0.5,0.79661,0,-0.20324,-0.267383
0.5,0.813559,0,-0.148085,-0.298135
0.5,0.830508,0,-0.100017,-0.329434
0.5,0.847458,0,-0.0600807,-0.352601
0.5,0.864407,0,-0.0291329,-0.363033
0.5,0.881356,0,-0.0078268,-0.369168
0.5,0.898305,0,0.00340391,-0.373429
0.5,0.915254,0,0.00435369,-0.37493
0.5,0.932203,0,-0.00495026,-0.380817
0.5,0.949153,0,-0.0242487,-0.396591
0.5,0.966102,0,-0.0530558,-0.425532
0.5,0.983051,0,-0.0906701,-0.451156
0.5,1,0,-0.13619,-0.462118
0.5,0,0.0169492,0.0889853,-0.137793
0.5,0.0169492,0.0169492,0.149352,-0.130866
0.5,0.0338983,0.0169492,0.208182,-0.109251
0.5,0.0508475,0.0169492,0.263824,-0.0703888
0.5,0.0677966,0.0169492,0.314627,-0.0126199
0.5,0.0847458,0.0169492,0.358958,0.0579852
0.5,0.101695,0.0169492,0.395244,0.135451
0.5,0.118644,0.0169492,0.422024,0.214793
0.5,0.135593,0.0169492,0.438016,0.289083
0.5,0.152542,0.0169492,0.442204,0.351652
0.5,0.169492,0.0169492,0.433904,0.39802
0.5,0.186441,0.0169492,0.412829,0.428556
0.5,0.20339,0.0169492,0.379129,0.446998
0.5,0.220339,0.0169492,0.33339,0.457222
0.5,0.237288,0.0169492,0.27661,0.459756
0.5,0.254237,0.0169492,0.210133,0.452331
0.5,0.271186,0.0169492,0.135561,0.432753
0.5,0.288136,0.0169492,0.0546606,0.401222
0.5,0.305085,0.0169492,-0.0307406,0.360513
0.5,0.322034,0.0169492,-0.118836,0.313988
0.5,0.338983,0.0169492,-0.207903,0.263335
0.5,0.355932,0.0169492,-0.296343,0.20758
0.5,0.372881,0.0169492,-0.382694,0.145165
0.5,0.389831,0.0169492,-0.465615,0.076743
0.5,0.40678,0.0169492,-0.543868,0.00574156
0.5,0.423729,0.0169492,-0.616284,-0.0667341
0.5,0.440678,0.0169492,-0.681739,-0.13898
0.5,0.457627,0.0169492,-0.739135,-0.205697
0.5,0.474576,0.0169492,-0.787411,-0.263424
0.5,0.491525,0.0169492,-0.82556,-0.310307
0.5,0.508475,0.0169492,-0.852685,-0.346349
0.5,0.525424,0.0169492,-0.868056,-0.37065
0.5,0.542373,0.0169492,-0.871188,-0.3827
0.5,0.559322,0.0169492,-0.861911,-0.384667
0.5,0.576271,0.0169492,-0.840429,-0.37799
0.5,0.59322,0.0169492,-0.807353,-0.363447
0.5,0.610169,0.0169492,-0.763698,-0.343393
0.5,0.627119,0.0169492,-0.710856,-0.318309
0.5,0.644068,0.0169492,-0.650518,-0.288236
0.5,0.661017,0.0169492,-0.584593,-0.256653
0.5,0.677966,0.0169492,-0.515101,-0.228628
0.5,0.694915,0.0169492,-0.444073,-0.20842
0.5,0.711864,0.0169492,-0.373469,-0.197548
0.5,0.728814,0.0169492,-0.30511,-0.195132
0.5,0.745763,0.0169492,-0.240641,-0.199727
0.5,0.762712,0.0169492,-0.181514,-0.211361
0.5,0.779661,0.0169492,-0.128999,-0.230421
0.5,0.79661,0.0169492,-0.0841928,-0.255814
0.5,0.813559,0.0169492,-0.0480417,-0.285463
0.5,0.830508,0.0169492,-0.0213548,-0.31475
0.5,0.847458,0.0169492,-0.00480534,-0.336247
0.5,0.864407,0.0169492,0.00108158,-0.347784
0.5,0.881356,0.0169492,-0.00404224,-0.354976
0.5,0.898305,0.0169492,-0.0203076,-0.360718
0.5,0.915254,0.0169492,-0.0475815,-0.367393
0.5,0.932203,0.0169492,-0.0854228,-0.379687
0.5,0.949153,0.0169492,-0.133051,-0.401186
0.5,0.966102,0.0169492,-0.189336,-0.430567
0.5,0.983051,0.0169492,-0.252815,-0.455448
0.5,1,0.0169492,-0.32174,-0.465818
0.5,0,0.0338983,0.174238,-0.105674
0.5,0.0169492,0.0338983,0.237897,-0.0980386
0.5,0.0338983,0.0338983,0.300135,-0.0754827
0.5,0.0508475,0.0338983,0.359211,-0.0365682
0.5,0.0677966,0.0338983,0.413302,0.0190586
0.5,0.0847458,0.0338983,0.460507,0.0870598
0.5,0.101695,0.0338983,0.498886,0.161738
0.5,0.118644,0.0338983,0.526547,0.237196
0.5,0.135593,0.0338983,0.541766,0.30742
0.5,0.152542,0.0338983,0.543139,0.36679
0.5,0.169492,0.0338983,0.529735,0.411012
0.5,0.186441,0.0338983,0.501227,0.440107
0.5,0.20339,0.0338983,0.457966,0.457447
0.5,0.220339,0.0338983,0.400998,0.466583
0.5,0.237288,0.0338983,0.331987,0.468128
0.5,0.254237,0.0338983,0.253079,0.460028
0.5,0.271186,0.0338983,0.16672,0.440287
0.5,0.288136,0.0338983,0.0754506,0.40888
0.5,0.305085,0.0338983,-0.0182768,0.367918
0.5,0.322034,0.0338983,-0.112243,0.320034
0.5,0.338983,0.0338983,-0.204551,0.266685
0.5,0.355932,0.0338983,-0.293646,0.207446
0.5,0.372881,0.0338983,-0.378296,0.14203
0.5,0.389831,0.0338983,-0.457515,0.071818
0.5,0.40678,0.0338983,-0.530475,-0.000516887
0.5,0.423729,0.0338983,-0.59641,-0.0721173
0.5,0.440678,0.0338983,-0.65453,-0.139088
0.5,0.457627,0.0338983,-0.703971,-0.199341
0.5,0.474576,0.0338983,-0.743777,-0.251797
0.5,0.491525,0.0338983,-0.772942,-0.295593
0.5,0.508475,0.0338983,-0.790484,-0.329422
0.5,0.525424,0.0338983,-0.79557,-0.351707
0.5,0.542373,0.0338983,-0.787656,-0.361671
0.5,0.559322,0.0338983,-0.766628,-0.361275
0.5,0.576271,0.0338983,-0.73291,-0.353092
0.5,0.59322,0.0338983,-0.687523,-0.339683
0.5,0.610169,0.0338983,-0.632067,-0.321853
0.5,0.627119,0.0338983,-0.568637,-0.29899
0.5,0.644068,0.0338983,-0.499676,-0.271217
0.5,0.661017,0.0338983,-0.427789,-0.241514
0.5,0.677966,0.0338983,-0.355564,-0.214471
0.5,0.694915,0.0338983,-0.2854,-0.194202
0.5,0.711864,0.0338983,-0.219401,-0.182204
0.5,0.728814,0.0338983,-0.159317,-0.177767
0.5,0.745763,0.0338983,-0.106541,-0.180037
0.5,0.762712,0.0338983,-0.0621545,-0.188832
0.5,0.779661,0.0338983,-0.0269923,-0.204169
0.5,0.79661,0.0338983,-0.00171735,-0.226004
0.5,0.813559,0.0338983,0.0131183,-0.252651
0.5,0.830508,0.0338983,0.0170386,-0.278816
0.5,0.847458,0.0338983,0.00964341,-0.298853
0.5,0.864407,0.0338983,-0.00935445,-0.311514
0.5,0.881356,0.0338983,-0.0400589,-0.320875
0.5,0.898305,0.0338983,-0.0822978,-0.331952
0.5,0.915254,0.0338983,-0.135525,-0.349626
0.5,0.932203,0.0338983,-0.198735,-0.37428
0.5,0.949153,0.0338983,-0.270419,-0.404614
0.5,0.966102,0.0338983,-0.348569,-0.436748
0.5,0.983051,0.0338983,-0.430753,-0.462631
0.5,1,0.0338983,-0.514247,-0.47389
0.5,0,0.0508475,0.252169,-0.0574427
0.5,0.0169492,0.0508475,0.318888,-0.049739
0.5,0.0338983,0.0508475,0.384411,-0.027536
0.5,0.0508475,0.0508475,0.446975,0.00984092
0.5,0.0677966,0.0508475,0.504645,0.062523
0.5,0.0847458,0.0508475,0.555286,0.126735
0.5,0.101695,0.0508475,0.596598,0.197139
0.5,0.118644,0.0508475,0.626227,0.267618
0.5,0.135593,0.0508475,0.641946,0.333199
0.5,0.152542,0.0508475,0.64189,0.38893
0.5,0.169492,0.0508475,0.624803,0.430144
0.5,0.186441,0.0508475,0.590263,0.456926
0.5,0.20339,0.0508475,0.538814,0.472533
0.5,0.220339,0.0508475,0.47198,0.480482
0.5,0.237288,0.0508475,0.392149,0.48119
0.5,0.254237,0.0508475,0.302337,0.472547
0.5,0.271186,0.0508475,0.205878,0.452708
0.5,0.288136,0.0508475,0.106104,0.421433
0.5,0.305085,0.0508475,0.00605988,0.380278
0.5,0.322034,0.0508475,-0.0916913,0.331168
0.5,0.338983,0.0508475,-0.185167,0.275324
0.5,0.355932,0.0508475,-0.272962,0.21266
0.5,0.372881,0.0508475,-0.354163,0.144231
0.5,0.389831,0.0508475,-0.42821,0.0722224
0.5,0.40678,0.0508475,-0.494732,-0.000814604
0.5,0.423729,0.0508475,-0.553389,-0.0705951
0.5,0.440678,0.0508475,-0.603733,-0.131816
0.5,0.457627,0.0508475,-0.645127,-0.18567
0.5,0.474576,0.0508475,-0.676723,-0.232607
0.5,0.491525,0.0508475,-0.697507,-0.272642
0.5,0.508475,0.0508475,-0.706425,-0.303502
0.5,0.525424,0.0508475,-0.702564,-0.323287
0.5,0.542373,0.0508475,-0.685364,-0.330693
0.5,0.559322,0.0508475,-0.654824,-0.328185
0.5,0.576271,0.0508475,-0.611657,-0.319178
0.5,0.59322,0.0508475,-0.557352,-0.307554
0.5,0.610169,0.0508475,-0.494123,-0.292507
0.5,0.627119,0.0508475,-0.424748,-0.272587
0.5,0.644068,0.0508475,-0.352316,-0.247485
0.5,0.661017,0.0508475,-0.279948,-0.219903
0.5,0.677966,0.0508475,-0.210535,-0.194086
0.5,0.694915,0.0508475,-0.146538,-0.174158
0.5,0.711864,0.0508475,-0.0898853,-0.161315
0.5,0.728814,0.0508475,-0.0419665,-0.154823
0.5,0.745763,0.0508475,-0.00370086,-0.15432
0.5,0.762712,0.0508475,0.02434,-0.159487
0.5,0.779661,0.0508475,0.0417948,-0.170218
0.5,0.79661,0.0508475,0.0483905,-0.187657
0.5,0.813559,0.0508475,0.0438585,-0.210595
0.5,0.830508,0.0508475,0.0279054,-0.233264
0.5,0.847458,0.0508475,0.000242966,-0.251541
0.5,0.864407,0.0508475,-0.0393227,-0.26488
0.5,0.881356,0.0508475,-0.0907572,-0.277226
0.5,0.898305,0.0508475,-0.153638,-0.295093
0.5,0.915254,0.0508475,-0.227,-0.32457
0.5,0.932203,0.0508475,-0.309218,-0.360892
0.5,0.949153,0.0508475,-0.397966,-0.399651
0.5,0.966102,0.0508475,-0.490281,-0.435524
0.5,0.983051,0.0508475,-0.582731,-0.463412
0.5,1,0.0508475,-0.671683,-0.475793
0.5,0,0.0677966,0.319471,0.00112738
0.5,0.0169492,0.0677966,0.388575,0.00843274
0.5,0.0338983,0.0677966,0.456829,0.0292426
0.5,0.0508475,0.0677966,0.522559,0.0638734
0.5,0.0677966,0.0677966,0.583817,0.112082
0.5,0.0847458,0.0677966,0.63831,0.170862
0.5,0.101695,0.0677966,0.683426,0.235497
0.5,0.118644,0.0677966,0.716349,0.300525
0.5,0.135593,0.0677966,0.734304,0.361294
0.5,0.152542,0.0677966,0.734879,0.412993
0.5,0.169492,0.0677966,0.716395,0.451493
0.5,0.186441,0.0677966,0.678235,0.476734
0.5,0.20339,0.0677966,0.621054,0.491368
0.5,0.220339,0.0677966,0.546815,0.498184
0.5,0.237288,0.0677966,0.458613,0.497492
0.5,0.254237,0.0677966,0.360326,0.487997
0.5,0.271186,0.0677966,0.256168,0.468395
0.5,0.288136,0.0677966,0.150229,0.438368
0.5,0.305085,0.0677966,0.046092,0.39841
0.5,0.322034,0.0677966,-0.0534121,0.349272
0.5,0.338983,0.0677966,-0.146301,0.291478
0.5,0.355932,0.0677966,-0.231391,0.226143
0.5,0.372881,0.0677966,-0.308151,0.155694
0.5,0.389831,0.0677966,-0.376481,0.0830368
0.5,0.40678,0.0677966,-0.436483,0.0111079
0.5,0.423729,0.0677966,-0.488237,-0.0554548
0.5,0.440678,0.0677966,-0.531624,-0.113085
0.5,0.457627,0.0677966,-0.566215,-0.162864
0.5,0.474576,0.0677966,-0.59124,-0.205877
0.5,0.491525,0.0677966,-0.60566,-0.241841
0.5,0.508475,0.0677966,-0.608329,-0.269143
0.5,0.525424,0.0677966,-0.598234,-0.286211
0.5,0.542373,0.0677966,-0.574784,-0.292236
0.5,0.559322,0.0677966,-0.538076,-0.289533
0.5,0.576271,0.0677966,-0.48909,-0.281728
0.5,0.59322,0.0677966,-0.429749,-0.271853
0.5,0.610169,0.0677966,-0.362813,-0.259092
0.5,0.627119,0.0677966,-0.291626,-0.241939
0.5,0.644068,0.0677966,-0.219759,-0.219988
0.5,0.661017,0.0677966,-0.150632,-0.195378
0.5,0.677966,0.0677966,-0.0871928,-0.171767
0.5,0.694915,0.0677966,-0.0317149,-0.152706
0.5,0.711864,0.0677966,0.0142643,-0.139301
0.5,0.728814,0.0677966,0.0498727,-0.131245
0.5,0.745763,0.0677966,0.0747408,-0.128362
0.5,0.762712,0.0677966,0.0887967,-0.130344
0.5,0.779661,0.0677966,0.0920679,-0.137319
0.5,0.79661,0.0677966,0.0845262,-0.150253
0.5,0.813559,0.0677966,0.066003,-0.167566
0.5,0.830508,0.0677966,0.0361853,-0.185369
0.5,0.847458,0.0677966,-0.0053045,-0.201224
0.5,0.864407,0.0677966,-0.0587552,-0.215706
0.5,0.881356,0.0677966,-0.124158,-0.232538
0.5,0.898305,0.0677966,-0.200975,-0.257884
0.5,0.915254,0.0677966,-0.287921,-0.294545
0.5,0.932203,0.0677966,-0.382825,-0.337835
0.5,0.949153,0.0677966,-0.4826,-0.381654
0.5,0.966102,0.0677966,-0.583382,-0.419839
0.5,0.983051,0.0677966,-0.680819,-0.447773
0.5,1,0.0677966,-0.770497,-0.458854
0.5,0,0.0847458,0.373241,0.0646602
0.5,0.0169492,0.0847458,0.443629,0.0712209
0.5,0.0338983,0.0847458,0.513633,0.0895485
0.5,0.0508475,0.0847458,0.581805,0.119857
0.5,0.0677966,0.0847458,0.64632,0.162207
0.5,0.0847458,0.0847458,0.704851,0.214496
0.5,0.101695,0.0847458,0.754557,0.272789
0.5,0.118644,0.0847458,0.792202,0.33222
0.5,0.135593,0.0847458,0.814442,0.388294
0.5,0.152542,0.0847458,0.81824,0.436463
0.5,0.169492,0.0847458,0.801369,0.472764
0.5,0.186441,0.0847458,0.762871,0.496729
0.5,0.20339,0.0847458,0.703369,0.510518
0.5,0.220339,0.0847458,0.625136,0.516191
0.5,0.237288,0.0847458,0.531872,0.514293
0.5,0.254237,0.0847458,0.428242,0.504412
0.5,0.271186,0.0847458,0.319269,0.485957
0.5,0.288136,0.0847458,0.209739,0.458433
0.5,0.305085,0.0847458,0.103708,0.421154
0.5,0.322034,0.0847458,0.0042109,0.37334
0.5,0.338983,0.0847458,-0.0868224,0.314901
0.5,0.355932,0.0847458,-0.168469,0.248293
0.5,0.372881,0.0847458,-0.240594,0.177277
0.5,0.389831,0.0847458,-0.303556,0.105692
0.5,0.40678,0.0847458,-0.357913,0.0361155
0.5,0.423729,0.0847458,-0.404143,-0.0278343
0.5,0.440678,0.0847458,-0.442422,-0.0826915
0.5,0.457627,0.0847458,-0.472494,-0.129616
0.5,0.474576,0.0847458,-0.493634,-0.169796
0.5,0.491525,0.0847458,-0.50473,-0.20237
0.5,0.508475,0.0847458,-0.504483,-0.226782
0.5,0.525424,0.0847458,-0.491709,-0.242262
0.5,0.542373,0.0847458,-0.465695,-0.24816
0.5,0.559322,0.0847458,-0.42653,-0.246658
0.5,0.576271,0.0847458,-0.375343,-0.241052
0.5,0.59322,0.0847458,-0.31436,-0.233609
0.5,0.610169,0.0847458,-0.246748,-0.22378
0.5,0.627119,0.0847458,-0.17627,-0.210082
0.5,0.644068,0.0847458,-0.106821,-0.191913
0.5,0.661017,0.0847458,-0.0419623,-0.170793
0.5,0.677966,0.0847458,0.0154412,-0.149795
0.5,0.694915,0.0847458,0.0634141,-0.132096
0.5,0.711864,0.0847458,0.100869,-0.118902
0.5,0.728814,0.0847458,0.127449,-0.109991
0.5,0.745763,0.0847458,0.143273,-0.105313
0.5,0.762712,0.0847458,0.148653,-0.104764
0.5,0.779661,0.0847458,0.14385,-0.10822
0.5,0.79661,0.0847458,0.128901,-0.115944
0.5,0.813559,0.0847458,0.10354,-0.126991
0.5,0.830508,0.0847458,0.0672357,-0.139293
0.5,0.847458,0.0847458,0.0193139,-0.152132
0.5,0.864407,0.0847458,-0.0408197,-0.167086
0.5,0.881356,0.0847458,-0.113399,-0.187115
0.5,0.898305,0.0847458,-0.19799,-0.2163
0.5,0.915254,0.0847458,-0.293208,-0.256366
0.5,0.932203,0.0847458,-0.396534,-0.303008
0.5,0.949153,0.0847458,-0.504296,-0.349216
0.5,0.966102,0.0847458,-0.611859,-0.387332
0.5,0.983051,0.0847458,-0.714043,-0.413707
0.5,1,0.0847458,-0.805696,-0.423844
0.5,0,0.101695,0.4111,0.129018
0.5,0.0169492,0.101695,0.481285,0.134443
0.5,0.0338983,0.101695,0.551655,0.148661
0.5,0.0508475,0.101695,0.621142,0.172873
0.5,0.0677966,0.101695,0.688203,0.208215
0.5,0.0847458,0.101695,0.75063,0.253404
0.5,0.101695,0.101695,0.805483,0.305167
0.5,0.118644,0.101695,0.849188,0.359024
0.5,0.135593,0.101695,0.877844,0.410853
0.5,0.152542,0.101695,0.887735,0.456144
0.5,0.169492,0.101695,0.875951,0.490383
0.5,0.186441,0.101695,0.841011,0.513038
0.5,0.20339,0.101695,0.783299,0.5261
0.5,0.220339,0.101695,0.705194,0.531106
0.5,0.237288,0.101695,0.610819,0.528789
0.5,0.254237,0.101695,0.505475,0.519452
0.5,0.271186,0.101695,0.394882,0.50313
0.5,0.288136,0.101695,0.284433,0.479168
0.5,0.305085,0.101695,0.178596,0.445818
0.5,0.322034,0.101695,0.0805758,0.400886
0.5,0.338983,0.101695,-0.0077627,0.343719
0.5,0.355932,0.101695,-0.0857494,0.278142
0.5,0.372881,0.101695,-0.153621,0.208839
0.5,0.389831,0.101695,-0.212166,0.140217
0.5,0.40678,0.101695,-0.262357,0.073558
0.5,0.423729,0.101695,-0.305033,0.0123008
0.5,0.440678,0.101695,-0.340635,-0.0395491
0.5,0.457627,0.101695,-0.369045,-0.0844077
0.5,0.474576,0.101695,-0.389541,-0.122868
0.5,0.491525,0.101695,-0.400882,-0.153331
0.5,0.508475,0.101695,-0.401534,-0.176531
0.5,0.525424,0.101695,-0.390022,-0.192057
0.5,0.542373,0.101695,-0.365353,-0.198971
0.5,0.559322,0.101695,-0.327418,-0.199767
0.5,0.576271,0.101695,-0.277287,-0.197395
0.5,0.59322,0.101695,-0.217283,-0.193829
0.5,0.610169,0.101695,-0.150795,-0.188355
0.5,0.627119,0.101695,-0.0818538,-0.179272
0.5,0.644068,0.101695,-0.014575,-0.165561
0.5,0.661017,0.101695,0.0473908,-0.148307
0.5,0.677966,0.101695,0.101265,-0.130267
0.5,0.694915,0.101695,0.145324,-0.11466
0.5,0.711864,0.101695,0.17884,-0.102503
0.5,0.728814,0.101695,0.20185,-0.0933279
0.5,0.745763,0.101695,0.214813,-0.0873437
0.5,0.762712,0.101695,0.218274,-0.084432
0.5,0.779661,0.101695,0.21257,-0.0840195
0.5,0.79661,0.101695,0.197653,-0.0863313
0.5,0.813559,0.101695,0.173018,-0.0911276
0.5,0.830508,0.101695,0.137764,-0.097503
0.5,0.847458,0.101695,0.0907559,-0.106227
0.5,0.864407,0.101695,0.0308936,-0.119498
0.5,0.881356,0.101695,-0.0425443,-0.139079
0.5,0.898305,0.101695,-0.12952,-0.16806
0.5,0.915254,0.101695,-0.228876,-0.208078
0.5,0.932203,0.101695,-0.338078,-0.254535
0.5,0.949153,0.101695,-0.453159,-0.300144
0.5,0.966102,0.101695,-0.568917,-0.33606
0.5,0.983051,0.101695,-0.679415,-0.361045
0.5,1,0.101695,-0.778698,-0.370872
0.5,0,0.118644,0.431275,0.19129
0.5,0.0169492,0.118644,0.499469,0.194261
0.5,0.0338983,0.118644,0.568485,0.202196
0.5,0.0508475,0.118644,0.637791,0.218604
0.5,0.0677966,0.118644,0.706293,0.245931
0.5,0.0847458,0.118644,0.772077,0.283539
0.5,0.101695,0.118644,0.832262,0.328545
0.5,0.118644,0.118644,0.883058,0.377053
0.5,0.135593,0.118644,0.92007,0.425026
0.5,0.152542,0.118644,0.938872,0.467572
0.5,0.169492,0.118644,0.935759,0.500089
0.5,0.186441,0.118644,0.90853,0.521997
0.5,0.20339,0.118644,0.857084,0.534862
0.5,0.220339,0.118644,0.783639,0.539969
0.5,0.237288,0.118644,0.692495,0.53823
0.5,0.254237,0.118644,0.589378,0.53051
0.5,0.271186,0.118644,0.480552,0.517205
0.5,0.288136,0.118644,0.371917,0.497363
0.5,0.305085,0.118644,0.268306,0.468648
0.5,0.322034,0.118644,0.173084,0.428093
0.5,0.338983,0.118644,0.0880764,0.375459
0.5,0.355932,0.118644,0.013745,0.314506
0.5,0.372881,0.118644,-0.0504655,0.250248
0.5,0.389831,0.118644,-0.105714,0.185925
0.5,0.40678,0.118644,-0.153344,0.123473
0.5,0.423729,0.118644,-0.194517,0.066394
0.5,0.440678,0.118644,-0.229913,0.0166723
0.5,0.457627,0.118644,-0.259535,-0.0269726
0.5,0.474576,0.118644,-0.282646,-0.0644137
0.5,0.491525,0.118644,-0.297836,-0.0947671
0.5,0.508475,0.118644,-0.303264,-0.118634
0.5,0.525424,0.118644,-0.297038,-0.13562
0.5,0.542373,0.118644,-0.277691,-0.145337
0.5,0.559322,0.118644,-0.244675,-0.149998
0.5,0.576271,0.118644,-0.198722,-0.152273
0.5,0.59322,0.118644,-0.141978,-0.153992
0.5,0.610169,0.118644,-0.0778231,-0.15426
0.5,0.627119,0.118644,-0.0104019,-0.150953
0.5,0.644068,0.118644,0.0560113,-0.142602
0.5,0.661017,0.118644,0.117647,-0.129972
0.5,0.677966,0.118644,0.171703,-0.115695
0.5,0.694915,0.118644,0.216544,-0.10283
0.5,0.711864,0.118644,0.251614,-0.0921731
0.5,0.728814,0.118644,0.277148,-0.083334
0.5,0.745763,0.118644,0.293775,-0.0763104
0.5,0.762712,0.118644,0.302125,-0.0706754
0.5,0.779661,0.118644,0.30251,-0.0661407
0.5,0.79661,0.118644,0.294725,-0.0630337
0.5,0.813559,0.118644,0.277977,-0.0613626
0.5,0.830508,0.118644,0.25095,-0.0614502
0.5,0.847458,0.118644,0.211972,-0.064926
0.5,0.864407,0.118644,0.159309,-0.0734747
0.5,0.881356,0.118644,0.0915323,-0.0889898
0.5,0.898305,0.118644,0.00796021,-0.114142
0.5,0.915254,0.118644,-0.0908924,-0.149161
0.5,0.932203,0.118644,-0.202949,-0.190217
0.5,0.949153,0.118644,-0.324397,-0.230686
0.5,0.966102,0.118644,-0.449827,-0.264503
0.5,0.983051,0.118644,-0.57272,-0.288876
0.5,1,0.118644,-0.686248,-0.29826
0.5,0,0.135593,0.432674,0.245256
0.5,0.0169492,0.135593,0.496902,0.244594
0.5,0.0338983,0.135593,0.562621,0.244688
0.5,0.0508475,0.135593,0.629968,0.252411
0.5,0.0677966,0.135593,0.698457,0.271665
0.5,0.0847458,0.135593,0.766637,0.301959
0.5,0.101695,0.135593,0.831867,0.340485
0.5,0.118644,0.135593,0.890292,0.384031
0.5,0.135593,0.135593,0.937128,0.428495
0.5,0.152542,0.135593,0.967262,0.468716
0.5,0.169492,0.135593,0.976118,0.49988
0.5,0.186441,0.135593,0.960599,0.521158
0.5,0.20339,0.135593,0.919859,0.534261
0.5,0.220339,0.135593,0.855661,0.540218
0.5,0.237288,0.135593,0.772191,0.539873
0.5,0.254237,0.135593,0.675355,0.534598
0.5,0.271186,0.135593,0.571775,0.524974
0.5,0.288136,0.135593,0.46775,0.510003
0.5,0.305085,0.135593,0.368432,0.487131
0.5,0.322034,0.135593,0.277361,0.453277
0.5,0.338983,0.135593,0.19637,0.407518
0.5,0.355932,0.135593,0.125786,0.353744
0.5,0.372881,0.135593,0.0648096,0.29641
0.5,0.389831,0.135593,0.0119818,0.238162
0.5,0.40678,0.135593,-0.0343571,0.18145
0.5,0.423729,0.135593,-0.0756558,0.128821
0.5,0.440678,0.135593,-0.11282,0.0813253
0.5,0.457627,0.135593,-0.145988,0.0388246
0.5,0.474576,0.135593,-0.174424,0.00158841
0.5,0.491525,0.135593,-0.19657,-0.0299472
0.5,0.508475,0.135593,-0.21026,-0.0559042
0.5,0.525424,0.135593,-0.213105,-0.0758966
0.5,0.542373,0.135593,-0.20301,-0.0898309
0.5,0.559322,0.135593,-0.178739,-0.099434
0.5,0.576271,0.135593,-0.14038,-0.107262
0.5,0.59322,0.135593,-0.0895767,-0.11547
0.5,0.610169,0.135593,-0.0294109,-0.122828
0.5,0.627119,0.135593,0.0360564,-0.126463
0.5,0.644068,0.135593,0.102469,-0.12428
0.5,0.661017,0.135593,0.165889,-0.116784
0.5,0.677966,0.135593,0.223341,-0.106612
0.5,0.694915,0.135593,0.273062,-0.0967688
0.5,0.711864,0.135593,0.314429,-0.0881152
0.5,0.728814,0.135593,0.347658,-0.0799054
0.5,0.745763,0.135593,0.373373,-0.071641
0.5,0.762712,0.135593,0.392181,-0.0630494
0.5,0.779661,0.135593,0.404325,-0.0542213
0.5,0.79661,0.135593,0.40947,-0.0454311
0.5,0.813559,0.135593,0.406611,-0.0370355
0.5,0.830508,0.135593,0.394113,-0.0302495
0.5,0.847458,0.135593,0.369855,-0.0268112
0.5,0.864407,0.135593,0.331485,-0.0282813
0.5,0.881356,0.135593,0.27677,-0.0368597
0.5,0.898305,0.135593,0.204055,-0.0544331
0.5,0.915254,0.135593,0.11278,-0.0807194
0.5,0.932203,0.135593,0.00398446,-0.112781
0.5,0.949153,0.135593,-0.119337,-0.146274
0.5,0.966102,0.135593,-0.252183,-0.17748
0.5,0.983051,0.135593,-0.387902,-0.201388
0.5,1,0.135593,-0.518978,-0.210997
0.5,0,0.152542,0.414925,0.282001
0.5,0.0169492,0.152542,0.473179,0.276949
0.5,0.0338983,0.152542,0.533587,0.270119
0.5,0.0508475,0.152542,0.597056,0.270479
0.5,0.0677966,0.152542,0.663833,0.283219
0.5,0.0847458,0.152542,0.733084,0.307299
0.5,0.101695,0.152542,0.802573,0.340019
0.5,0.118644,0.152542,0.868556,0.378919
0.5,0.135593,0.152542,0.926001,0.419902
0.5,0.152542,0.152542,0.969188,0.457779
0.5,0.169492,0.152542,0.992649,0.487175
0.5,0.186441,0.152542,0.992259,0.5078
0.5,0.20339,0.152542,0.966202,0.521778
0.5,0.220339,0.152542,0.915498,0.529294
0.5,0.237288,0.152542,0.843916,0.531121
0.5,0.254237,0.152542,0.757275,0.52914
0.5,0.271186,0.152542,0.662352,0.523968
0.5,0.288136,0.152542,0.565725,0.514696
0.5,0.305085,0.152542,0.472821,0.498805
0.5,0.322034,0.152542,0.387374,0.472758
0.5,0.338983,0.152542,0.311285,0.434952
0.5,0.355932,0.152542,0.244828,0.390049
0.5,0.372881,0.152542,0.187051,0.341297
0.5,0.389831,0.152542,0.136281,0.290609
0.5,0.40678,0.152542,0.0906097,0.240535
0.5,0.423729,0.152542,0.0483442,0.192921
0.5,0.440678,0.152542,0.00835931,0.148392
0.5,0.457627,0.152542,-0.029645,0.107404
0.5,0.474576,0.152542,-0.0650083,0.0701264
0.5,0.491525,0.152542,-0.0961125,0.0368176
0.5,0.508475,0.152542,-0.120549,0.00766798
0.5,0.525424,0.152542,-0.135469,-0.0166054
0.5,0.542373,0.152542,-0.138096,-0.0356326
0.5,0.559322,0.152542,-0.126343,-0.0508151
0.5,0.576271,0.152542,-0.0993853,-0.0647555
0.5,0.59322,0.152542,-0.0580276,-0.0803267
0.5,0.610169,0.152542,-0.00471548,-0.0954092
0.5,0.627119,0.152542,0.0568446,-0.106467
0.5,0.644068,0.152542,0.122366,-0.110754
0.5,0.661017,0.152542,0.187755,-0.108732
0.5,0.677966,0.152542,0.24975,-0.102966
0.5,0.694915,0.152542,0.30626,-0.0965374
0.5,0.711864,0.152542,0.356368,-0.0899172
0.5,0.728814,0.152542,0.400048,-0.0818296
0.5,0.745763,0.152542,0.437757,-0.0718475
0.5,0.762712,0.152542,0.469993,-0.0600104
0.5,0.779661,0.152542,0.496941,-0.0466539
0.5,0.79661,0.152542,0.518239,-0.0319005
0.5,0.813559,0.152542,0.532865,-0.0163308
0.5,0.830508,0.152542,0.539128,-0.00182882
0.5,0.847458,0.152542,0.534747,0.00980135
0.5,0.864407,0.152542,0.517004,0.0169893
0.5,0.881356,0.152542,0.483013,0.0172381
0.5,0.898305,0.152542,0.430107,0.00916376
0.5,0.915254,0.152542,0.356369,-0.00692728
0.5,0.932203,0.152542,0.261252,-0.0289149
0.5,0.949153,0.152542,0.146157,-0.0544616
0.5,0.966102,0.152542,0.0147877,-0.0817964
0.5,0.983051,0.152542,-0.126925,-0.104228
0.5,1,0.152542,-0.271412,-0.113868
0.5,0,0.169492,0.378391,0.290175
0.5,0.0169492,0.169492,0.428806,0.283881
0.5,0.0338983,0.169492,0.482004,0.274562
0.5,0.0508475,0.169492,0.539721,0.271459
0.5,0.0677966,0.169492,0.603014,0.279984
0.5,0.0847458,0.169492,0.671774,0.299367
0.5,0.101695,0.169492,0.744314,0.327339
0.5,0.118644,0.169492,0.817168,0.361459
0.5,0.135593,0.169492,0.885223,0.3978
0.5,0.152542,0.169492,0.94228,0.431774
0.5,0.169492,0.169492,0.982023,0.458989
0.5,0.186441,0.169492,0.999244,0.479939
0.5,0.20339,0.169492,0.990985,0.495502
0.5,0.220339,0.169492,0.957278,0.505367
0.5,0.237288,0.169492,0.901193,0.510754
0.5,0.254237,0.169492,0.828196,0.513111
0.5,0.271186,0.169492,0.745018,0.512925
0.5,0.288136,0.169492,0.65838,0.509295
0.5,0.305085,0.169492,0.573936,0.499857
0.5,0.322034,0.169492,0.49562,0.481071
0.5,0.338983,0.169492,0.425462,0.453211
0.5,0.355932,0.169492,0.363769,0.41895
0.5,0.372881,0.169492,0.309541,0.379974
0.5,0.389831,0.169492,0.26099,0.337981
0.5,0.40678,0.169492,0.216057,0.295163
0.5,0.423729,0.169492,0.172872,0.253064
0.5,0.440678,0.169492,0.13012,0.212491
0.5,0.457627,0.169492,0.0873113,0.173836
0.5,0.474576,0.169492,0.0449388,0.13691
0.5,0.491525,0.169492,0.00452648,0.101511
0.5,0.508475,0.169492,-0.0314653,0.0684081
0.5,0.525424,0.169492,-0.0599073,0.0390582
0.5,0.542373,0.169492,-0.0774592,0.0142304
0.5,0.559322,0.169492,-0.0811842,-0.00731319
0.5,0.576271,0.169492,-0.0692062,-0.0282028
0.5,0.59322,0.169492,-0.0412286,-0.0507179
0.5,0.610169,0.169492,0.00127007,-0.0724936
0.5,0.627119,0.169492,0.0552635,-0.0902083
0.5,0.644068,0.169492,0.116781,-0.10117
0.5,0.661017,0.169492,0.181695,-0.105671
0.5,0.677966,0.169492,0.246447,-0.105447
0.5,0.694915,0.169492,0.308503,-0.102573
0.5,0.711864,0.169492,0.366466,-0.0966801
0.5,0.728814,0.169492,0.419886,-0.087452
0.5,0.745763,0.169492,0.468897,-0.0750378
0.5,0.762712,0.169492,0.513808,-0.0597756
0.5,0.779661,0.169492,0.55477,-0.0417283
0.5,0.79661,0.169492,0.591533,-0.0207523
0.5,0.813559,0.169492,0.623323,0.00225947
0.5,0.830508,0.169492,0.648773,0.0251737
0.5,0.847458,0.169492,0.665904,0.0458885
0.5,0.864407,0.169492,0.672141,0.0619926
0.5,0.881356,0.169492,0.664402,0.0714267
0.5,0.898305,0.169492,0.639333,0.0730727
0.5,0.915254,0.169492,0.593737,0.0669135
0.5,0.932203,0.169492,0.525223,0.0544231
0.5,0.949153,0.169492,0.432981,0.0368906
0.5,0.966102,0.169492,0.318469,0.0163769
0.5,0.983051,0.169492,0.185775,-0.000907606
0.5,1,0.169492,0.0414159,-0.00765225
0.5,0,0.186441,0.324154,0.271853
0.5,0.0169492,0.186441,0.365192,0.266375
0.5,0.0338983,0.186441,0.409595,0.257538
0.5,0.0508475,0.186441,0.459938,0.25409
0.5,0.0677966,0.186441,0.51811,0.260917
0.5,0.0847458,0.186441,0.584779,0.277789
0.5,0.101695,0.186441,0.658903,0.302432
0.5,0.118644,0.186441,0.737435,0.331947
0.5,0.135593,0.186441,0.815352,0.363026
0.5,0.152542,0.186441,0.886136,0.392462
0.5,0.169492,0.186441,0.942735,0.418141
0.5,0.186441,0.186441,0.97887,0.439949
0.5,0.20339,0.186441,0.990358,0.457497
0.5,0.220339,0.186441,0.976058,0.470636
0.5,0.237288,0.186441,0.93811,0.480316
0.5,0.254237,0.186441,0.881396,0.487424
0.5,0.271186,0.186441,0.812396,0.492158
0.5,0.288136,0.186441,0.737845,0.493672
0.5,0.305085,0.186441,0.663552,0.49005
0.5,0.322034,0.186441,0.593654,0.479466
0.5,0.338983,0.186441,0.530352,0.462355
0.5,0.355932,0.186441,0.474071,0.439207
0.5,0.372881,0.186441,0.423867,0.410479
0.5,0.389831,0.186441,0.377964,0.377316
0.5,0.40678,0.186441,0.334276,0.341713
0.5,0.423729,0.186441,0.290869,0.305386
0.5,0.440678,0.186441,0.246317,0.26935
0.5,0.457627,0.186441,0.19995,0.233729
0.5,0.474576,0.186441,0.152022,0.197711
0.5,0.491525,0.186441,0.103794,0.160171
0.5,0.508475,0.186441,0.0575252,0.122877
0.5,0.525424,0.186441,0.0163224,0.0882946
0.5,0.542373,0.186441,-0.0161978,0.0577146
0.5,0.559322,0.186441,-0.0364571,0.029833
0.5,0.576271,0.186441,-0.0415972,0.00227586
0.5,0.59322,0.186441,-0.0301306,-0.0261
0.5,0.610169,0.186441,-0.00234206,-0.053509
0.5,0.627119,0.186441,0.0397227,-0.0771761
0.5,0.644068,0.186441,0.0927038,-0.0948969
0.5,0.661017,0.186441,0.152662,-0.106319
0.5,0.677966,0.186441,0.215852,-0.111959
0.5,0.694915,0.186441,0.279294,-0.111809
0.5,0.711864,0.186441,0.341029,-0.105615
0.5,0.728814,0.186441,0.40005,-0.0945623
0.5,0.745763,0.186441,0.456042,-0.0796078
0.5,0.762712,0.186441,0.509049,-0.061043
0.5,0.779661,0.186441,0.559181,-0.03848
0.5,0.79661,0.186441,0.606416,-0.0115861
0.5,0.813559,0.186441,0.650461,0.0189245
0.5,0.830508,0.186441,0.690649,0.0504091
0.5,0.847458,0.186441,0.725817,0.0798327
0.5,0.864407,0.186441,0.754156,0.104329
0.5,0.881356,0.186441,0.77308,0.122498
0.5,0.898305,0.186441,0.779219,0.133296
0.5,0.915254,0.186441,0.768635,0.135985
0.5,0.932203,0.186441,0.737364,0.132007
0.5,0.949153,0.186441,0.682254,0.122973
0.5,0.966102,0.186441,0.601942,0.111012
0.5,0.983051,0.186441,0.497676,0.101167
0.5,1,0.186441,0.373655,0.0983407
0.5,0,0.20339,0.253978,0.232111
0.5,0.0169492,0.20339,0.284593,0.227048
0.5,0.0338983,0.20339,0.319115,0.219963
0.5,0.0508475,0.20339,0.360916,0.218297
0.5,0.0677966,0.20339,0.412683,0.226131
0.5,0.0847458,0.20339,0.475847,0.2429
0.5,0.101695,0.20339,0.550049,0.266014
0.5,0.118644,0.20339,0.632762,0.292272
0.5,0.135593,0.20339,0.719203,0.319168
0.5,0.152542,0.20339,0.80271,0.345167
0.5,0.169492,0.20339,0.875651,0.369975
0.5,0.186441,0.20339,0.930764,0.39285
0.5,0.20339,0.20339,0.962631,0.412517
0.5,0.220339,0.20339,0.96884,0.428952
0.5,0.237288,0.20339,0.950439,0.442799
0.5,0.254237,0.20339,0.911531,0.454474
0.5,0.271186,0.20339,0.858179,0.464017
0.5,0.288136,0.20339,0.796999,0.470748
0.5,0.305085,0.20339,0.733882,0.473386
0.5,0.322034,0.20339,0.673143,0.471171
0.5,0.338983,0.20339,0.617184,0.464307
0.5,0.355932,0.20339,0.566614,0.451403
0.5,0.372881,0.20339,0.520655,0.432037
0.5,0.389831,0.20339,0.477674,0.40678
0.5,0.40678,0.20339,0.435715,0.377755
0.5,0.423729,0.20339,0.392936,0.346815
0.5,0.440678,0.20339,0.347927,0.315116
0.5,0.457627,0.20339,0.299918,0.282581
0.5,0.474576,0.20339,0.248915,0.247788
0.5,0.491525,0.20339,0.195795,0.208443
0.5,0.508475,0.20339,0.142379,0.167886
0.5,0.525424,0.20339,0.0914183,0.129158
0.5,0.542373,0.20339,0.0464145,0.0941146
0.5,0.559322,0.20339,0.0112141,0.061028
0.5,0.576271,0.20339,-0.0106257,0.0280048
0.5,0.59322,0.20339,-0.0165602,-0.00542824
0.5,0.610169,0.20339,-0.00564798,-0.0378235
0.5,0.627119,0.20339,0.021216,-0.0667762
0.5,0.644068,0.20339,0.0615286,-0.0902343
0.5,0.661017,0.20339,0.111787,-0.107396
0.5,0.677966,0.20339,0.168253,-0.117771
0.5,0.694915,0.20339,0.227612,-0.11956
0.5,0.711864,0.20339,0.287362,-0.113042
0.5,0.728814,0.20339,0.345901,-0.100874
0.5,0.745763,0.20339,0.402394,-0.0841539
0.5,0.762712,0.20339,0.456551,-0.0628912
0.5,0.779661,0.20339,0.508414,-0.0363539
0.5,0.79661,0.20339,0.558219,-0.00407609
0.5,0.813559,0.20339,0.606279,0.0332767
0.5,0.830508,0.20339,0.652859,0.0721107
0.5,0.847458,0.20339,0.697973,0.108877
0.5,0.864407,0.20339,0.741091,0.14053
0.5,0.881356,0.20339,0.78079,0.166576
0.5,0.898305,0.20339,0.81448,0.185518
0.5,0.915254,0.20339,0.838332,0.195798
0.5,0.932203,0.20339,0.847581,0.199638
0.5,0.949153,0.20339,0.837261,0.198706
0.5,0.966102,0.20339,0.803295,0.194512
0.5,0.983051,0.20339,0.743688,0.191422
0.5,1,0.20339,0.65943,0.191644
0.5,0,0.220339,0.170238,0.170798
0.5,0.0169492,0.220339,0.19001,0.167262
0.5,0.0338983,0.220339,0.214205,0.16415
0.5,0.0508475,0.220339,0.246911,0.166666
0.5,0.0677966,0.220339,0.291522,0.177714
0.5,0.0847458,0.220339,0.350161,0.196363
0.5,0.101695,0.220339,0.423129,0.219923
0.5,0.118644,0.220339,0.508462,0.245096
0.5,0.135593,0.220339,0.601739,0.270153
0.5,0.152542,0.220339,0.696325,0.294853
0.5,0.169492,0.220339,0.784182,0.319771
0.5,0.186441,0.220339,0.857204,0.343521
0.5,0.20339,0.220339,0.908805,0.365017
0.5,0.220339,0.220339,0.935283,0.384321
0.5,0.237288,0.220339,0.936502,0.401724
0.5,0.254237,0.220339,0.915663,0.417466
0.5,0.271186,0.220339,0.878276,0.431678
0.5,0.288136,0.220339,0.830725,0.444088
0.5,0.305085,0.220339,0.778906,0.453529
0.5,0.322034,0.220339,0.727278,0.459464
0.5,0.338983,0.220339,0.678452,0.460721
0.5,0.355932,0.220339,0.633271,0.455713
0.5,0.372881,0.220339,0.591212,0.443605
0.5,0.389831,0.220339,0.550918,0.424803
0.5,0.40678,0.220339,0.510719,0.401233
0.5,0.423729,0.220339,0.46904,0.374696
0.5,0.440678,0.220339,0.424657,0.346144
0.5,0.457627,0.220339,0.376831,0.315576
0.5,0.474576,0.220339,0.325382,0.281464
0.5,0.491525,0.220339,0.27078,0.242161
0.5,0.508475,0.220339,0.214266,0.201009
0.5,0.525424,0.220339,0.157967,0.1608
0.5,0.542373,0.220339,0.104906,0.123002
0.5,0.559322,0.220339,0.058776,0.0861506
0.5,0.576271,0.220339,0.0234264,0.0491052
0.5,0.59322,0.220339,0.00213832,0.0116513
0.5,0.610169,0.220339,-0.00310113,-0.024826
0.5,0.627119,0.220339,0.00793736,-0.0578108
0.5,0.644068,0.220339,0.0337087,-0.0849177
0.5,0.661017,0.220339,0.071323,-0.105128
0.5,0.677966,0.220339,0.117241,-0.117734
0.5,0.694915,0.220339,0.167977,-0.120735
0.5,0.711864,0.220339,0.2206,-0.115826
0.5,0.728814,0.220339,0.272965,-0.104686
0.5,0.745763,0.220339,0.323726,-0.0877166
0.5,0.762712,0.220339,0.372236,-0.0642077
0.5,0.779661,0.220339,0.418439,-0.0339712
0.5,0.79661,0.220339,0.462794,0.00306397
0.5,0.813559,0.220339,0.506209,0.0448941
0.5,0.830508,0.220339,0.549902,0.0882915
0.5,0.847458,0.220339,0.595158,0.129762
0.5,0.864407,0.220339,0.642927,0.167265
0.5,0.881356,0.220339,0.693326,0.199801
0.5,0.898305,0.220339,0.745133,0.225176
0.5,0.915254,0.220339,0.795438,0.242297
0.5,0.932203,0.220339,0.839634,0.252992
0.5,0.949153,0.220339,0.871898,0.258496
0.5,0.966102,0.220339,0.886201,0.260187
0.5,0.983051,0.220339,0.877668,0.261229
0.5,1,0.220339,0.843922,0.262247
0.5,0,0.237288,0.07583,0.0931125
0.5,0.0169492,0.237288,0.0850387,0.0924474
0.5,0.0338983,0.237288,0.0991841,0.0948706
0.5,0.0508475,0.237288,0.122952,0.102989
0.5,0.0677966,0.237288,0.160304,0.118486
0.5,0.0847458,0.237288,0.213934,0.140559
0.5,0.101695,0.237288,0.284729,0.166553
0.5,0.118644,0.237288,0.371285,0.192959
0.5,0.135593,0.237288,0.469621,0.218609
0.5,0.152542,0.237288,0.573273,0.244215
0.5,0.169492,0.237288,0.673978,0.270061
0.5,0.186441,0.237288,0.762954,0.295041
0.5,0.20339,0.237288,0.832564,0.318402
0.5,0.220339,0.237288,0.877867,0.340189
0.5,0.237288,0.237288,0.897531,0.36063
0.5,0.254237,0.237288,0.893792,0.379862
0.5,0.271186,0.237288,0.871525,0.398462
0.5,0.288136,0.237288,0.836803,0.416694
0.5,0.305085,0.237288,0.795461,0.432671
0.5,0.322034,0.237288,0.75206,0.444708
0.5,0.338983,0.237288,0.70941,0.451364
0.5,0.355932,0.237288,0.668619,0.451521
0.5,0.372881,0.237288,0.629483,0.444404
0.5,0.389831,0.237288,0.591027,0.430029
0.5,0.40678,0.237288,0.552003,0.410238
0.5,0.423729,0.237288,0.511256,0.386629
0.5,0.440678,0.237288,0.467906,0.359684
0.5,0.457627,0.237288,0.421385,0.329877
0.5,0.474576,0.237288,0.371445,0.296586
0.5,0.491525,0.237288,0.318203,0.2592
0.5,0.508475,0.237288,0.262299,0.220013
0.5,0.525424,0.237288,0.205124,0.180947
0.5,0.542373,0.237288,0.14899,0.142243
0.5,0.559322,0.237288,0.0971112,0.103541
0.5,0.576271,0.237288,0.0532419,0.064509
0.5,0.59322,0.237288,0.0210152,0.0247514
0.5,0.610169,0.237288,0.00314236,-0.0142457
0.5,0.627119,0.237288,0.000766201,-0.0494199
0.5,0.644068,0.237288,0.0132148,-0.0775035
0.5,0.661017,0.237288,0.0382375,-0.0975958
0.5,0.677966,0.237288,0.0725979,-0.110154
0.5,0.694915,0.237288,0.112776,-0.11514
0.5,0.711864,0.237288,0.155553,-0.113493
0.5,0.728814,0.237288,0.198362,-0.105127
0.5,0.745763,0.237288,0.23943,-0.088856
0.5,0.762712,0.237288,0.2778,-0.0634966
0.5,0.779661,0.237288,0.313324,-0.0302154
0.5,0.79661,0.237288,0.346649,0.00936174
0.5,0.813559,0.237288,0.379185,0.0529379
0.5,0.830508,0.237288,0.412975,0.0980603
0.5,0.847458,0.237288,0.450421,0.142257
0.5,0.864407,0.237288,0.493837,0.183812
0.5,0.881356,0.237288,0.544865,0.220956
0.5,0.898305,0.237288,0.60384,0.251509
0.5,0.915254,0.237288,0.669219,0.274324
0.5,0.932203,0.237288,0.737292,0.290457
0.5,0.949153,0.237288,0.802336,0.300846
0.5,0.966102,0.237288,0.857382,0.306488
0.5,0.983051,0.237288,0.895536,0.309141
0.5,1,0.237288,0.911566,0.309594
0.5,0,0.254237,-0.0259399,0.00896419
0.5,0.0169492,0.254237,-0.0263026,0.0110669
0.5,0.0338983,0.254237,-0.0212008,0.0184574
0.5,0.0508475,0.254237,-0.00550056,0.0317304
0.5,0.0677966,0.254237,0.0251623,0.0518081
0.5,0.0847458,0.254237,0.0738948,0.0780496
0.5,0.101695,0.254237,0.142053,0.107857
0.5,0.118644,0.254237,0.228752,0.137037
0.5,0.135593,0.254237,0.330489,0.165332
0.5,0.152542,0.254237,0.441088,0.193905
0.5,0.169492,0.254237,0.55222,0.222395
0.5,0.186441,0.254237,0.654606,0.249773
0.5,0.20339,0.254237,0.739706,0.275533
0.5,0.220339,0.254237,0.801446,0.300001
0.5,0.237288,0.254237,0.837349,0.323386
0.5,0.254237,0.254237,0.848697,0.34558
0.5,0.271186,0.254237,0.839708,0.367943
0.5,0.288136,0.254237,0.816104,0.390967
0.5,0.305085,0.254237,0.783617,0.411121
0.5,0.322034,0.254237,0.746875,0.426315
0.5,0.338983,0.254237,0.708871,0.435377
0.5,0.355932,0.254237,0.670984,0.437899
0.5,0.372881,0.254237,0.633369,0.4331
0.5,0.389831,0.254237,0.595494,0.420596
0.5,0.40678,0.254237,0.556616,0.402671
0.5,0.423729,0.254237,0.516098,0.380471
0.5,0.440678,0.254237,0.473497,0.353944
0.5,0.457627,0.254237,0.428523,0.324595
0.5,0.474576,0.254237,0.380955,0.292714
0.5,0.491525,0.254237,0.330658,0.257934
0.5,0.508475,0.254237,0.277753,0.222057
0.5,0.525424,0.254237,0.222927,0.185888
0.5,0.542373,0.254237,0.167752,0.148345
0.5,0.559322,0.254237,0.114827,0.110345
0.5,0.576271,0.254237,0.0675846,0.072103
0.5,0.59322,0.254237,0.0297001,0.0326485
0.5,0.610169,0.254237,0.00427133,-0.00621926
0.5,0.627119,0.254237,-0.00696037,-0.0409367
0.5,0.644068,0.254237,-0.00403775,-0.0672008
0.5,0.661017,0.254237,0.0112814,-0.0852003
0.5,0.677966,0.254237,0.036018,-0.0972874
0.5,0.694915,0.254237,0.0666594,-0.104313
0.5,0.711864,0.254237,0.0997961,-0.106146
0.5,0.728814,0.254237,0.132567,-0.100941
0.5,0.745763,0.254237,0.162907,-0.0858238
0.5,0.762712,0.254237,0.189662,-0.0595113
0.5,0.779661,0.254237,0.212659,-0.0252813
0.5,0.79661,0.254237,0.232745,0.0145041
0.5,0.813559,0.254237,0.251763,0.0577186
0.5,0.830508,0.254237,0.272418,0.102814
0.5,0.847458,0.254237,0.297983,0.147952
0.5,0.864407,0.254237,0.331836,0.191554
0.5,0.881356,0.254237,0.376867,0.231469
0.5,0.898305,0.254237,0.434789,0.265622
0.5,0.915254,0.254237,0.505462,0.292553
0.5,0.932203,0.254237,0.586373,0.313095
0.5,0.949153,0.254237,0.672493,0.327554
0.5,0.966102,0.254237,0.756722,0.3361
0.5,0.983051,0.254237,0.831035,0.339577
0.5,1,0.254237,0.888119,0.339677
0.5,0,0.271186,-0.131482,-0.0726361
0.5,0.0169492,0.271186,-0.139771,-0.068929
0.5,0.0338983,0.271186,-0.14205,-0.0585491
0.5,0.0508475,0.271186,-0.132905,-0.0418432
0.5,0.0677966,0.271186,-0.107756,-0.0183808
0.5,0.0847458,0.271186,-0.0632579,0.0112142
0.5,0.101695,0.271186,0.00228043,0.0444891
0.5,0.118644,0.271186,0.0884233,0.0776552
0.5,0.135593,0.271186,0.192152,0.111495
0.5,0.152542,0.271186,0.307659,0.145744
0.5,0.169492,0.271186,0.426686,0.179074
0.5,0.186441,0.271186,0.539616,0.210384
0.5,0.20339,0.271186,0.637176,0.239561
0.5,0.220339,0.271186,0.7123,0.267453
0.5,0.237288,0.271186,0.761479,0.293991
0.5,0.254237,0.271186,0.785116,0.31913
0.5,0.271186,0.271186,0.786813,0.344648
0.5,0.288136,0.271186,0.771952,0.368976
0.5,0.305085,0.271186,0.746153,0.389216
0.5,0.322034,0.271186,0.71409,0.403652
0.5,0.338983,0.271186,0.678921,0.411689
0.5,0.355932,0.271186,0.642292,0.413208
0.5,0.372881,0.271186,0.604721,0.407415
0.5,0.389831,0.271186,0.566133,0.394546
0.5,0.40678,0.271186,0.526312,0.3766
0.5,0.423729,0.271186,0.485143,0.354172
0.5,0.440678,0.271186,0.442634,0.327474
0.5,0.457627,0.271186,0.398786,0.298548
0.5,0.474576,0.271186,0.353446,0.268184
0.5,0.491525,0.271186,0.306307,0.236342
0.5,0.508475,0.271186,0.257097,0.204364
0.5,0.525424,0.271186,0.205957,0.172076
0.5,0.542373,0.271186,0.153862,0.137933
0.5,0.559322,0.271186,0.102895,0.103441
0.5,0.576271,0.271186,0.056154,0.0689221
0.5,0.59322,0.271186,0.0172287,0.0335138
0.5,0.610169,0.271186,-0.0106426,-0.000717713
0.5,0.627119,0.271186,-0.0254418,-0.0307344
0.5,0.644068,0.271186,-0.026922,-0.0527411
0.5,0.661017,0.271186,-0.0166435,-0.068999
0.5,0.677966,0.271186,0.00246639,-0.0811595
0.5,0.694915,0.271186,0.0268059,-0.0898222
0.5,0.711864,0.271186,0.0527832,-0.0937006
0.5,0.728814,0.271186,0.0773301,-0.0903202
0.5,0.745763,0.271186,0.0982212,-0.0758046
0.5,0.762712,0.271186,0.114257,-0.0511984
0.5,0.779661,0.271186,0.125374,-0.0191005
0.5,0.79661,0.271186,0.1327,0.0184327
0.5,0.813559,0.271186,0.138522,0.060075
0.5,0.830508,0.271186,0.146114,0.104147
0.5,0.847458,0.271186,0.159418,0.148759
0.5,0.864407,0.271186,0.182586,0.192066
0.5,0.881356,0.271186,0.219403,0.232249
0.5,0.898305,0.271186,0.272625,0.267709
0.5,0.915254,0.271186,0.343266,0.297635
0.5,0.932203,0.271186,0.429933,0.322184
0.5,0.949153,0.271186,0.528429,0.340593
0.5,0.966102,0.271186,0.631899,0.352109
0.5,0.983051,0.271186,0.731734,0.357342
0.5,1,0.271186,0.819183,0.358446
0.5,0,0.288136,-0.23706,-0.146064
0.5,0.0169492,0.288136,-0.251097,-0.141999
0.5,0.0338983,0.288136,-0.258574,-0.130489
0.5,0.0508475,0.288136,-0.253976,-0.112258
0.5,0.0677966,0.288136,-0.232699,-0.087111
0.5,0.0847458,0.288136,-0.191337,-0.0557932
0.5,0.101695,0.288136,-0.128,-0.0200191
0.5,0.118644,0.288136,-0.0427593,0.0191328
0.5,0.135593,0.288136,0.061834,0.0610858
0.5,0.152542,0.288136,0.180383,0.10324
0.5,0.169492,0.288136,0.304802,0.143173
0.5,0.186441,0.288136,0.425279,0.179699
0.5,0.20339,0.288136,0.531969,0.213154
0.5,0.220339,0.288136,0.616988,0.244812
0.5,0.237288,0.288136,0.675957,0.275043
0.5,0.254237,0.288136,0.70854,0.303077
0.5,0.271186,0.288136,0.717825,0.328665
0.5,0.288136,0.288136,0.708919,0.350324
0.5,0.305085,0.288136,0.687351,0.366549
0.5,0.322034,0.288136,0.657843,0.376471
0.5,0.338983,0.288136,0.623702,0.37986
0.5,0.355932,0.288136,0.58682,0.376848
0.5,0.372881,0.288136,0.548057,0.367332
0.5,0.389831,0.288136,0.507766,0.351893
0.5,0.40678,0.288136,0.466204,0.33191
0.5,0.423729,0.288136,0.423709,0.307933
0.5,0.440678,0.288136,0.38065,0.280412
0.5,0.457627,0.288136,0.337234,0.251539
0.5,0.474576,0.288136,0.293337,0.222643
0.5,0.491525,0.288136,0.248512,0.193987
0.5,0.508475,0.288136,0.20222,0.166245
0.5,0.525424,0.288136,0.154278,0.138745
0.5,0.542373,0.288136,0.105351,0.110159
0.5,0.559322,0.288136,0.0572868,0.0814683
0.5,0.576271,0.288136,0.0130668,0.0533573
0.5,0.59322,0.288136,-0.0237305,0.0262143
0.5,0.610169,0.288136,-0.0498299,0.00130575
0.5,0.627119,0.288136,-0.0632081,-0.020009
0.5,0.644068,0.288136,-0.0637096,-0.0374406
0.5,0.661017,0.288136,-0.0531026,-0.0524129
0.5,0.677966,0.288136,-0.0346079,-0.0644793
0.5,0.694915,0.288136,-0.0121457,-0.0729091
0.5,0.711864,0.288136,0.0104137,-0.0763708
0.5,0.728814,0.288136,0.029819,-0.0728686
0.5,0.745763,0.288136,0.0437965,-0.060419
0.5,0.762712,0.288136,0.0512602,-0.0397461
0.5,0.779661,0.288136,0.0524297,-0.0120403
0.5,0.79661,0.288136,0.0488666,0.0219298
0.5,0.813559,0.288136,0.0433936,0.0613785
0.5,0.830508,0.288136,0.039868,0.103681
0.5,0.847458,0.288136,0.0428176,0.146086
0.5,0.864407,0.288136,0.0569774,0.186605
0.5,0.881356,0.288136,0.0867569,0.224281
0.5,0.898305,0.288136,0.135628,0.258874
0.5,0.915254,0.288136,0.205417,0.29061
0.5,0.932203,0.288136,0.295555,0.318497
0.5,0.949153,0.288136,0.402478,0.340522
0.5,0.966102,0.288136,0.519519,0.354915
0.5,0.983051,0.288136,0.637606,0.362852
0.5,1,0.288136,0.746843,0.366013
0.5,0,0.305085,-0.338937,-0.208597
0.5,0.0169492,0.305085,-0.356176,-0.20435
0.5,0.0338983,0.305085,-0.36633,-0.192478
0.5,0.0508475,0.305085,-0.363967,-0.17379
0.5,0.0677966,0.305085,-0.34464,-0.147792
0.5,0.0847458,0.305085,-0.305044,-0.115424
0.5,0.101695,0.305085,-0.243223,-0.0770712
0.5,0.118644,0.305085,-0.158966,-0.0311371
0.5,0.135593,0.305085,-0.0543989,0.0198255
0.5,0.152542,0.305085,0.0655046,0.0705785
0.5,0.169492,0.305085,0.192893,0.117745
0.5,0.186441,0.305085,0.317867,0.159901
0.5,0.20339,0.305085,0.430171,0.197645
0.5,0.220339,0.305085,0.521296,0.233072
0.5,0.237288,0.305085,0.586203,0.26649
0.5,0.254237,0.305085,0.624014,0.295177
0.5,0.271186,0.305085,0.637469,0.317851
0.5,0.288136,0.305085,0.631503,0.333698
0.5,0.305085,0.305085,0.611612,0.342686
0.5,0.322034,0.305085,0.582575,0.344896
0.5,0.338983,0.305085,0.547834,0.340586
0.5,0.355932,0.305085,0.509491,0.330458
0.5,0.372881,0.305085,0.468706,0.314877
0.5,0.389831,0.305085,0.426187,0.294512
0.5,0.40678,0.305085,0.382558,0.270619
0.5,0.423729,0.305085,0.338469,0.24378
0.5,0.440678,0.305085,0.294482,0.21429
0.5,0.457627,0.305085,0.250848,0.185038
0.5,0.474576,0.305085,0.20736,0.157682
0.5,0.491525,0.305085,0.163413,0.132336
0.5,0.508475,0.305085,0.118317,0.109459
0.5,0.525424,0.305085,0.0718177,0.088111
0.5,0.542373,0.305085,0.0246429,0.0664543
0.5,0.559322,0.305085,-0.0211634,0.0453385
0.5,0.576271,0.305085,-0.0623501,0.0258977
0.5,0.59322,0.305085,-0.0951087,0.00923453
0.5,0.610169,0.305085,-0.11611,-0.00441053
0.5,0.627119,0.305085,-0.123552,-0.0158648
0.5,0.644068,0.305085,-0.117781,-0.0278793
0.5,0.661017,0.305085,-0.101265,-0.0402522
0.5,0.677966,0.305085,-0.0779698,-0.0500127
0.5,0.694915,0.305085,-0.0524652,-0.0559014
0.5,0.711864,0.305085,-0.0290705,-0.0571524
0.5,0.728814,0.305085,-0.0112429,-0.053073
0.5,0.745763,0.305085,-0.00121256,-0.0427853
0.5,0.762712,0.305085,0.00021058,-0.0263295
0.5,0.779661,0.305085,-0.00627602,-0.00348373
0.5,0.79661,0.305085,-0.0184851,0.026527
0.5,0.813559,0.305085,-0.0328969,0.0633207
0.5,0.830508,0.305085,-0.0449706,0.102694
0.5,0.847458,0.305085,-0.0495715,0.141223
0.5,0.864407,0.305085,-0.0414476,0.176926
0.5,0.881356,0.305085,-0.015726,0.209953
0.5,0.898305,0.305085,0.0315298,0.241506
0.5,0.915254,0.305085,0.102629,0.272905
0.5,0.932203,0.305085,0.197432,0.301964
0.5,0.949153,0.305085,0.312598,0.325694
0.5,0.966102,0.305085,0.441281,0.341242
0.5,0.983051,0.305085,0.573715,0.351211
0.5,1,0.305085,0.698833,0.355919
0.5,0,0.322034,-0.433513,-0.256685
0.5,0.0169492,0.322034,-0.451238,-0.252192
0.5,0.0338983,0.322034,-0.461416,-0.240009
0.5,0.0508475,0.322034,-0.458875,-0.220771
0.5,0.0677966,0.322034,-0.439492,-0.193837
0.5,0.0847458,0.322034,-0.400205,-0.160196
0.5,0.101695,0.322034,-0.339099,-0.118626
0.5,0.118644,0.322034,-0.255767,-0.0659777
0.5,0.135593,0.322034,-0.151965,-0.00750589
0.5,0.152542,0.322034,-0.032272,0.0508572
0.5,0.169492,0.322034,0.0957141,0.104873
0.5,0.186441,0.322034,0.222087,0.152667
0.5,0.20339,0.322034,0.336332,0.194803
0.5,0.220339,0.322034,0.429528,0.233821
0.5,0.237288,0.322034,0.496236,0.26767
0.5,0.254237,0.322034,0.535293,0.293673
0.5,0.271186,0.322034,0.549299,0.310401
0.5,0.288136,0.322034,0.543165,0.317755
0.5,0.305085,0.322034,0.52242,0.316834
0.5,0.322034,0.322034,0.49191,0.30875
0.5,0.338983,0.322034,0.455183,0.294677
0.5,0.355932,0.322034,0.414509,0.2756
0.5,0.372881,0.322034,0.371272,0.251959
0.5,0.389831,0.322034,0.326441,0.224501
0.5,0.40678,0.322034,0.280865,0.194647
0.5,0.423729,0.322034,0.23532,0.163172
0.5,0.440678,0.322034,0.190346,0.130985
0.5,0.457627,0.322034,0.146035,0.101187
0.5,0.474576,0.322034,0.101947,0.0752977
0.5,0.491525,0.322034,0.0572786,0.0535432
0.5,0.508475,0.322034,0.0113027,0.0361958
0.5,0.525424,0.322034,-0.0360229,0.0218509
0.5,0.542373,0.322034,-0.0834745,0.00838333
0.5,0.559322,0.322034,-0.128293,-0.0034494
0.5,0.576271,0.322034,-0.166466,-0.0128765
0.5,0.59322,0.322034,-0.19363,-0.0190066
0.5,0.610169,0.322034,-0.206344,-0.0225192
0.5,0.627119,0.322034,-0.203266,-0.0251763
0.5,0.644068,0.322034,-0.185724,-0.0310557
0.5,0.661017,0.322034,-0.157453,-0.0369366
0.5,0.677966,0.322034,-0.123693,-0.0405602
0.5,0.694915,0.322034,-0.0900323,-0.0411995
0.5,0.711864,0.322034,-0.0614273,-0.0391989
0.5,0.728814,0.322034,-0.0415591,-0.0340177
0.5,0.745763,0.322034,-0.0325128,-0.024997
0.5,0.762712,0.322034,-0.0346486,-0.0115034
0.5,0.779661,0.322034,-0.0465858,0.00767135
0.5,0.79661,0.322034,-0.0653029,0.0345009
0.5,0.813559,0.322034,-0.0863954,0.0675001
0.5,0.830508,0.322034,-0.104493,0.102293
0.5,0.847458,0.322034,-0.113771,0.135339
0.5,0.864407,0.322034,-0.108453,0.165036
0.5,0.881356,0.322034,-0.0832934,0.192105
0.5,0.898305,0.322034,-0.0340957,0.218644
0.5,0.915254,0.322034,0.0415985,0.245961
0.5,0.932203,0.322034,0.143619,0.271703
0.5,0.949153,0.322034,0.26829,0.292789
0.5,0.966102,0.322034,0.408026,0.306908
0.5,0.983051,0.322034,0.551929,0.316917
0.5,1,0.322034,0.687593,0.321463
0.5,0,0.338983,-0.517468,-0.288199
0.5,0.0169492,0.338983,-0.532988,-0.283525
0.5,0.0338983,0.338983,-0.540608,-0.270629
0.5,0.0508475,0.338983,-0.535576,-0.250181
0.5,0.0677966,0.338983,-0.514234,-0.22219
0.5,0.0847458,0.338983,-0.473871,-0.18651
0.5,0.101695,0.338983,-0.412706,-0.14098
0.5,0.118644,0.338983,-0.330219,-0.0840273
0.5,0.135593,0.338983,-0.22787,-0.0201599
0.5,0.152542,0.338983,-0.109908,0.0444276
0.5,0.169492,0.338983,0.0162994,0.104685
0.5,0.186441,0.338983,0.140889,0.158091
0.5,0.20339,0.338983,0.253232,0.204727
0.5,0.220339,0.338983,0.344245,0.244748
0.5,0.237288,0.338983,0.408391,0.275842
0.5,0.254237,0.338983,0.444535,0.296244
0.5,0.271186,0.338983,0.455391,0.30472
0.5,0.288136,0.338983,0.446001,0.301339
0.5,0.305085,0.338983,0.421992,0.288347
0.5,0.322034,0.338983,0.388267,0.26831
0.5,0.338983,0.338983,0.348431,0.243241
0.5,0.355932,0.338983,0.30485,0.214017
0.5,0.372881,0.338983,0.259049,0.180917
0.5,0.389831,0.338983,0.21214,0.14459
0.5,0.40678,0.338983,0.165045,0.106859
0.5,0.423729,0.338983,0.118468,0.0694793
0.5,0.440678,0.338983,0.0727047,0.0344385
0.5,0.457627,0.338983,0.0274801,0.0039003
0.5,0.474576,0.338983,-0.0180204,-0.0207793
0.5,0.491525,0.338983,-0.0648196,-0.0386777
0.5,0.508475,0.338983,-0.113547,-0.0502703
0.5,0.525424,0.338983,-0.163712,-0.0573572
0.5,0.542373,0.338983,-0.213118,-0.0614602
0.5,0.559322,0.338983,-0.25773,-0.0628413
0.5,0.576271,0.338983,-0.29227,-0.0618451
0.5,0.59322,0.338983,-0.311513,-0.0591835
0.5,0.610169,0.338983,-0.311924,-0.0554231
0.5,0.627119,0.338983,-0.292975,-0.0514047
0.5,0.644068,0.338983,-0.257551,-0.0480198
0.5,0.661017,0.338983,-0.211309,-0.0433399
0.5,0.677966,0.338983,-0.161294,-0.0373714
0.5,0.694915,0.338983,-0.11445,-0.0311725
0.5,0.711864,0.338983,-0.0764807,-0.0252525
0.5,0.728814,0.338983,-0.0512333,-0.0181665
0.5,0.745763,0.338983,-0.0404904,-0.00871867
0.5,0.762712,0.338983,-0.0439643,0.00399002
0.5,0.779661,0.338983,-0.0593878,0.02162
0.5,0.79661,0.338983,-0.0827154,0.0453941
0.5,0.813559,0.338983,-0.108491,0.0736474
0.5,0.830508,0.338983,-0.130385,0.102748
0.5,0.847458,0.338983,-0.141801,0.129587
0.5,0.864407,0.338983,-0.13644,0.152828
0.5,0.881356,0.338983,-0.108785,0.173166
0.5,0.898305,0.338983,-0.0546176,0.192368
0.5,0.915254,0.338983,0.0282659,0.211292
0.5,0.932203,0.338983,0.139102,0.228601
0.5,0.949153,0.338983,0.273218,0.242588
0.5,0.966102,0.338983,0.421654,0.252959
0.5,0.983051,0.338983,0.571949,0.260437
0.5,1,0.338983,0.710321,0.262985
0.5,0,0.355932,-0.58789,-0.304049
0.5,0.0169492,0.355932,-0.598724,-0.29902
0.5,0.0338983,0.355932,-0.60145,-0.285254
0.5,0.0508475,0.355932,-0.591882,-0.263657
0.5,0.0677966,0.355932,-0.566928,-0.234594
0.5,0.0847458,0.355932,-0.524312,-0.197013
0.5,0.101695,0.355932,-0.462454,-0.148748
0.5,0.118644,0.355932,-0.3808,-0.0884977
0.5,0.135593,0.355932,-0.280618,-0.0203116
0.5,0.152542,0.355932,-0.165923,0.0490959
0.5,0.169492,0.355932,-0.0439212,0.114023
0.5,0.186441,0.355932,0.075598,0.171561
0.5,0.20339,0.355932,0.182044,0.220928
0.5,0.220339,0.355932,0.266453,0.259996
0.5,0.237288,0.355932,0.323553,0.286546
0.5,0.254237,0.355932,0.352587,0.30003
0.5,0.271186,0.355932,0.356663,0.298956
0.5,0.288136,0.355932,0.341109,0.283469
0.5,0.305085,0.355932,0.311682,0.257449
0.5,0.322034,0.355932,0.273295,0.22476
0.5,0.338983,0.355932,0.229526,0.188107
0.5,0.355932,0.355932,0.18274,0.148106
0.5,0.372881,0.355932,0.134504,0.104861
0.5,0.389831,0.355932,0.0859603,0.0588842
0.5,0.40678,0.355932,0.0379559,0.0128482
0.5,0.423729,0.355932,-0.0090563,-0.0305323
0.5,0.440678,0.355932,-0.0552166,-0.0685922
0.5,0.457627,0.355932,-0.10134,-0.100256
0.5,0.474576,0.355932,-0.148712,-0.124076
0.5,0.491525,0.355932,-0.198551,-0.138286
0.5,0.508475,0.355932,-0.251202,-0.144351
0.5,0.525424,0.355932,-0.305285,-0.144289
0.5,0.542373,0.355932,-0.357135,-0.139286
0.5,0.559322,0.355932,-0.400913,-0.130577
0.5,0.576271,0.355932,-0.429649,-0.119894
0.5,0.59322,0.355932,-0.437103,-0.109769
0.5,0.610169,0.355932,-0.419852,-0.0998918
0.5,0.627119,0.355932,-0.378712,-0.0887612
0.5,0.644068,0.355932,-0.318843,-0.0749201
0.5,0.661017,0.355932,-0.24848,-0.0583264
0.5,0.677966,0.355932,-0.176934,-0.0418299
0.5,0.694915,0.355932,-0.112672,-0.0284201
0.5,0.711864,0.355932,-0.0620781,-0.0181838
0.5,0.728814,0.355932,-0.0289563,-0.0079365
0.5,0.745763,0.355932,-0.0145359,0.00360163
0.5,0.762712,0.355932,-0.0176557,0.0172592
0.5,0.779661,0.355932,-0.0349894,0.0346643
0.5,0.79661,0.355932,-0.0613459,0.0562902
0.5,0.813559,0.355932,-0.0901404,0.0805308
0.5,0.830508,0.355932,-0.114046,0.104293
0.5,0.847458,0.355932,-0.125713,0.124914
0.5,0.864407,0.355932,-0.118411,0.141201
0.5,0.881356,0.355932,-0.0865578,0.15367
0.5,0.898305,0.355932,-0.0262727,0.163668
0.5,0.915254,0.355932,0.063874,0.172044
0.5,0.932203,0.355932,0.181877,0.178485
0.5,0.949153,0.355932,0.321399,0.183161
0.5,0.966102,0.355932,0.471608,0.187565
0.5,0.983051,0.355932,0.618375,0.190743
0.5,1,0.355932,0.746965,0.191342
0.5,0,0.372881,-0.642379,-0.305277
0.5,0.0169492,0.372881,-0.646408,-0.300075
0.5,0.0338983,0.372881,-0.6423,-0.286152
0.5,0.0508475,0.372881,-0.626543,-0.264072
0.5,0.0677966,0.372881,-0.596687,-0.234192
0.5,0.0847458,0.372881,-0.550933,-0.194963
0.5,0.101695,0.372881,-0.487954,-0.144552
0.5,0.118644,0.372881,-0.407243,-0.0815664
0.5,0.135593,0.372881,-0.309999,-0.0110515
0.5,0.152542,0.372881,-0.200141,0.060683
0.5,0.169492,0.372881,-0.0848045,0.127527
0.5,0.186441,0.372881,0.0263035,0.187087
0.5,0.20339,0.372881,0.122802,0.237072
0.5,0.220339,0.372881,0.196166,0.273421
0.5,0.237288,0.372881,0.241795,0.294948
0.5,0.254237,0.372881,0.259706,0.30121
0.5,0.271186,0.372881,0.253677,0.290165
0.5,0.288136,0.372881,0.229449,0.263122
0.5,0.305085,0.372881,0.192893,0.224826
0.5,0.322034,0.372881,0.148838,0.179967
0.5,0.338983,0.372881,0.100704,0.131432
0.5,0.355932,0.372881,0.0507381,0.0801536
0.5,0.372881,0.372881,0.000445863,0.0265649
0.5,0.389831,0.372881,-0.0491057,-0.0282269
0.5,0.40678,0.372881,-0.0972598,-0.0812241
0.5,0.423729,0.372881,-0.143953,-0.129545
0.5,0.440678,0.372881,-0.189904,-0.170565
0.5,0.457627,0.372881,-0.236575,-0.203729
0.5,0.474576,0.372881,-0.285756,-0.22708
0.5,0.491525,0.372881,-0.33877,-0.238366
0.5,0.508475,0.372881,-0.395447,-0.239863
0.5,0.525424,0.372881,-0.453149,-0.233725
0.5,0.542373,0.372881,-0.506294,-0.221192
0.5,0.559322,0.372881,-0.54682,-0.204206
0.5,0.576271,0.372881,-0.565839,-0.185374
0.5,0.59322,0.372881,-0.556197,-0.168323
0.5,0.610169,0.372881,-0.515046,-0.151134
0.5,0.627119,0.372881,-0.445276,-0.13168
0.5,0.644068,0.372881,-0.355077,-0.107279
0.5,0.661017,0.372881,-0.255834,-0.0806115
0.5,0.677966,0.372881,-0.159338,-0.0554933
0.5,0.694915,0.372881,-0.0754716,-0.0362574
0.5,0.711864,0.372881,-0.0109617,-0.0207842
0.5,0.728814,0.372881,0.0308309,-0.00594867
0.5,0.745763,0.372881,0.0495771,0.00910471
0.5,0.762712,0.372881,0.0475379,0.025577
0.5,0.779661,0.372881,0.029197,0.0445103
0.5,0.79661,0.372881,0.000882122,0.0656957
0.5,0.813559,0.372881,-0.0297772,0.0873608
0.5,0.830508,0.372881,-0.0545975,0.106764
0.5,0.847458,0.372881,-0.0656695,0.121566
0.5,0.864407,0.372881,-0.0560996,0.130703
0.5,0.881356,0.372881,-0.0206149,0.134739
0.5,0.898305,0.372881,0.0438387,0.135043
0.5,0.915254,0.372881,0.137327,0.132713
0.5,0.932203,0.372881,0.25601,0.128221
0.5,0.949153,0.372881,0.391468,0.12316
0.5,0.966102,0.372881,0.530975,0.119928
0.5,0.983051,0.372881,0.659297,0.117374
0.5,1,0.372881,0.761916,0.115708
0.5,0,0.389831,-0.679147,-0.293406
0.5,0.0169492,0.389831,-0.674727,-0.288879
0.5,0.0338983,0.389831,-0.662335,-0.276043
0.5,0.0508475,0.389831,-0.639214,-0.254406
0.5,0.0677966,0.389831,-0.603588,-0.223443
0.5,0.0847458,0.389831,-0.554149,-0.182121
0.5,0.101695,0.389831,-0.48985,-0.129516
0.5,0.118644,0.389831,-0.410319,-0.0660733
0.5,0.135593,0.389831,-0.316819,0.00389064
0.5,0.152542,0.389831,-0.213337,0.0748292
0.5,0.169492,0.389831,-0.10706,0.14153
0.5,0.186441,0.389831,-0.00760521,0.200735
0.5,0.20339,0.389831,0.0750414,0.248848
0.5,0.220339,0.389831,0.133149,0.281858
0.5,0.237288,0.389831,0.163229,0.298119
0.5,0.254237,0.389831,0.166475,0.296937
0.5,0.271186,0.389831,0.147595,0.277219
0.5,0.288136,0.389831,0.112818,0.240583
0.5,0.305085,0.389831,0.0680664,0.191863
0.5,0.322034,0.389831,0.017929,0.135749
0.5,0.338983,0.389831,-0.0344897,0.0752737
0.5,0.355932,0.389831,-0.0871946,0.012543
0.5,0.372881,0.389831,-0.138842,-0.0505586
0.5,0.389831,0.389831,-0.188522,-0.111866
0.5,0.40678,0.389831,-0.235849,-0.169396
0.5,0.423729,0.389831,-0.28124,-0.221141
0.5,0.440678,0.389831,-0.32607,-0.265077
0.5,0.457627,0.389831,-0.372492,-0.299929
0.5,0.474576,0.389831,-0.422766,-0.323274
0.5,0.491525,0.389831,-0.478189,-0.333078
0.5,0.508475,0.389831,-0.537835,-0.331389
0.5,0.525424,0.389831,-0.597489,-0.320769
0.5,0.542373,0.389831,-0.649329,-0.303173
0.5,0.559322,0.389831,-0.682867,-0.280675
0.5,0.576271,0.389831,-0.687346,-0.255788
0.5,0.59322,0.389831,-0.655087,-0.230413
0.5,0.610169,0.389831,-0.58451,-0.203752
0.5,0.627119,0.389831,-0.48138,-0.174718
0.5,0.644068,0.389831,-0.35757,-0.14253
0.5,0.661017,0.389831,-0.227895,-0.109627
0.5,0.677966,0.389831,-0.106491,-0.0794873
0.5,0.694915,0.389831,-0.00418178,-0.054556
0.5,0.711864,0.389831,0.0725616,-0.033151
0.5,0.728814,0.389831,0.121374,-0.0130518
0.5,0.745763,0.389831,0.14321,0.00711249
0.5,0.762712,0.389831,0.1416,0.0283876
0.5,0.779661,0.389831,0.122163,0.0507148
0.5,0.79661,0.389831,0.092186,0.0730661
0.5,0.813559,0.389831,0.0600616,0.0935589
0.5,0.830508,0.389831,0.0344773,0.109769
0.5,0.847458,0.389831,0.0234964,0.119531
0.5,0.864407,0.389831,0.0337206,0.121864
0.5,0.881356,0.389831,0.069612,0.117712
0.5,0.898305,0.389831,0.132869,0.108863
0.5,0.915254,0.389831,0.221722,0.0968926
0.5,0.932203,0.389831,0.330227,0.0829093
0.5,0.949153,0.389831,0.448036,0.0687504
0.5,0.966102,0.389831,0.561296,0.0563033
0.5,0.983051,0.389831,0.655089,0.046608
0.5,1,0.389831,0.716991,0.0420754
0.5,0,0.40678,-0.697084,-0.272208
0.5,0.0169492,0.40678,-0.683111,-0.268738
0.5,0.0338983,0.40678,-0.661536,-0.25742
0.5,0.0508475,0.40678,-0.630396,-0.236396
0.5,0.0677966,0.40678,-0.588579,-0.204445
0.5,0.0847458,0.40678,-0.535246,-0.161385
0.5,0.101695,0.40678,-0.469645,-0.107774
0.5,0.118644,0.40678,-0.391608,-0.0452447
0.5,0.135593,0.40678,-0.302609,0.0225806
0.5,0.152542,0.40678,-0.206883,0.0910961
0.5,0.169492,0.40678,-0.111799,0.15568
0.5,0.186441,0.40678,-0.0268843,0.212488
0.5,0.20339,0.40678,0.0384592,0.257468
0.5,0.220339,0.40678,0.0776605,0.286214
0.5,0.237288,0.40678,0.0887854,0.296709
0.5,0.254237,0.40678,0.0745834,0.288862
0.5,0.271186,0.40678,0.0409124,0.261702
0.5,0.288136,0.40678,-0.00548062,0.216676
0.5,0.305085,0.40678,-0.0587441,0.159084
0.5,0.322034,0.40678,-0.114707,0.0932981
0.5,0.338983,0.40678,-0.170757,0.0223972
0.5,0.355932,0.40678,-0.225281,-0.0501604
0.5,0.372881,0.40678,-0.277185,-0.120842
0.5,0.389831,0.40678,-0.325772,-0.186605
0.5,0.40678,0.40678,-0.370985,-0.247095
0.5,0.423729,0.40678,-0.413766,-0.301444
0.5,0.440678,0.40678,-0.456185,-0.347891
0.5,0.457627,0.40678,-0.50108,-0.384723
0.5,0.474576,0.40678,-0.551119,-0.409138
0.5,0.491525,0.40678,-0.607442,-0.418292
0.5,0.508475,0.40678,-0.668178,-0.414641
0.5,0.525424,0.40678,-0.727348,-0.401276
0.5,0.542373,0.40678,-0.774772,-0.380494
0.5,0.559322,0.40678,-0.797591,-0.354115
0.5,0.576271,0.40678,-0.783504,-0.323744
0.5,0.59322,0.40678,-0.724901,-0.289992
0.5,0.610169,0.40678,-0.622212,-0.253871
0.5,0.627119,0.40678,-0.484736,-0.216589
0.5,0.644068,0.40678,-0.328356,-0.178595
0.5,0.661017,0.40678,-0.171184,-0.141673
0.5,0.677966,0.40678,-0.0291586,-0.107994
0.5,0.694915,0.40678,0.0867075,-0.0783792
0.5,0.711864,0.40678,0.170939,-0.05168
0.5,0.728814,0.40678,0.222725,-0.0262234
0.5,0.745763,0.40678,0.244606,-0.000255122
0.5,0.762712,0.40678,0.241436,0.0267857
0.5,0.779661,0.40678,0.219805,0.0534683
0.5,0.79661,0.40678,0.187641,0.0780306
0.5,0.813559,0.40678,0.153662,0.098513
0.5,0.830508,0.40678,0.126555,0.112698
0.5,0.847458,0.40678,0.113997,0.118397
0.5,0.864407,0.40678,0.121756,0.114609
0.5,0.881356,0.40678,0.152987,0.103035
0.5,0.898305,0.40678,0.20766,0.0860673
0.5,0.915254,0.40678,0.282041,0.0658269
0.5,0.932203,0.40678,0.368385,0.0435595
0.5,0.949153,0.40678,0.455312,0.0207709
0.5,0.966102,0.40678,0.529387,-0.000784602
0.5,0.983051,0.40678,0.578025,-0.0178456
0.5,1,0.40678,0.592927,-0.025646
0.5,0,0.423729,-0.695797,-0.245548
0.5,0.0169492,0.423729,-0.67174,-0.24299
0.5,0.0338983,0.423729,-0.640654,-0.232456
0.5,0.0508475,0.423729,-0.601366,-0.211609
0.5,0.0677966,0.423729,-0.553378,-0.178826
0.5,0.0847458,0.423729,-0.496261,-0.134944
0.5,0.101695,0.423729,-0.429541,-0.0814446
0.5,0.118644,0.423729,-0.353311,-0.0205996
0.5,0.135593,0.423729,-0.269394,0.044382
0.5,0.152542,0.423729,-0.182448,0.109411
0.5,0.169492,0.423729,-0.100165,0.17024
0.5,0.186441,0.423729,-0.0320011,0.223005
0.5,0.20339,0.423729,0.0133973,0.263415
0.5,0.220339,0.423729,0.0309497,0.286554
0.5,0.237288,0.423729,0.0206717,0.291221
0.5,0.254237,0.423729,-0.0128021,0.277399
0.5,0.271186,0.423729,-0.062299,0.243507
0.5,0.288136,0.423729,-0.120567,0.191702
0.5,0.305085,0.423729,-0.181961,0.127432
0.5,0.322034,0.423729,-0.242904,0.0545197
0.5,0.338983,0.423729,-0.30143,-0.0236344
0.5,0.355932,0.423729,-0.356418,-0.102738
0.5,0.372881,0.423729,-0.407086,-0.178216
0.5,0.389831,0.423729,-0.452997,-0.246898
0.5,0.40678,0.423729,-0.494462,-0.309696
0.5,0.423729,0.423729,-0.532987,-0.366164
0.5,0.440678,0.423729,-0.571362,-0.414709
0.5,0.457627,0.423729,-0.613101,-0.453591
0.5,0.474576,0.423729,-0.661237,-0.479581
0.5,0.491525,0.423729,-0.71668,-0.489124
0.5,0.508475,0.423729,-0.776555,-0.485412
0.5,0.525424,0.423729,-0.833105,-0.471139
0.5,0.542373,0.423729,-0.873902,-0.448387
0.5,0.559322,0.423729,-0.883998,-0.418627
0.5,0.576271,0.423729,-0.850014,-0.383041
0.5,0.59322,0.423729,-0.76499,-0.341603
0.5,0.610169,0.423729,-0.631898,-0.297842
0.5,0.627119,0.423729,-0.463841,-0.254259
0.5,0.644068,0.423729,-0.280574,-0.212006
0.5,0.661017,0.423729,-0.102958,-0.172601
0.5,0.677966,0.423729,0.0520702,-0.136658
0.5,0.694915,0.423729,0.174123,-0.103631
0.5,0.711864,0.423729,0.259362,-0.0725718
0.5,0.728814,0.423729,0.308907,-0.0420852
0.5,0.745763,0.423729,0.326993,-0.0102828
0.5,0.762712,0.423729,0.319696,0.0223204
0.5,0.779661,0.423729,0.294317,0.0533066
0.5,0.79661,0.423729,0.259046,0.0803633
0.5,0.813559,0.423729,0.222471,0.101357
0.5,0.830508,0.423729,0.192762,0.114237
0.5,0.847458,0.423729,0.176691,0.116735
0.5,0.864407,0.423729,0.178733,0.108085
0.5,0.881356,0.423729,0.200419,0.090631
0.5,0.898305,0.423729,0.239924,0.0671
0.5,0.915254,0.423729,0.291874,0.0398697
0.5,0.932203,0.423729,0.34757,0.0102496
0.5,0.949153,0.423729,0.39601,-0.020171
0.5,0.966102,0.423729,0.426035,-0.0492955
0.5,0.983051,0.423729,0.429291,-0.072235
0.5,1,0.423729,0.402974,-0.0824047
0.5,0,0.440678,-0.67563,-0.216418
0.5,0.0169492,0.440678,-0.641529,-0.213385
0.5,0.0338983,0.440678,-0.601166,-0.202146
0.5,0.0508475,0.440678,-0.55411,-0.180643
0.5,0.0677966,0.440678,-0.500385,-0.147464
0.5,0.0847458,0.440678,-0.439874,-0.103608
0.5,0.101695,0.440678,-0.372324,-0.0510978
0.5,0.118644,0.440678,-0.298118,0.00767531
0.5,0.135593,0.440678,-0.219539,0.0694488
0.5,0.152542,0.440678,-0.141829,0.130199
0.5,0.169492,0.440678,-0.0731525,0.185985
0.5,0.186441,0.440678,-0.0229404,0.232937
0.5,0.20339,0.440678,0.00101557,0.266791
0.5,0.220339,0.440678,-0.00463181,0.283834
0.5,0.237288,0.440678,-0.0376178,0.28279
0.5,0.254237,0.440678,-0.091178,0.262956
0.5,0.271186,0.440678,-0.156711,0.223806
0.5,0.288136,0.440678,-0.226484,0.167758
0.5,0.305085,0.440678,-0.295162,0.0992543
0.5,0.322034,0.440678,-0.359892,0.0224624
0.5,0.338983,0.440678,-0.419451,-0.0585722
0.5,0.355932,0.440678,-0.473272,-0.139882
0.5,0.372881,0.440678,-0.520932,-0.217365
0.5,0.389831,0.440678,-0.562298,-0.28839
0.5,0.40678,0.440678,-0.598103,-0.353232
0.5,0.423729,0.440678,-0.630483,-0.411467
0.5,0.440678,0.440678,-0.663001,-0.461633
0.5,0.457627,0.440678,-0.699882,-0.501924
0.5,0.474576,0.440678,-0.744545,-0.529356
0.5,0.491525,0.440678,-0.797703,-0.541625
0.5,0.508475,0.440678,-0.855564,-0.540366
0.5,0.525424,0.440678,-0.908773,-0.527159
0.5,0.542373,0.440678,-0.942933,-0.503061
0.5,0.559322,0.440678,-0.941379,-0.469738
0.5,0.576271,0.440678,-0.890042,-0.42887
0.5,0.59322,0.440678,-0.782918,-0.382034
0.5,0.610169,0.440678,-0.625597,-0.332936
0.5,0.627119,0.440678,-0.434739,-0.284899
0.5,0.644068,0.440678,-0.233389,-0.240437
0.5,0.661017,0.440678,-0.0443724,-0.200343
0.5,0.677966,0.440678,0.11515,-0.163446
0.5,0.694915,0.440678,0.236011,-0.1282
0.5,0.711864,0.440678,0.316321,-0.0934809
0.5,0.728814,0.440678,0.359181,-0.0581708
0.5,0.745763,0.440678,0.370394,-0.0214315
0.5,0.762712,0.440678,0.357031,0.0156064
0.5,0.779661,0.440678,0.326836,0.0502357
0.5,0.79661,0.440678,0.287949,0.079444
0.5,0.813559,0.440678,0.248477,0.100742
0.5,0.830508,0.440678,0.215706,0.112451
0.5,0.847458,0.440678,0.195155,0.112828
0.5,0.864407,0.440678,0.189756,0.101404
0.5,0.881356,0.440678,0.199356,0.0803141
0.5,0.898305,0.440678,0.220567,0.052152
0.5,0.915254,0.440678,0.246998,0.0190714
0.5,0.932203,0.440678,0.270031,-0.0169543
0.5,0.949153,0.440678,0.280425,-0.0535479
0.5,0.966102,0.440678,0.270731,-0.0873344
0.5,0.983051,0.440678,0.237896,-0.112934
0.5,1,0.440678,0.184807,-0.12316
0.5,0,0.457627,-0.637649,-0.182381
0.5,0.0169492,0.457627,-0.594091,-0.178577
0.5,0.0338983,0.457627,-0.545223,-0.166337
0.5,0.0508475,0.457627,-0.491262,-0.144244
0.5,0.0677966,0.457627,-0.432612,-0.110699
0.5,0.0847458,0.457627,-0.369331,-0.0671304
0.5,0.101695,0.457627,-0.301292,-0.0160181
0.5,0.118644,0.457627,-0.229149,0.0405651
0.5,0.135593,0.457627,-0.155713,0.0990676
0.5,0.152542,0.457627,-0.0869461,0.1552
0.5,0.169492,0.457627,-0.0316391,0.205348
0.5,0.186441,0.457627,0.000693035,0.245758
0.5,0.20339,0.457627,0.00310337,0.272678
0.5,0.220339,0.457627,-0.0259266,0.283561
0.5,0.237288,0.457627,-0.0817276,0.277047
0.5,0.254237,0.457627,-0.155263,0.252237
0.5,0.271186,0.457627,-0.236424,0.209383
0.5,0.288136,0.457627,-0.316989,0.150752
0.5,0.305085,0.457627,-0.391963,0.080122
0.5,0.322034,0.457627,-0.459243,0.00224671
0.5,0.338983,0.457627,-0.518367,-0.0785207
0.5,0.355932,0.457627,-0.569331,-0.159474
0.5,0.372881,0.457627,-0.612097,-0.237367
0.5,0.389831,0.457627,-0.646899,-0.309447
0.5,0.40678,0.457627,-0.67499,-0.375686
0.5,0.423729,0.457627,-0.699255,-0.435463
0.5,0.440678,0.457627,-0.72414,-0.487019
0.5,0.457627,0.457627,-0.754687,-0.528811
0.5,0.474576,0.457627,-0.794804,-0.558701
0.5,0.491525,0.457627,-0.845162,-0.57474
0.5,0.508475,0.457627,-0.90128,-0.577344
0.5,0.525424,0.457627,-0.952517,-0.566686
0.5,0.542373,0.457627,-0.982858,-0.542152
0.5,0.559322,0.457627,-0.974208,-0.506163
0.5,0.576271,0.457627,-0.91192,-0.461855
0.5,0.59322,0.457627,-0.790774,-0.411701
0.5,0.610169,0.457627,-0.6185,-0.359311
0.5,0.627119,0.457627,-0.414577,-0.308803
0.5,0.644068,0.457627,-0.204513,-0.26425
0.5,0.661017,0.457627,-0.0123658,-0.225317
0.5,0.677966,0.457627,0.144952,-0.188788
0.5,0.694915,0.457627,0.259638,-0.152291
0.5,0.711864,0.457627,0.331626,-0.114708
0.5,0.728814,0.457627,0.365721,-0.0756053
0.5,0.745763,0.457627,0.368986,-0.035038
0.5,0.762712,0.457627,0.34923,0.00553606
0.5,0.779661,0.457627,0.314435,0.0431427
0.5,0.79661,0.457627,0.272537,0.0739932
0.5,0.813559,0.457627,0.231001,0.0953799
0.5,0.830508,0.457627,0.196073,0.106625
0.5,0.847458,0.457627,0.171894,0.106343
0.5,0.864407,0.457627,0.15982,0.0937389
0.5,0.881356,0.457627,0.158148,0.0709431
0.5,0.898305,0.457627,0.162288,0.0401641
0.5,0.915254,0.457627,0.165419,0.00314089
0.5,0.932203,0.457627,0.159774,-0.0373757
0.5,0.949153,0.457627,0.138654,-0.0779492
0.5,0.966102,0.457627,0.0988579,-0.114292
0.5,0.983051,0.457627,0.0426054,-0.141176
0.5,1,0.457627,-0.0223032,-0.151984
0.5,0,0.474576,-0.583598,-0.141952
0.5,0.0169492,0.474576,-0.531686,-0.137437
0.5,0.0338983,0.474576,-0.475585,-0.124347
0.5,0.0508475,0.474576,-0.416024,-0.101656
0.5,0.0677966,0.474576,-0.353607,-0.0675037
0.5,0.0847458,0.474576,-0.288381,-0.0245239
0.5,0.101695,0.474576,-0.22021,0.0250266
0.5,0.118644,0.474576,-0.149948,0.0796369
0.5,0.135593,0.474576,-0.0809452,0.135023
0.5,0.152542,0.474576,-0.0199818,0.186709
0.5,0.169492,0.474576,0.0233641,0.231401
0.5,0.186441,0.474576,0.0393074,0.265352
0.5,0.20339,0.474576,0.0215868,0.285617
0.5,0.220339,0.474576,-0.0295808,0.290806
0.5,0.237288,0.474576,-0.107141,0.27965
0.5,0.254237,0.474576,-0.19975,0.251231
0.5,0.271186,0.474576,-0.29573,0.206179
0.5,0.288136,0.474576,-0.386289,0.1465
0.5,0.305085,0.474576,-0.466686,0.0756554
0.5,0.322034,0.474576,-0.535472,-0.00104512
0.5,0.338983,0.474576,-0.592862,-0.0795711
0.5,0.355932,0.474576,-0.639373,-0.158773
0.5,0.372881,0.474576,-0.675374,-0.235841
0.5,0.389831,0.474576,-0.70156,-0.308036
0.5,0.40678,0.474576,-0.719863,-0.375528
0.5,0.423729,0.474576,-0.734096,-0.436912
0.5,0.440678,0.474576,-0.749769,-0.489969
0.5,0.457627,0.474576,-0.772903,-0.533738
0.5,0.474576,0.474576,-0.80808,-0.566659
0.5,0.491525,0.474576,-0.856171,-0.586801
0.5,0.508475,0.474576,-0.912338,-0.594108
0.5,0.525424,0.474576,-0.96504,-0.587156
0.5,0.542373,0.474576,-0.996972,-0.563466
0.5,0.559322,0.474576,-0.988712,-0.527198
0.5,0.576271,0.474576,-0.924764,-0.48224
0.5,0.59322,0.474576,-0.800006,-0.431494
0.5,0.610169,0.474576,-0.623308,-0.378686
0.5,0.627119,0.474576,-0.415913,-0.328425
0.5,0.644068,0.474576,-0.204938,-0.286142
0.5,0.661017,0.474576,-0.0152287,-0.249379
0.5,0.677966,0.474576,0.136546,-0.213773
0.5,0.694915,0.474576,0.243599,-0.176558
0.5,0.711864,0.474576,0.307174,-0.136884
0.5,0.728814,0.474576,0.333274,-0.0950994
0.5,0.745763,0.474576,0.329851,-0.0519547
0.5,0.762712,0.474576,0.305239,-0.00922939
0.5,0.779661,0.474576,0.267589,0.0299959
0.5,0.79661,0.474576,0.224625,0.0614685
0.5,0.813559,0.474576,0.183198,0.0829538
0.5,0.830508,0.474576,0.148537,0.0947749
0.5,0.847458,0.474576,0.12345,0.0951647
0.5,0.864407,0.474576,0.107829,0.0830681
0.5,0.881356,0.474576,0.098619,0.0608613
0.5,0.898305,0.474576,0.0903045,0.0299335
0.5,0.915254,0.474576,0.0759298,-0.00842498
0.5,0.932203,0.474576,0.0487716,-0.0507123
0.5,0.949153,0.474576,0.00461716,-0.0927975
0.5,0.966102,0.474576,-0.055908,-0.129938
0.5,0.983051,0.474576,-0.126137,-0.157462
0.5,1,0.474576,-0.19448,-0.168755
0.5,0,0.491525,-0.515837,-0.0952628
0.5,0.0169492,0.491525,-0.457148,-0.0902719
0.5,0.0338983,0.491525,-0.395548,-0.0759834
0.5,0.0508475,0.491525,-0.332096,-0.051864
0.5,0.0677966,0.491525,-0.267374,-0.0177942
0.5,0.0847458,0.491525,-0.20121,0.0242644
0.5,0.101695,0.491525,-0.133274,0.072654
0.5,0.118644,0.491525,-0.0644976,0.125324
0.5,0.135593,0.491525,0.00127496,0.178053
0.5,0.152542,0.491525,0.0563993,0.226227
0.5,0.169492,0.491525,0.0903489,0.265809
0.5,0.186441,0.491525,0.0928045,0.293615
0.5,0.20339,0.491525,0.0578714,0.308015
0.5,0.220339,0.491525,-0.012796,0.308318
0.5,0.237288,0.491525,-0.109963,0.293636
0.5,0.254237,0.491525,-0.220048,0.263292
0.5,0.271186,0.491525,-0.329742,0.21772
0.5,0.288136,0.491525,-0.429515,0.158748
0.5,0.305085,0.491525,-0.514656,0.0900049
0.5,0.322034,0.491525,-0.584149,0.016358
0.5,0.338983,0.491525,-0.638711,-0.0589546
0.5,0.355932,0.491525,-0.679296,-0.135033
0.5,0.372881,0.491525,-0.706709,-0.210266
0.5,0.389831,0.491525,-0.722247,-0.28299
0.5,0.40678,0.491525,-0.728729,-0.352114
0.5,0.423729,0.491525,-0.731132,-0.415294
0.5,0.440678,0.491525,-0.736245,-0.470148
0.5,0.457627,0.491525,-0.751267,-0.515915
0.5,0.474576,0.491525,-0.781667,-0.551732
0.5,0.491525,0.491525,-0.82881,-0.576353
0.5,0.508475,0.491525,-0.887895,-0.588592
0.5,0.525424,0.491525,-0.94691,-0.585719
0.5,0.542373,0.491525,-0.987556,-0.565688
0.5,0.559322,0.491525,-0.989014,-0.532159
0.5,0.576271,0.491525,-0.934342,-0.489681
0.5,0.59322,0.491525,-0.817398,-0.442105
0.5,0.610169,0.491525,-0.646821,-0.39322
0.5,0.627119,0.491525,-0.444378,-0.347435
0.5,0.644068,0.491525,-0.238051,-0.308139
0.5,0.661017,0.491525,-0.053378,-0.27316
0.5,0.677966,0.491525,0.0927649,-0.238434
0.5,0.694915,0.491525,0.193855,-0.200796
0.5,0.711864,0.491525,0.251675,-0.159562
0.5,0.728814,0.491525,0.27283,-0.116012
0.5,0.745763,0.491525,0.265807,-0.0719675
0.5,0.762712,0.491525,0.239348,-0.0295362
0.5,0.779661,0.491525,0.201803,0.00862556
0.5,0.79661,0.491525,0.160801,0.0395579
0.5,0.813559,0.491525,0.122706,0.0617698
0.5,0.830508,0.491525,0.0918604,0.0747481
0.5,0.847458,0.491525,0.0698887,0.0769852
0.5,0.864407,0.491525,0.0553895,0.0679424
0.5,0.881356,0.491525,0.044144,0.0488204
0.5,0.898305,0.491525,0.0298325,0.0203355
0.5,0.915254,0.491525,0.00529572,-0.0161858
0.5,0.932203,0.491525,-0.0355449,-0.057117
0.5,0.949153,0.491525,-0.0952177,-0.0979066
0.5,0.966102,0.491525,-0.170414,-0.133825
0.5,0.983051,0.491525,-0.251254,-0.160082
0.5,1,0.491525,-0.323313,-0.17017
0.5,0,0.508475,-0.437249,-0.0460668
0.5,0.0169492,0.508475,-0.373793,-0.0406398
0.5,0.0338983,0.508475,-0.30884,-0.0250381
0.5,0.0508475,0.508475,-0.243559,0.000373332
0.5,0.0677966,0.508475,-0.17827,0.0343464
0.5,0.0847458,0.508475,-0.112337,0.0756995
0.5,0.101695,0.508475,-0.045035,0.123169
0.5,0.118644,0.508475,0.0227951,0.174566
0.5,0.135593,0.508475,0.0869255,0.225657
0.5,0.152542,0.508475,0.138853,0.271316
0.5,0.169492,0.508475,0.166959,0.30659
0.5,0.186441,0.508475,0.160068,0.329082
0.5,0.20339,0.508475,0.112196,0.338609
0.5,0.220339,0.508475,0.0259485,0.335313
0.5,0.237288,0.508475,-0.0876372,0.318722
0.5,0.254237,0.508475,-0.212912,0.288167
0.5,0.271186,0.508475,-0.334866,0.243689
0.5,0.288136,0.508475,-0.442991,0.186929
0.5,0.305085,0.508475,-0.532266,0.12154
0.5,0.322034,0.508475,-0.601775,0.0520509
0.5,0.338983,0.508475,-0.652498,-0.018646
0.5,0.355932,0.508475,-0.685721,-0.0905333
0.5,0.372881,0.508475,-0.702734,-0.163525
0.5,0.389831,0.508475,-0.70561,-0.23662
0.5,0.40678,0.508475,-0.698308,-0.307473
0.5,0.423729,0.508475,-0.68722,-0.372657
0.5,0.440678,0.508475,-0.680619,-0.429068
0.5,0.457627,0.508475,-0.687047,-0.476568
0.5,0.474576,0.508475,-0.713046,-0.515308
0.5,0.491525,0.508475,-0.760769,-0.544559
0.5,0.508475,0.508475,-0.825889,-0.562337
0.5,0.525424,0.508475,-0.896415,-0.565272
0.5,0.542373,0.508475,-0.953395,-0.550379
0.5,0.559322,0.508475,-0.974521,-0.521518
0.5,0.576271,0.508475,-0.940657,-0.484241
0.5,0.59322,0.508475,-0.843291,-0.442916
0.5,0.610169,0.508475,-0.689209,-0.40088
0.5,0.627119,0.508475,-0.499328,-0.361265
0.5,0.644068,0.508475,-0.30181,-0.326221
0.5,0.661017,0.508475,-0.123002,-0.29413
0.5,0.677966,0.508475,0.0192851,-0.261215
0.5,0.694915,0.508475,0.117814,-0.223745
0.5,0.711864,0.508475,0.17401,-0.181505
0.5,0.728814,0.508475,0.194456,-0.137215
0.5,0.745763,0.508475,0.187866,-0.0937918
0.5,0.762712,0.508475,0.163324,-0.053385
0.5,0.779661,0.508475,0.12947,-0.0175762
0.5,0.79661,0.508475,0.0939843,0.0122301
0.5,0.813559,0.508475,0.0629093,0.0349788
0.5,0.830508,0.508475,0.0398753,0.0495187
0.5,0.847458,0.508475,0.0255234,0.0546513
0.5,0.864407,0.508475,0.0173939,0.0499508
0.5,0.881356,0.508475,0.0103131,0.0357022
0.5,0.898305,0.508475,-0.00278433,0.0119487
0.5,0.915254,0.508475,-0.0295355,-0.0205136
0.5,0.932203,0.508475,-0.0761464,-0.0577678
0.5,0.949153,0.508475,-0.144766,-0.095042
0.5,0.966102,0.508475,-0.231037,-0.127795
0.5,0.983051,0.508475,-0.323364,-0.151684
0.5,1,0.508475,-0.405289,-0.161142
0.5,0,0.525424,-0.351127,0.00122016
0.5,0.0169492,0.525424,-0.285302,0.00693428
0.5,0.0338983,0.525424,-0.219499,0.0234384
0.5,0.0508475,0.525424,-0.15475,0.0498267
0.5,0.0677966,0.525424,-0.0908529,0.0839455
0.5,0.0847458,0.525424,-0.0264721,0.12534
0.5,0.101695,0.525424,0.0397342,0.172696
0.5,0.118644,0.525424,0.107207,0.223741
0.5,0.135593,0.525424,0.171491,0.273946
0.5,0.152542,0.525424,0.223291,0.317878
0.5,0.169492,0.525424,0.24979,0.349827
0.5,0.186441,0.525424,0.238621,0.368498
0.5,0.20339,0.525424,0.183162,0.374896
0.5,0.220339,0.525424,0.0863454,0.369801
0.5,0.237288,0.525424,-0.0395074,0.353
0.5,0.254237,0.525424,-0.17694,0.323782
0.5,0.271186,0.525424,-0.309199,0.281867
0.5,0.288136,0.525424,-0.4245,0.228715
0.5,0.305085,0.525424,-0.517106,0.167908
0.5,0.322034,0.525424,-0.58581,0.103756
0.5,0.338983,0.525424,-0.631578,0.0386756
0.5,0.355932,0.525424,-0.655927,-0.0286792
0.5,0.372881,0.525424,-0.660707,-0.0991374
0.5,0.389831,0.525424,-0.648974,-0.172126
0.5,0.40678,0.525424,-0.626081,-0.244215
0.5,0.423729,0.525424,-0.600047,-0.310966
0.5,0.440678,0.525424,-0.580755,-0.368453
0.5,0.457627,0.525424,-0.578144,-0.417733
0.5,0.474576,0.525424,-0.599922,-0.459403
0.5,0.491525,0.525424,-0.649264,-0.493208
0.5,0.508475,0.525424,-0.722772,-0.516813
0.5,0.525424,0.525424,-0.809087,-0.526343
0.5,0.542373,0.525424,-0.889135,-0.517318
0.5,0.559322,0.525424,-0.93922,-0.495273
0.5,0.576271,0.525424,-0.937406,-0.465772
0.5,0.59322,0.525424,-0.871458,-0.43305
0.5,0.610169,0.525424,-0.744566,-0.399465
0.5,0.627119,0.525424,-0.57526,-0.367086
0.5,0.644068,0.525424,-0.391046,-0.337552
0.5,0.661017,0.525424,-0.219139,-0.309345
0.5,0.677966,0.525424,-0.0790307,-0.278994
0.5,0.694915,0.525424,0.0203059,-0.242339
0.5,0.711864,0.525424,0.0790048,-0.200292
0.5,0.728814,0.525424,0.102985,-0.156835
0.5,0.745763,0.525424,0.100863,-0.115418
0.5,0.762712,0.525424,0.0819845,-0.0779139
0.5,0.779661,0.525424,0.055335,-0.044854
0.5,0.79661,0.525424,0.0287557,-0.0165163
0.5,0.813559,0.525424,0.00810687,0.00639746
0.5,0.830508,0.525424,-0.00351167,0.0223868
0.5,0.847458,0.525424,-0.00618425,0.0305107
0.5,0.864407,0.525424,-0.0030938,0.030395
0.5,0.881356,0.525424,-2.44977e-05,0.0218046
0.5,0.898305,0.525424,-0.00459028,0.00398325
0.5,0.915254,0.525424,-0.0250859,-0.0229755
0.5,0.932203,0.525424,-0.0686265,-0.0544735
0.5,0.949153,0.525424,-0.138454,-0.0860569
0.5,0.966102,0.525424,-0.231118,-0.113722
0.5,0.983051,0.525424,-0.335199,-0.134293
0.5,1,0.525424,-0.4333,-0.142789
0.5,0,0.542373,-0.261054,0.0429951
0.5,0.0169492,0.542373,-0.195585,0.0486342
0.5,0.0338983,0.542373,-0.131717,0.0650885
0.5,0.0508475,0.542373,-0.0700828,0.091556
0.5,0.0677966,0.542373,-0.00969684,0.126758
0.5,0.0847458,0.542373,0.0516999,0.169731
0.5,0.101695,0.542373,0.116264,0.218377
0.5,0.118644,0.542373,0.183914,0.269437
0.5,0.135593,0.542373,0.250155,0.318548
0.5,0.152542,0.542373,0.305022,0.360693
0.5,0.169492,0.542373,0.334451,0.391104
0.5,0.186441,0.542373,0.324575,0.408702
0.5,0.20339,0.542373,0.267569,0.414521
0.5,0.220339,0.542373,0.165996,0.409555
0.5,0.237288,0.542373,0.0328469,0.393881
0.5,0.254237,0.542373,-0.112954,0.3671
0.5,0.271186,0.542373,-0.252907,0.329263
0.5,0.288136,0.542373,-0.373668,0.281846
0.5,0.305085,0.542373,-0.468364,0.227668
0.5,0.322034,0.542373,-0.535102,0.169926
0.5,0.338983,0.542373,-0.57457,0.109918
0.5,0.355932,0.542373,-0.588444,0.0465471
0.5,0.372881,0.542373,-0.579234,-0.0212823
0.5,0.389831,0.542373,-0.551195,-0.092989
0.5,0.40678,0.542373,-0.511292,-0.164789
0.5,0.423729,0.542373,-0.469287,-0.231785
0.5,0.440678,0.542373,-0.436641,-0.290884
0.5,0.457627,0.542373,-0.424557,-0.342396
0.5,0.474576,0.542373,-0.441809,-0.386906
0.5,0.491525,0.542373,-0.492713,-0.424194
0.5,0.508475,0.542373,-0.575232,-0.452111
0.5,0.525424,0.542373,-0.679389,-0.466919
0.5,0.542373,0.542373,-0.786821,-0.466174
0.5,0.559322,0.542373,-0.872991,-0.453993
0.5,0.576271,0.542373,-0.913003,-0.43498
0.5,0.59322,0.542373,-0.889863,-0.412594
0.5,0.610169,0.542373,-0.801487,-0.388703
0.5,0.627119,0.542373,-0.662271,-0.364612
0.5,0.644068,0.542373,-0.497882,-0.340805
0.5,0.661017,0.542373,-0.336092,-0.315982
0.5,0.677966,0.542373,-0.198532,-0.287559
0.5,0.694915,0.542373,-0.0967799,-0.253099
0.5,0.711864,0.542373,-0.0328802,-0.21396
0.5,0.728814,0.542373,-0.00225339,-0.173644
0.5,0.745763,0.542373,0.00321805,-0.135405
0.5,0.762712,0.542373,-0.00704591,-0.100897
0.5,0.779661,0.542373,-0.0237714,-0.0703154
0.5,0.79661,0.542373,-0.038949,-0.0435734
0.5,0.813559,0.542373,-0.0468435,-0.0212676
0.5,0.830508,0.542373,-0.0447364,-0.00452627
0.5,0.847458,0.542373,-0.0331488,0.00594693
0.5,0.864407,0.542373,-0.0155378,0.00976162
0.5,0.881356,0.542373,0.00226128,0.00621313
0.5,0.898305,0.542373,0.0126101,-0.0057266
0.5,0.915254,0.542373,0.00680051,-0.0254023
0.5,0.932203,0.542373,-0.0235302,-0.0490385
0.5,0.949153,0.542373,-0.0838773,-0.0727318
0.5,0.966102,0.542373,-0.173658,-0.093352
0.5,0.983051,0.542373,-0.283952,-0.108012
0.5,1,0.542373,-0.398311,-0.112884
0.5,0,0.559322,-0.170759,0.0771475
0.5,0.0169492,0.559322,-0.108622,0.0824367
0.5,0.0338983,0.559322,-0.0496676,0.0981633
0.5,0.0508475,0.559322,0.00615223,0.124352
0.5,0.0677966,0.559322,0.060842,0.160865
0.5,0.0847458,0.559322,0.117772,0.206037
0.5,0.101695,0.559322,0.18007,0.256597
0.5,0.118644,0.559322,0.248307,0.308076
0.5,0.135593,0.559322,0.318143,0.356667
0.5,0.152542,0.559322,0.379103,0.398466
0.5,0.169492,0.559322,0.415899,0.429234
0.5,0.186441,0.559322,0.412926,0.447715
0.5,0.20339,0.559322,0.360632,0.454937
0.5,0.220339,0.559322,0.260516,0.451952
0.5,0.237288,0.559322,0.12559,0.439025
0.5,0.254237,0.559322,-0.0241551,0.416105
0.5,0.271186,0.559322,-0.168533,0.383741
0.5,0.288136,0.559322,-0.292417,0.34327
0.5,0.305085,0.559322,-0.387435,0.296418
0.5,0.322034,0.559322,-0.450664,0.245058
0.5,0.338983,0.559322,-0.482308,0.190053
0.5,0.355932,0.559322,-0.484176,0.130779
0.5,0.372881,0.559322,-0.459578,0.066108
0.5,0.389831,0.559322,-0.414167,-0.00384924
0.5,0.40678,0.559322,-0.356656,-0.0747022
0.5,0.423729,0.559322,-0.298511,-0.141592
0.5,0.440678,0.559322,-0.252517,-0.201757
0.5,0.457627,0.559322,-0.230753,-0.254898
0.5,0.474576,0.559322,-0.242715,-0.301394
0.5,0.491525,0.559322,-0.293758,-0.341284
0.5,0.508475,0.559322,-0.383545,-0.37271
0.5,0.525424,0.559322,-0.504296,-0.393083
0.5,0.542373,0.559322,-0.639522,-0.401221
0.5,0.559322,0.559322,-0.764964,-0.399881
0.5,0.576271,0.559322,-0.853338,-0.392488
0.5,0.59322,0.559322,-0.882517,-0.381487
0.5,0.610169,0.559322,-0.843818,-0.368172
0.5,0.627119,0.559322,-0.745696,-0.352954
0.5,0.644068,0.559322,-0.610366,-0.335201
0.5,0.661017,0.559322,-0.465244,-0.314069
0.5,0.677966,0.559322,-0.334007,-0.288507
0.5,0.694915,0.559322,-0.231318,-0.257678
0.5,0.711864,0.559322,-0.162114,-0.222806
0.5,0.728814,0.559322,-0.123818,-0.186664
0.5,0.745763,0.559322,-0.10931,-0.152207
0.5,0.762712,0.559322,-0.109428,-0.120993
0.5,0.779661,0.559322,-0.114838,-0.0929855
0.5,0.79661,0.559322,-0.117521,-0.068041
0.5,0.813559,0.559322,-0.111955,-0.0466491
0.5,0.830508,0.559322,-0.0957709,-0.0296803
0.5,0.847458,0.559322,-0.0697024,-0.017588
0.5,0.864407,0.559322,-0.0370201,-0.0106168
0.5,0.881356,0.559322,-0.00290914,-0.0097507
0.5,0.898305,0.559322,0.025836,-0.0158529
0.5,0.915254,0.559322,0.0409433,-0.0283078
0.5,0.932203,0.559322,0.0333075,-0.0438443
0.5,0.949153,0.559322,-0.0050676,-0.0591731
0.5,0.966102,0.559322,-0.0777734,-0.0721072
0.5,0.983051,0.559322,-0.180676,-0.0798887
0.5,1,0.559322,-0.300937,-0.0811485
0.5,0,0.576271,-0.0839763,0.102911
0.5,0.0169492,0.576271,-0.0283012,0.107695
0.5,0.0338983,0.576271,0.0226925,0.122313
0.5,0.0508475,0.576271,0.0700066,0.147728
0.5,0.0677966,0.576271,0.11687,0.184968
0.5,0.0847458,0.576271,0.167892,0.231713
0.5,0.101695,0.576271,0.227275,0.283918
0.5,0.118644,0.576271,0.296364,0.336102
0.5,0.135593,0.576271,0.371152,0.385514
0.5,0.152542,0.576271,0.440846,0.428946
0.5,0.169492,0.576271,0.48901,0.46186
0.5,0.186441,0.576271,0.498151,0.483167
0.5,0.20339,0.576271,0.456561,0.493923
0.5,0.220339,0.576271,0.364044,0.494989
0.5,0.237288,0.576271,0.233004,0.486582
0.5,0.254237,0.576271,0.0840677,0.468868
0.5,0.271186,0.576271,-0.0610205,0.442855
0.5,0.288136,0.576271,-0.185223,0.409613
0.5,0.305085,0.576271,-0.278411,0.369776
0.5,0.322034,0.576271,-0.336388,0.324329
0.5,0.338983,0.576271,-0.358764,0.27398
0.5,0.355932,0.576271,-0.347525,0.218558
0.5,0.372881,0.576271,-0.306943,0.15691
0.5,0.389831,0.576271,-0.244233,0.0887479
0.5,0.40678,0.576271,-0.169878,0.0196514
0.5,0.423729,0.576271,-0.0968209,-0.0461795
0.5,0.440678,0.576271,-0.0386694,-0.106282
0.5,0.457627,0.576271,-0.00772165,-0.160152
0.5,0.474576,0.576271,-0.0135648,-0.207834
0.5,0.491525,0.576271,-0.0622308,-0.24968
0.5,0.508475,0.576271,-0.155197,-0.284038
0.5,0.525424,0.576271,-0.287614,-0.309646
0.5,0.542373,0.576271,-0.446194,-0.325981
0.5,0.559322,0.576271,-0.608588,-0.335302
0.5,0.576271,0.576271,-0.746523,-0.339689
0.5,0.59322,0.576271,-0.833307,-0.340396
0.5,0.610169,0.576271,-0.853077,-0.337962
0.5,0.627119,0.576271,-0.806818,-0.331963
0.5,0.644068,0.576271,-0.711429,-0.320892
0.5,0.661017,0.576271,-0.592446,-0.304662
0.5,0.677966,0.576271,-0.474779,-0.283469
0.5,0.694915,0.576271,-0.376073,-0.257357
0.5,0.711864,0.576271,-0.304497,-0.227466
0.5,0.728814,0.576271,-0.259998,-0.19603
0.5,0.745763,0.576271,-0.236969,-0.165786
0.5,0.762712,0.576271,-0.226961,-0.13801
0.5,0.779661,0.576271,-0.22098,-0.112389
0.5,0.79661,0.576271,-0.211359,-0.0889749
0.5,0.813559,0.576271,-0.193089,-0.0683547
0.5,0.830508,0.576271,-0.164332,-0.0513843
0.5,0.847458,0.576271,-0.126031,-0.0382101
0.5,0.864407,0.576271,-0.0810021,-0.0288818
0.5,0.881356,0.576271,-0.0331883,-0.0246388
0.5,0.898305,0.576271,0.012417,-0.0261666
0.5,0.915254,0.576271,0.0492643,-0.0330043
0.5,0.932203,0.576271,0.0689118,-0.0418111
0.5,0.949153,0.576271,0.0619345,-0.0502073
0.5,0.966102,0.576271,0.0206997,-0.0570013
0.5,0.983051,0.576271,-0.0566991,-0.0591859
0.5,1,0.576271,-0.163578,-0.0578064
0.5,0,0.59322,-0.00430542,0.120115
0.5,0.0169492,0.59322,0.0417548,0.124354
0.5,0.0338983,0.59322,0.0818157,0.13767
0.5,0.0508475,0.59322,0.118092,0.161865
0.5,0.0677966,0.59322,0.155192,0.198161
0.5,0.0847458,0.59322,0.199027,0.244494
0.5,0.101695,0.59322,0.254895,0.296798
0.5,0.118644,0.59322,0.324989,0.350262
0.5,0.135593,0.59322,0.405779,0.40208
0.5,0.152542,0.59322,0.486341,0.44869
0.5,0.169492,0.59322,0.54922,0.486041
0.5,0.186441,0.59322,0.574968,0.512999
0.5,0.20339,0.59322,0.549391,0.5299
0.5,0.220339,0.59322,0.470076,0.537116
0.5,0.237288,0.59322,0.348251,0.534768
0.5,0.254237,0.59322,0.20476,0.523439
0.5,0.271186,0.59322,0.06272,0.504305
0.5,0.288136,0.59322,-0.058893,0.478
0.5,0.305085,0.59322,-0.148063,0.444491
0.5,0.322034,0.59322,-0.199213,0.403953
0.5,0.338983,0.59322,-0.211352,0.356789
0.5,0.355932,0.59322,-0.186764,0.303444
0.5,0.372881,0.59322,-0.130854,0.243626
0.5,0.389831,0.59322,-0.0525097,0.178988
0.5,0.40678,0.59322,0.0361261,0.113554
0.5,0.423729,0.59322,0.12105,0.0503213
0.5,0.440678,0.59322,0.188535,-0.00894304
0.5,0.457627,0.59322,0.226941,-0.0631812
0.5,0.474576,0.59322,0.227443,-0.111731
0.5,0.491525,0.59322,0.183957,-0.154117
0.5,0.508475,0.59322,0.0933792,-0.189868
0.5,0.525424,0.59322,-0.0428156,-0.219317
0.5,0.542373,0.59322,-0.215734,-0.243261
0.5,0.559322,0.59322,-0.40678,-0.262934
0.5,0.576271,0.59322,-0.588728,-0.278816
0.5,0.59322,0.59322,-0.731874,-0.290977
0.5,0.610169,0.59322,-0.813628,-0.299076
0.5,0.627119,0.59322,-0.826692,-0.302023
0.5,0.644068,0.59322,-0.780963,-0.298465
0.5,0.661017,0.59322,-0.698233,-0.288631
0.5,0.677966,0.59322,-0.603199,-0.273164
0.5,0.694915,0.59322,-0.515697,-0.252798
0.5,0.711864,0.59322,-0.446945,-0.228772
0.5,0.728814,0.59322,-0.399609,-0.202837
0.5,0.745763,0.59322,-0.369991,-0.176945
0.5,0.762712,0.59322,-0.350833,-0.151845
0.5,0.779661,0.59322,-0.334003,-0.127744
0.5,0.79661,0.59322,-0.312722,-0.105144
0.5,0.813559,0.59322,-0.283011,-0.0849054
0.5,0.830508,0.59322,-0.244001,-0.0677102
0.5,0.847458,0.59322,-0.197132,-0.0537163
0.5,0.864407,0.59322,-0.144853,-0.043463
0.5,0.881356,0.59322,-0.0896626,-0.0378267
0.5,0.898305,0.59322,-0.0341307,-0.0371277
0.5,0.915254,0.59322,0.0181036,-0.0401194
0.5,0.932203,0.59322,0.0610558,-0.0446677
0.5,0.949153,0.59322,0.0860109,-0.0493668
0.5,0.966102,0.59322,0.0831298,-0.0525513
0.5,0.983051,0.59322,0.0451353,-0.0525523
0.5,1,0.59322,-0.0285306,-0.051672
0.5,0,0.610169,0.0649318,0.128872
0.5,0.0169492,0.610169,0.098351,0.132308
0.5,0.0338983,0.610169,0.124746,0.143676
0.5,0.0508475,0.610169,0.147773,0.165534
0.5,0.0677966,0.610169,0.173513,0.199544
0.5,0.0847458,0.610169,0.209159,0.244233
0.5,0.101695,0.610169,0.261061,0.296128
0.5,0.118644,0.610169,0.332266,0.351362
0.5,0.135593,0.610169,0.419833,0.406599
0.5,0.152542,0.610169,0.512885,0.457975
0.5,0.169492,0.610169,0.593094,0.501763
0.5,0.186441,0.610169,0.63905,0.536301
0.5,0.20339,0.610169,0.633846,0.561217
0.5,0.220339,0.610169,0.572429,0.5762
0.5,0.237288,0.610169,0.464384,0.581214
0.5,0.254237,0.610169,0.330392,0.5771
0.5,0.271186,0.610169,0.194732,0.565064
0.5,0.288136,0.610169,0.0782624,0.545539
0.5,0.305085,0.610169,-0.00510211,0.517715
0.5,0.322034,0.610169,-0.0484205,0.480932
0.5,0.338983,0.610169,-0.050199,0.435417
0.5,0.355932,0.610169,-0.0131918,0.382901
0.5,0.372881,0.610169,0.0558941,0.325251
0.5,0.389831,0.610169,0.146473,0.264943
0.5,0.40678,0.610169,0.244972,0.204228
0.5,0.423729,0.610169,0.336882,0.144517
0.5,0.440678,0.610169,0.40918,0.0867128
0.5,0.457627,0.610169,0.451836,0.0325051
0.5,0.474576,0.610169,0.457719,-0.0162425
0.5,0.491525,0.610169,0.421473,-0.0580037
0.5,0.508475,0.610169,0.338849,-0.0938303
0.5,0.525424,0.610169,0.207926,-0.126008
0.5,0.542373,0.610169,0.0324555,-0.15691
0.5,0.559322,0.610169,-0.174304,-0.186362
0.5,0.576271,0.610169,-0.388392,-0.213125
0.5,0.59322,0.610169,-0.579324,-0.236196
0.5,0.610169,0.610169,-0.719264,-0.25441
0.5,0.627119,0.610169,-0.792838,-0.26628
0.5,0.644068,0.610169,-0.801925,-0.27069
0.5,0.661017,0.610169,-0.762858,-0.267806
0.5,0.677966,0.610169,-0.698369,-0.258604
0.5,0.694915,0.610169,-0.629171,-0.244473
0.5,0.711864,0.610169,-0.568797,-0.226741
0.5,0.728814,0.610169,-0.522416,-0.206493
0.5,0.745763,0.610169,-0.488385,-0.184596
0.5,0.762712,0.610169,-0.461027,-0.161605
0.5,0.779661,0.610169,-0.43361,-0.138365
0.5,0.79661,0.610169,-0.400866,-0.11599
0.5,0.813559,0.610169,-0.360471,-0.0956117
0.5,0.830508,0.610169,-0.313081,-0.0778637
0.5,0.847458,0.610169,-0.261105,-0.0633391
0.5,0.864407,0.610169,-0.20699,-0.0529295
0.5,0.881356,0.610169,-0.152036,-0.0471791
0.5,0.898305,0.610169,-0.0963889,-0.0456755
0.5,0.915254,0.610169,-0.0402702,-0.0467138
0.5,0.932203,0.610169,0.014099,-0.0495847
0.5,0.949153,0.610169,0.0609313,-0.0532792
0.5,0.966102,0.610169,0.0909648,-0.0557168
0.5,0.983051,0.610169,0.0940364,-0.0562257
0.5,1,0.610169,0.0634695,-0.0563121
0.5,0,0.627119,0.120816,0.129028
0.5,0.0169492,0.627119,0.138865,0.131225
0.5,0.0338983,0.627119,0.149273,0.139917
0.5,0.0508475,0.627119,0.157316,0.158488
0.5,0.0677966,0.627119,0.170566,0.189605
0.5,0.0847458,0.627119,0.197406,0.232243
0.5,0.101695,0.627119,0.245122,0.28371
0.5,0.118644,0.627119,0.317576,0.340926
0.5,0.135593,0.627119,0.412494,0.400282
0.5,0.152542,0.627119,0.519207,0.457589
0.5,0.169492,0.627119,0.618668,0.508824
0.5,0.186441,0.627119,0.68753,0.551911
0.5,0.20339,0.627119,0.706009,0.585979
0.5,0.220339,0.627119,0.666088,0.609955
0.5,0.237288,0.627119,0.575332,0.623536
0.5,0.254237,0.627119,0.453946,0.627523
0.5,0.271186,0.627119,0.327176,0.622992
0.5,0.288136,0.627119,0.217662,0.610015
0.5,0.305085,0.627119,0.141139,0.586951
0.5,0.322034,0.627119,0.105806,0.552783
0.5,0.338983,0.627119,0.113491,0.50799
0.5,0.355932,0.627119,0.16078,0.456221
0.5,0.372881,0.627119,0.239537,0.400948
0.5,0.389831,0.627119,0.337535,0.345133
0.5,0.40678,0.627119,0.44011,0.289453
0.5,0.423729,0.627119,0.532857,0.233793
0.5,0.440678,0.627119,0.604257,0.178046
0.5,0.457627,0.627119,0.64675,0.12463
0.5,0.474576,0.627119,0.65572,0.0764005
0.5,0.491525,0.627119,0.627283,0.035888
0.5,0.508475,0.627119,0.556686,0.000238665
0.5,0.525424,0.627119,0.439011,-0.0342873
0.5,0.542373,0.627119,0.272743,-0.0716122
0.5,0.559322,0.627119,0.0648646,-0.109735
0.5,0.576271,0.627119,-0.165746,-0.146301
0.5,0.59322,0.627119,-0.390164,-0.179543
0.5,0.610169,0.627119,-0.577443,-0.207548
0.5,0.627119,0.627119,-0.705337,-0.228275
0.5,0.644068,0.627119,-0.767661,-0.240422
0.5,0.661017,0.627119,-0.774203,-0.244097
0.5,0.677966,0.627119,-0.744173,-0.240778
0.5,0.694915,0.627119,-0.697679,-0.232582
0.5,0.711864,0.627119,-0.649498,-0.220843
0.5,0.728814,0.627119,-0.606731,-0.205881
0.5,0.745763,0.627119,-0.569678,-0.187615
0.5,0.762712,0.627119,-0.534469,-0.166455
0.5,0.779661,0.627119,-0.496224,-0.143809
0.5,0.79661,0.627119,-0.451734,-0.121293
0.5,0.813559,0.627119,-0.400852,-0.100277
0.5,0.830508,0.627119,-0.346189,-0.0814452
0.5,0.847458,0.627119,-0.29146,-0.0659607
0.5,0.864407,0.627119,-0.239461,-0.0550633
0.5,0.881356,0.627119,-0.190735,-0.0491097
0.5,0.898305,0.627119,-0.143519,-0.0472493
0.5,0.915254,0.627119,-0.0949812,-0.0475381
0.5,0.932203,0.627119,-0.0433839,-0.050802
0.5,0.949153,0.627119,0.0096064,-0.0557804
0.5,0.966102,0.627119,0.0576367,-0.0597257
0.5,0.983051,0.627119,0.0906849,-0.0623062
0.5,1,0.627119,0.0986738,-0.0635103
0.5,0,0.644068,0.160943,0.120186
0.5,0.0169492,0.644068,0.161359,0.121287
0.5,0.0338983,0.644068,0.154033,0.127077
0.5,0.0508475,0.644068,0.145972,0.141971
0.5,0.0677966,0.644068,0.146178,0.16958
0.5,0.0847458,0.644068,0.164049,0.209762
0.5,0.101695,0.644068,0.207645,0.260678
0.5,0.118644,0.644068,0.281571,0.319859
0.5,0.135593,0.644068,0.384281,0.383602
0.5,0.152542,0.644068,0.50547,0.447255
0.5,0.169492,0.644068,0.625515,0.506351
0.5,0.186441,0.644068,0.719171,0.558419
0.5,0.20339,0.644068,0.763641,0.602118
0.5,0.220339,0.644068,0.747689,0.636136
0.5,0.237288,0.644068,0.676568,0.659994
0.5,0.254237,0.644068,0.569773,0.673576
0.5,0.271186,0.644068,0.453367,0.677039
0.5,0.288136,0.644068,0.351664,0.669375
0.5,0.305085,0.644068,0.282113,0.649423
0.5,0.322034,0.644068,0.254013,0.616586
0.5,0.338983,0.644068,0.269344,0.572706
0.5,0.355932,0.644068,0.323862,0.522121
0.5,0.372881,0.644068,0.407949,0.469492
0.5,0.389831,0.644068,0.507885,0.417827
0.5,0.40678,0.644068,0.6083,0.366997
0.5,0.423729,0.644068,0.695483,0.315501
0.5,0.440678,0.644068,0.760074,0.262854
0.5,0.457627,0.644068,0.797586,0.211543
0.5,0.474576,0.644068,0.806451,0.16496
0.5,0.491525,0.644068,0.784786,0.124858
0.5,0.508475,0.644068,0.727944,0.0881608
0.5,0.525424,0.644068,0.628667,0.0504651
0.5,0.542373,0.644068,0.480638,0.00813737
0.5,0.559322,0.644068,0.284451,-0.0367502
0.5,0.576271,0.644068,0.0528924,-0.081562
0.5,0.59322,0.644068,-0.188521,-0.124051
0.5,0.610169,0.644068,-0.407935,-0.161453
0.5,0.627119,0.644068,-0.578066,-0.19074
0.5,0.644068,0.644068,-0.685546,-0.209845
0.5,0.661017,0.644068,-0.733444,-0.21895
0.5,0.677966,0.644068,-0.736507,-0.220443
0.5,0.694915,0.644068,-0.713026,-0.217214
0.5,0.711864,0.644068,-0.677945,-0.210548
0.5,0.728814,0.644068,-0.639592,-0.200074
0.5,0.745763,0.644068,-0.599917,-0.18499
0.5,0.762712,0.644068,-0.556924,-0.165689
0.5,0.779661,0.644068,-0.507861,-0.143741
0.5,0.79661,0.644068,-0.45189,-0.120947
0.5,0.813559,0.644068,-0.391252,-0.0984828
0.5,0.830508,0.644068,-0.330557,-0.0777098
0.5,0.847458,0.644068,-0.274773,-0.0603421
0.5,0.864407,0.644068,-0.227061,-0.0476232
0.5,0.881356,0.644068,-0.187488,-0.0400098
0.5,0.898305,0.644068,-0.153018,-0.0367764
0.5,0.915254,0.644068,-0.11868,-0.0376983
0.5,0.932203,0.644068,-0.0796123,-0.0428888
0.5,0.949153,0.644068,-0.0336095,-0.0504982
0.5,0.966102,0.644068,0.0167223,-0.0582464
0.5,0.983051,0.644068,0.0635434,-0.0646553
0.5,1,0.644068,0.0961239,-0.0677453
0.5,0,0.661017,0.183515,0.104122
0.5,0.0169492,0.661017,0.164667,0.103924
0.5,0.0338983,0.661017,0.138572,0.106152
0.5,0.0508475,0.661017,0.114003,0.116596
0.5,0.0677966,0.661017,0.10124,0.140186
0.5,0.0847458,0.661017,0.110465,0.177634
0.5,0.101695,0.661017,0.150304,0.227671
0.5,0.118644,0.661017,0.22603,0.288636
0.5,0.135593,0.661017,0.336887,0.356835
0.5,0.152542,0.661017,0.473086,0.427024
0.5,0.169492,0.661017,0.614573,0.494114
0.5,0.186441,0.661017,0.734226,0.555135
0.5,0.20339,0.661017,0.806118,0.60872
0.5,0.220339,0.661017,0.815571,0.653769
0.5,0.237288,0.661017,0.765307,0.689105
0.5,0.254237,0.661017,0.673963,0.71313
0.5,0.271186,0.661017,0.568333,0.724238
0.5,0.288136,0.661017,0.474337,0.720954
0.5,0.305085,0.661017,0.411032,0.703223
0.5,0.322034,0.661017,0.388672,0.671722
0.5,0.338983,0.661017,0.409224,0.628725
0.5,0.355932,0.661017,0.467513,0.579206
0.5,0.372881,0.661017,0.552468,0.52871
0.5,0.389831,0.661017,0.649096,0.481057
0.5,0.40678,0.661017,0.741721,0.435097
0.5,0.423729,0.661017,0.817805,0.388173
0.5,0.440678,0.661017,0.870564,0.338957
0.5,0.457627,0.661017,0.898859,0.29025
0.5,0.474576,0.661017,0.904321,0.245413
0.5,0.491525,0.661017,0.887266,0.205417
0.5,0.508475,0.661017,0.843571,0.16736
0.5,0.525424,0.661017,0.764347,0.126856
0.5,0.542373,0.661017,0.639327,0.0806263
0.5,0.559322,0.661017,0.463328,0.0303181
0.5,0.576271,0.661017,0.242991,-0.0212795
0.5,0.59322,0.661017,-0.00056116,-0.0719573
0.5,0.610169,0.661017,-0.236305,-0.118043
0.5,0.627119,0.661017,-0.433866,-0.155159
0.5,0.644068,0.661017,-0.574213,-0.179915
0.5,0.661017,0.661017,-0.654397,-0.19282
0.5,0.677966,0.661017,-0.684582,-0.197582
0.5,0.694915,0.661017,-0.680602,-0.198044
0.5,0.711864,0.661017,-0.656794,-0.195509
0.5,0.728814,0.661017,-0.622098,-0.188727
0.5,0.745763,0.661017,-0.579782,-0.176321
0.5,0.762712,0.661017,-0.529644,-0.15847
0.5,0.779661,0.661017,-0.471103,-0.136991
0.5,0.79661,0.661017,-0.405682,-0.113456
0.5,0.813559,0.661017,-0.337798,-0.0889018
0.5,0.830508,0.661017,-0.27364,-0.0654996
0.5,0.847458,0.661017,-0.218914,-0.0453091
0.5,0.864407,0.661017,-0.17675,-0.0295687
0.5,0.881356,0.661017,-0.146678,-0.0190469
0.5,0.898305,0.661017,-0.124809,-0.0142965
0.5,0.915254,0.661017,-0.104946,-0.0162227
0.5,0.932203,0.661017,-0.0803779,-0.0236872
0.5,0.949153,0.661017,-0.0462714,-0.0346065
0.5,0.966102,0.661017,-0.00218563,-0.0472059
0.5,0.983051,0.661017,0.0465442,-0.0584804
0.5,1,0.661017,0.0899837,-0.0641183
0.5,0,0.677966,0.187411,0.0821734
0.5,0.0169492,0.677966,0.148424,0.0800739
0.5,0.0338983,0.677966,0.103337,0.0781444
0.5,0.0508475,0.677966,0.0626263,0.0835369
0.5,0.0677966,0.677966,0.0376173,0.102963
0.5,0.0847458,0.677966,0.0389843,0.137247
0.5,0.101695,0.677966,0.0757053,0.185766
0.5,0.118644,0.677966,0.153647,0.248074
0.5,0.135593,0.677966,0.272924,0.320331
0.5,0.152542,0.677966,0.424426,0.396761
0.5,0.169492,0.677966,0.587804,0.471512
0.5,0.186441,0.677966,0.734079,0.541446
0.5,0.20339,0.677966,0.834062,0.605334
0.5,0.220339,0.677966,0.869441,0.661892
0.5,0.237288,0.677966,0.84025,0.7089
0.5,0.254237,0.677966,0.7642,0.743098
0.5,0.271186,0.677966,0.668809,0.761409
0.5,0.288136,0.677966,0.581591,0.762187
0.5,0.305085,0.677966,0.523143,0.746906
0.5,0.322034,0.677966,0.50456,0.716955
0.5,0.338983,0.677966,0.527693,0.674809
0.5,0.355932,0.677966,0.586408,0.626325
0.5,0.372881,0.677966,0.668296,0.577855
0.5,0.389831,0.677966,0.757359,0.534112
0.5,0.40678,0.677966,0.83798,0.492323
0.5,0.423729,0.677966,0.899112,0.449331
0.5,0.440678,0.677966,0.936704,0.40293
0.5,0.457627,0.677966,0.952888,0.356925
0.5,0.474576,0.677966,0.952288,0.314082
0.5,0.491525,0.677966,0.937274,0.274879
0.5,0.508475,0.677966,0.904401,0.236228
0.5,0.525424,0.677966,0.843751,0.193845
0.5,0.542373,0.677966,0.742104,0.144122
0.5,0.559322,0.677966,0.589616,0.0892911
0.5,0.576271,0.677966,0.387537,0.032298
0.5,0.59322,0.677966,0.152561,-0.0250918
0.5,0.610169,0.677966,-0.0861074,-0.0781411
0.5,0.627119,0.677966,-0.296667,-0.121347
0.5,0.644068,0.677966,-0.456212,-0.149904
0.5,0.661017,0.677966,-0.557122,-0.165186
0.5,0.677966,0.677966,-0.605632,-0.172153
0.5,0.694915,0.677966,-0.615139,-0.175434
0.5,0.711864,0.677966,-0.599041,-0.175923
0.5,0.728814,0.677966,-0.566492,-0.171474
0.5,0.745763,0.677966,-0.521782,-0.160422
0.5,0.762712,0.677966,-0.466317,-0.142994
0.5,0.779661,0.677966,-0.401491,-0.121452
0.5,0.79661,0.677966,-0.33083,-0.0967616
0.5,0.813559,0.677966,-0.260335,-0.069829
0.5,0.830508,0.677966,-0.196984,-0.0437709
0.5,0.847458,0.677966,-0.146406,-0.0206441
0.5,0.864407,0.677966,-0.11105,-0.0017087
0.5,0.881356,0.677966,-0.0895777,0.0117643
0.5,0.898305,0.677966,-0.0773491,0.0180995
0.5,0.915254,0.677966,-0.0675227,0.0155305
0.5,0.932203,0.677966,-0.0526157,0.00663334
0.5,0.949153,0.677966,-0.0266517,-0.00674152
0.5,0.966102,0.677966,0.0122889,-0.0233183
0.5,0.983051,0.677966,0.0602293,-0.0387295
0.5,1,0.677966,0.107808,-0.0466235
0.5,0,0.694915,0.17223,0.053608
0.5,0.0169492,0.694915,0.113073,0.0501328
0.5,0.0338983,0.694915,0.0496282,0.0446321
0.5,0.0508475,0.694915,-0.00608579,0.0454526
0.5,0.0677966,0.694915,-0.0420079,0.0601787
0.5,0.0847458,0.694915,-0.0472954,0.090444
0.5,0.101695,0.694915,-0.0128379,0.136749
0.5,0.118644,0.694915,0.0677754,0.199155
0.5,0.135593,0.694915,0.195634,0.273838
0.5,0.152542,0.694915,0.362482,0.355151
0.5,0.169492,0.694915,0.54781,0.437089
0.5,0.186441,0.694915,0.720784,0.516548
0.5,0.20339,0.694915,0.848832,0.59146
0.5,0.220339,0.694915,0.909832,0.659586
0.5,0.237288,0.694915,0.901038,0.717187
0.5,0.254237,0.694915,0.839249,0.760333
0.5,0.271186,0.694915,0.752784,0.785076
0.5,0.288136,0.694915,0.670791,0.790367
0.5,0.305085,0.694915,0.615382,0.777989
0.5,0.322034,0.694915,0.598422,0.749932
0.5,0.338983,0.694915,0.621596,0.709984
0.5,0.355932,0.694915,0.677864,0.663946
0.5,0.372881,0.694915,0.753662,0.618443
0.5,0.389831,0.694915,0.832279,0.576445
0.5,0.40678,0.694915,0.898444,0.536117
0.5,0.423729,0.694915,0.942761,0.494793
0.5,0.440678,0.694915,0.963806,0.451559
0.5,0.457627,0.694915,0.966626,0.409162
0.5,0.474576,0.694915,0.95834,0.369189
0.5,0.491525,0.694915,0.94296,0.331336
0.5,0.508475,0.694915,0.917636,0.292575
0.5,0.525424,0.694915,0.87185,0.248655
0.5,0.542373,0.694915,0.790423,0.196173
0.5,0.559322,0.694915,0.660221,0.137685
0.5,0.576271,0.694915,0.478441,0.076493
0.5,0.59322,0.694915,0.258103,0.0151536
0.5,0.610169,0.694915,0.0263602,-0.0411426
0.5,0.627119,0.694915,-0.184796,-0.0869628
0.5,0.644068,0.694915,-0.350386,-0.117738
0.5,0.661017,0.694915,-0.459872,-0.135674
0.5,0.677966,0.694915,-0.516782,-0.14525
0.5,0.694915,0.694915,-0.532638,-0.150594
0.5,0.711864,0.694915,-0.519961,-0.151562
0.5,0.728814,0.694915,-0.487933,-0.146862
0.5,0.745763,0.694915,-0.441625,-0.135199
0.5,0.762712,0.694915,-0.383771,-0.117474
0.5,0.779661,0.694915,-0.317345,-0.0952014
0.5,0.79661,0.694915,-0.247258,-0.0688324
0.5,0.813559,0.694915,-0.180244,-0.0403399
0.5,0.830508,0.694915,-0.123099,-0.0123791
0.5,0.847458,0.694915,-0.0804651,0.0131099
0.5,0.864407,0.694915,-0.0534217,0.0344534
0.5,0.881356,0.694915,-0.0393566,0.0499995
0.5,0.898305,0.694915,-0.0327463,0.0574728
0.5,0.915254,0.694915,-0.0263015,0.0560481
0.5,0.932203,0.694915,-0.0124079,0.0477441
0.5,0.949153,0.694915,0.0148338,0.0339793
0.5,0.966102,0.694915,0.0570484,0.0167379
0.5,0.983051,0.694915,0.109654,0.000692423
0.5,1,0.694915,0.162365,-0.00689304
0.5,0,0.711864,0.138304,0.0199955
0.5,0.0169492,0.711864,0.0598176,0.0153593
0.5,0.0338983,0.711864,-0.0205017,0.00632608
0.5,0.0508475,0.711864,-0.0893569,0.00243678
0.5,0.0677966,0.711864,-0.134324,0.0117766
0.5,0.0847458,0.711864,-0.144735,0.0373955
0.5,0.101695,0.711864,-0.11155,0.0805273
0.5,0.118644,0.711864,-0.0278369,0.14136
0.5,0.135593,0.711864,0.108595,0.216873
0.5,0.152542,0.711864,0.29053,0.301872
0.5,0.169492,0.711864,0.497431,0.390793
0.5,0.186441,0.711864,0.696609,0.479817
0.5,0.20339,0.711864,0.851986,0.565761
0.5,0.220339,0.711864,0.937513,0.64455
0.5,0.237288,0.711864,0.947637,0.711483
0.5,0.254237,0.711864,0.898347,0.762684
0.5,0.271186,0.711864,0.818903,0.794154
0.5,0.288136,0.711864,0.740172,0.804016
0.5,0.305085,0.711864,0.685772,0.79485
0.5,0.322034,0.711864,0.668289,0.770077
0.5,0.338983,0.711864,0.689241,0.733752
0.5,0.355932,0.711864,0.740788,0.691271
0.5,0.372881,0.711864,0.808444,0.647851
0.5,0.389831,0.711864,0.875076,0.605825
0.5,0.40678,0.711864,0.925981,0.565011
0.5,0.423729,0.711864,0.95341,0.524552
0.5,0.440678,0.711864,0.958265,0.48469
0.5,0.457627,0.711864,0.94794,0.446314
0.5,0.474576,0.711864,0.931365,0.409582
0.5,0.491525,0.711864,0.91362,0.373419
0.5,0.508475,0.711864,0.892212,0.335107
0.5,0.525424,0.711864,0.856319,0.29054
0.5,0.542373,0.711864,0.78974,0.236167
0.5,0.559322,0.711864,0.677553,0.174871
0.5,0.576271,0.711864,0.514598,0.111242
0.5,0.59322,0.711864,0.311511,0.0493423
0.5,0.610169,0.711864,0.0936906,-0.00643222
0.5,0.627119,0.711864,-0.107582,-0.0518641
0.5,0.644068,0.711864,-0.267031,-0.0839427
0.5,0.661017,0.711864,-0.373178,-0.104209
0.5,0.677966,0.711864,-0.4284,-0.116065
0.5,0.694915,0.711864,-0.443217,-0.121593
0.5,0.711864,0.711864,-0.429547,-0.120849
0.5,0.728814,0.711864,-0.396522,-0.114082
0.5,0.745763,0.711864,-0.349759,-0.101117
0.5,0.762712,0.711864,-0.292984,-0.0824393
0.5,0.779661,0.711864,-0.23024,-0.0589058
0.5,0.79661,0.711864,-0.167081,-0.0314373
0.5,0.813559,0.711864,-0.110023,-0.00199272
0.5,0.830508,0.711864,-0.0646775,0.0274102
0.5,0.847458,0.711864,-0.0338398,0.0547205
0.5,0.864407,0.711864,-0.0166029,0.0778159
0.5,0.881356,0.711864,-0.0086977,0.0950302
0.5,0.898305,0.711864,-0.00350055,0.104755
0.5,0.915254,0.711864,0.0067689,0.106472
0.5,0.932203,0.711864,0.0295465,0.10104
0.5,0.949153,0.711864,0.0697083,0.0897825
0.5,0.966102,0.711864,0.126839,0.0754124
0.5,0.983051,0.711864,0.193443,0.0618509
0.5,1,0.711864,0.256159,0.0555591
0.5,0,0.728814,0.0866891,-0.0179297
0.5,0.0169492,0.728814,-0.00944024,-0.0245225
0.5,0.0338983,0.728814,-0.104372,-0.0375312
0.5,0.0508475,0.728814,-0.183881,-0.0465728
0.5,0.0677966,0.728814,-0.2356,-0.04265
0.5,0.0847458,0.728814,-0.249383,-0.0222462
0.5,0.101695,0.728814,-0.216437,0.016484
0.5,0.118644,0.728814,-0.129303,0.074643
0.5,0.135593,0.728814,0.0154489,0.149976
0.5,0.152542,0.728814,0.211831,0.237747
0.5,0.169492,0.728814,0.439401,0.332508
0.5,0.186441,0.728814,0.663623,0.429995
0.5,0.20339,0.728814,0.844836,0.525935
0.5,0.220339,0.728814,0.953007,0.614201
0.5,0.237288,0.728814,0.979848,0.689612
0.5,0.254237,0.728814,0.940719,0.748961
0.5,0.271186,0.728814,0.866007,0.787142
0.5,0.288136,0.728814,0.788381,0.801592
0.5,0.305085,0.728814,0.732944,0.79681
0.5,0.322034,0.728814,0.712939,0.776452
0.5,0.338983,0.728814,0.729722,0.744288
0.5,0.355932,0.728814,0.774797,0.705226
0.5,0.372881,0.728814,0.833021,0.663481
0.5,0.389831,0.728814,0.88713,0.621337
0.5,0.40678,0.728814,0.923154,0.580126
0.5,0.423729,0.728814,0.934878,0.540553
0.5,0.440678,0.728814,0.925095,0.50363
0.5,0.457627,0.728814,0.902848,0.46863
0.5,0.474576,0.728814,0.878108,0.434686
0.5,0.491525,0.728814,0.856385,0.400261
0.5,0.508475,0.728814,0.835253,0.363125
0.5,0.525424,0.728814,0.803839,0.319166
0.5,0.542373,0.728814,0.74586,0.26371
0.5,0.559322,0.728814,0.646195,0.201334
0.5,0.576271,0.728814,0.499218,0.137937
0.5,0.59322,0.728814,0.314714,0.0784003
0.5,0.610169,0.728814,0.116819,0.0258481
0.5,0.627119,0.728814,-0.0647456,-0.0171245
0.5,0.644068,0.728814,-0.206269,-0.0482829
0.5,0.661017,0.728814,-0.297439,-0.0689225
0.5,0.677966,0.728814,-0.341133,-0.0813949
0.5,0.694915,0.728814,-0.347756,-0.0857411
0.5,0.711864,0.728814,-0.328854,-0.082574
0.5,0.728814,0.728814,-0.293378,-0.0738653
0.5,0.745763,0.728814,-0.247215,-0.059726
0.5,0.762712,0.728814,-0.194728,-0.0401697
0.5,0.779661,0.728814,-0.140532,-0.0158373
0.5,0.79661,0.728814,-0.0901132,0.0122809
0.5,0.813559,0.728814,-0.0488719,0.0425583
0.5,0.830508,0.728814,-0.020307,0.0735272
0.5,0.847458,0.728814,-0.00457682,0.102824
0.5,0.864407,0.728814,0.00175965,0.128025
0.5,0.881356,0.728814,0.00497334,0.148001
0.5,0.898305,0.728814,0.0130036,0.161719
0.5,0.915254,0.728814,0.0341834,0.168641
0.5,0.932203,0.728814,0.0754674,0.168655
0.5,0.949153,0.728814,0.139715,0.162789
0.5,0.966102,0.728814,0.222606,0.153837
0.5,0.983051,0.728814,0.311281,0.143998
0.5,1,0.728814,0.387093,0.138791
0.5,0,0.745763,0.0191213,-0.0635961
0.5,0.0169492,0.745763,-0.0922016,-0.0714467
0.5,0.0338983,0.745763,-0.198818,-0.0873054
0.5,0.0508475,0.745763,-0.286001,-0.100527
0.5,0.0677966,0.745763,-0.34189,-0.101913
0.5,0.0847458,0.745763,-0.35719,-0.0874785
0.5,0.101695,0.745763,-0.323507,-0.0540963
0.5,0.118644,0.745763,-0.232829,0.000472466
0.5,0.135593,0.745763,-0.0803432,0.074445
0.5,0.152542,0.745763,0.12936,0.163403
0.5,0.169492,0.745763,0.376059,0.262164
0.5,0.186441,0.745763,0.623404,0.366492
0.5,0.20339,0.745763,0.828142,0.470408
0.5,0.220339,0.745763,0.956312,0.566273
0.5,0.237288,0.745763,0.997071,0.649889
0.5,0.254237,0.745763,0.965402,0.716863
0.5,0.271186,0.745763,0.893004,0.760853
0.5,0.288136,0.745763,0.814392,0.781857
0.5,0.305085,0.745763,0.756055,0.78328
0.5,0.322034,0.745763,0.73178,0.768218
0.5,0.338983,0.745763,0.742746,0.740436
0.5,0.355932,0.745763,0.779945,0.704568
0.5,0.372881,0.745763,0.827867,0.664583
0.5,0.389831,0.745763,0.869419,0.623374
0.5,0.40678,0.745763,0.891506,0.582983
0.5,0.423729,0.745763,0.889293,0.544903
0.5,0.440678,0.745763,0.866959,0.509928
0.5,0.457627,0.745763,0.834461,0.476892
0.5,0.474576,0.745763,0.802027,0.44455
0.5,0.491525,0.745763,0.774983,0.411305
0.5,0.508475,0.745763,0.750726,0.375129
0.5,0.525424,0.745763,0.718658,0.331898
0.5,0.542373,0.745763,0.663436,0.277533
0.5,0.559322,0.745763,0.571413,0.217411
0.5,0.576271,0.745763,0.438431,0.157623
0.5,0.59322,0.745763,0.274895,0.103197
0.5,0.610169,0.745763,0.103961,0.0562441
0.5,0.627119,0.745763,-0.0473509,0.0183079
0.5,0.644068,0.745763,-0.158974,-0.00922661
0.5,0.661017,0.745763,-0.223902,-0.0279505
0.5,0.677966,0.745763,-0.246976,-0.0388155
0.5,0.694915,0.745763,-0.239059,-0.0409145
0.5,0.711864,0.745763,-0.211249,-0.0364885
0.5,0.728814,0.745763,-0.171959,-0.0270813
0.5,0.745763,0.745763,-0.126982,-0.0126166
0.5,0.762712,0.745763,-0.0810015,0.00679542
0.5,0.779661,0.745763,-0.0388539,0.0309247
0.5,0.79661,0.745763,-0.00544605,0.0591153
0.5,0.813559,0.745763,0.0156241,0.0906589
0.5,0.830508,0.745763,0.023745,0.123792
0.5,0.847458,0.745763,0.0220935,0.155704
0.5,0.864407,0.745763,0.0171635,0.184334
0.5,0.881356,0.745763,0.0175465,0.208791
0.5,0.898305,0.745763,0.0326233,0.228496
0.5,0.915254,0.745763,0.0711279,0.242957
0.5,0.932203,0.745763,0.138879,0.251337
0.5,0.949153,0.745763,0.235312,0.25389
0.5,0.966102,0.745763,0.350049,0.25208
0.5,0.983051,0.745763,0.462511,0.24735
0.5,1,0.745763,0.547198,0.244687
0.5,0,0.762712,-0.0620475,-0.1171
0.5,0.0169492,0.762712,-0.185478,-0.125214
0.5,0.0338983,0.762712,-0.300338,-0.142707
0.5,0.0508475,0.762712,-0.391881,-0.158817
0.5,0.0677966,0.762712,-0.449211,-0.165184
0.5,0.0847458,0.762712,-0.464197,-0.156722
0.5,0.101695,0.762712,-0.428959,-0.129006
0.5,0.118644,0.762712,-0.334898,-0.0785689
0.5,0.135593,0.762712,-0.175693,-0.00678036
0.5,0.152542,0.762712,0.0456197,0.0817968
0.5,0.169492,0.762712,0.309167,0.183033
0.5,0.186441,0.762712,0.576876,0.292189
0.5,0.20339,0.762712,0.802012,0.401624
0.5,0.220339,0.762712,0.946881,0.503998
0.5,0.237288,0.762712,0.99838,0.594472
0.5,0.254237,0.762712,0.971404,0.667681
0.5,0.271186,0.762712,0.899111,0.718818
0.5,0.288136,0.762712,0.817789,0.747531
0.5,0.305085,0.762712,0.755109,0.755878
0.5,0.322034,0.762712,0.725197,0.746513
0.5,0.338983,0.762712,0.728987,0.72293
0.5,0.355932,0.762712,0.757097,0.689978
0.5,0.372881,0.762712,0.793946,0.652236
0.5,0.389831,0.762712,0.822939,0.613189
0.5,0.40678,0.762712,0.832025,0.574884
0.5,0.423729,0.762712,0.817604,0.538573
0.5,0.440678,0.762712,0.784761,0.504703
0.5,0.457627,0.762712,0.743659,0.472396
0.5,0.474576,0.762712,0.704061,0.440509
0.5,0.491525,0.762712,0.670589,0.407671
0.5,0.508475,0.762712,0.640354,0.371929
0.5,0.525424,0.762712,0.603502,0.329857
0.5,0.542373,0.762712,0.546782,0.279162
0.5,0.559322,0.762712,0.459733,0.22417
0.5,0.576271,0.762712,0.341441,0.170708
0.5,0.59322,0.762712,0.203991,0.123581
0.5,0.610169,0.762712,0.0692519,0.0845131
0.5,0.627119,0.762712,-0.0401383,0.0539609
0.5,0.644068,0.762712,-0.110076,0.0318457
0.5,0.661017,0.762712,-0.138808,0.0172238
0.5,0.677966,0.762712,-0.134081,0.00997946
0.5,0.694915,0.762712,-0.107165,0.009707
0.5,0.711864,0.762712,-0.0680941,0.014478
0.5,0.728814,0.762712,-0.0240648,0.0237805
0.5,0.745763,0.762712,0.0197003,0.0376415
0.5,0.762712,0.762712,0.0584177,0.0559495
0.5,0.779661,0.762712,0.0871374,0.0790564
0.5,0.79661,0.762712,0.101691,0.107393
0.5,0.813559,0.762712,0.100615,0.140814
0.5,0.830508,0.762712,0.0866695,0.176819
0.5,0.847458,0.762712,0.066895,0.212415
0.5,0.864407,0.762712,0.0512704,0.245749
0.5,0.881356,0.762712,0.0509329,0.276078
0.5,0.898305,0.762712,0.0766144,0.30331
0.5,0.915254,0.762712,0.136888,0.327353
0.5,0.932203,0.762712,0.235217,0.346477
0.5,0.949153,0.762712,0.365703,0.359329
0.5,0.966102,0.762712,0.509691,0.365642
0.5,0.983051,0.762712,0.637243,0.367279
0.5,1,0.762712,0.715998,0.368062
0.5,0,0.779661,-0.15394,-0.176952
0.5,0.0169492,0.779661,-0.28591,-0.185938
0.5,0.0338983,0.779661,-0.40523,-0.204359
0.5,0.0508475,0.779661,-0.497651,-0.221976
0.5,0.0677966,0.779661,-0.553698,-0.231549
0.5,0.0847458,0.779661,-0.566674,-0.227602
0.5,0.101695,0.779661,-0.529315,-0.204676
0.5,0.118644,0.779661,-0.4324,-0.157327
0.5,0.135593,0.779661,-0.267997,-0.0875139
0.5,0.152542,0.779661,-0.0374536,-0.000216414
0.5,0.169492,0.779661,0.239859,0.102264
0.5,0.186441,0.779661,0.524338,0.214501
0.5,0.20339,0.779661,0.766027,0.327444
0.5,0.220339,0.779661,0.923861,0.434394
0.5,0.237288,0.779661,0.982872,0.530107
0.5,0.254237,0.779661,0.958148,0.609
0.5,0.271186,0.779661,0.884335,0.666904
0.5,0.288136,0.779661,0.799278,0.702694
0.5,0.305085,0.779661,0.731475,0.717592
0.5,0.322034,0.779661,0.69509,0.71352
0.5,0.338983,0.779661,0.690687,0.693613
0.5,0.355932,0.779661,0.708624,0.663494
0.5,0.372881,0.779661,0.733552,0.628457
0.5,0.389831,0.779661,0.749731,0.592408
0.5,0.40678,0.779661,0.746375,0.556828
0.5,0.423729,0.779661,0.721042,0.522422
0.5,0.440678,0.779661,0.679327,0.48944
0.5,0.457627,0.779661,0.630992,0.457256
0.5,0.474576,0.779661,0.584732,0.425158
0.5,0.491525,0.779661,0.544098,0.392286
0.5,0.508475,0.779661,0.505975,0.357199
0.5,0.525424,0.779661,0.461883,0.317543
0.5,0.542373,0.779661,0.401898,0.271487
0.5,0.559322,0.779661,0.320334,0.22298
0.5,0.576271,0.779661,0.220872,0.177257
0.5,0.59322,0.779661,0.117609,0.138956
0.5,0.610169,0.779661,0.0300115,0.108922
0.5,0.627119,0.779661,-0.0258973,0.0864609
0.5,0.644068,0.779661,-0.0443056,0.0706044
0.5,0.661017,0.779661,-0.0301149,0.0611329
0.5,0.677966,0.779661,0.00592584,0.0581289
0.5,0.694915,0.779661,0.0530117,0.0599359
0.5,0.711864,0.779661,0.103358,0.0652499
0.5,0.728814,0.779661,0.151971,0.0747154
0.5,0.745763,0.779661,0.19473,0.0881098
0.5,0.762712,0.779661,0.226858,0.105362
0.5,0.779661,0.779661,0.243116,0.127678
0.5,0.79661,0.779661,0.239838,0.156709
0.5,0.813559,0.779661,0.217564,0.19274
0.5,0.830508,0.779661,0.182483,0.232195
0.5,0.847458,0.779661,0.145685,0.272128
0.5,0.864407,0.779661,0.120806,0.310832
0.5,0.881356,0.779661,0.121496,0.347718
0.5,0.898305,0.779661,0.159399,0.383216
0.5,0.915254,0.779661,0.241905,0.417713
0.5,0.932203,0.779661,0.368476,0.447965
0.5,0.949153,0.779661,0.525905,0.47104
0.5,0.966102,0.779661,0.685765,0.485121
0.5,0.983051,0.779661,0.808837,0.492782
0.5,1,0.779661,0.858264,0.496256
0.5,0,0.79661,-0.253266,-0.247431
0.5,0.0169492,0.79661,-0.389891,-0.256272
0.5,0.0338983,0.79661,-0.509716,-0.272989
0.5,0.0508475,0.79661,-0.599531,-0.28922
0.5,0.0677966,0.79661,-0.651701,-0.298769
0.5,0.0847458,0.79661,-0.661211,-0.296069
0.5,0.101695,0.79661,-0.621491,-0.27473
0.5,0.118644,0.79661,-0.522677,-0.228317
0.5,0.135593,0.79661,-0.355153,-0.16036
0.5,0.152542,0.79661,-0.118456,-0.0744008
0.5,0.169492,0.79661,0.168756,0.0285962
0.5,0.186441,0.79661,0.465672,0.140957
0.5,0.20339,0.79661,0.719567,0.254694
0.5,0.220339,0.79661,0.886528,0.363974
0.5,0.237288,0.79661,0.950168,0.462983
0.5,0.254237,0.79661,0.92597,0.546158
0.5,0.271186,0.79661,0.849938,0.609254
0.5,0.288136,0.79661,0.76107,0.65067
0.5,0.305085,0.79661,0.688208,0.670868
0.5,0.322034,0.79661,0.645166,0.67103
0.5,0.338983,0.79661,0.631983,0.654586
0.5,0.355932,0.79661,0.638853,0.62752
0.5,0.372881,0.79661,0.650962,0.595747
0.5,0.389831,0.79661,0.653807,0.563204
0.5,0.40678,0.79661,0.638138,0.530828
0.5,0.423729,0.79661,0.602692,0.498662
0.5,0.440678,0.79661,0.553292,0.466552
0.5,0.457627,0.79661,0.498837,0.434169
0.5,0.474576,0.79661,0.446515,0.40144
0.5,0.491525,0.79661,0.398601,0.368225
0.5,0.508475,0.79661,0.351965,0.333807
0.5,0.525424,0.79661,0.300215,0.296798
0.5,0.542373,0.79661,0.2379,0.256223
0.5,0.559322,0.79661,0.165341,0.21565
0.5,0.576271,0.79661,0.0914884,0.178911
0.5,0.59322,0.79661,0.031933,0.149704
0.5,0.610169,0.79661,0.00189402,0.127772
0.5,0.627119,0.79661,0.00833508,0.112344
0.5,0.644068,0.79661,0.0468894,0.102248
0.5,0.661017,0.79661,0.105506,0.0980862
0.5,0.677966,0.79661,0.171314,0.0993242
0.5,0.694915,0.79661,0.23556,0.103483
0.5,0.711864,0.79661,0.294256,0.110854
0.5,0.728814,0.79661,0.345668,0.121843
0.5,0.745763,0.79661,0.387254,0.135885
0.5,0.762712,0.79661,0.414218,0.153408
0.5,0.779661,0.79661,0.420668,0.176335
0.5,0.79661,0.79661,0.402899,0.207385
0.5,0.813559,0.79661,0.362916,0.245915
0.5,0.830508,0.79661,0.309914,0.288672
0.5,0.847458,0.79661,0.258734,0.333048
0.5,0.864407,0.79661,0.226395,0.377446
0.5,0.881356,0.79661,0.228624,0.421348
0.5,0.898305,0.79661,0.277176,0.465391
0.5,0.915254,0.79661,0.377004,0.509087
0.5,0.932203,0.79661,0.52205,0.548499
0.5,0.949153,0.79661,0.690662,0.579711
0.5,0.966102,0.79661,0.844891,0.600271
0.5,0.983051,0.79661,0.938758,0.612543
0.5,1,0.79661,0.935555,0.617539
0.5,0,0.813559,-0.356443,-0.328618
0.5,0.0169492,0.813559,-0.493689,-0.33484
0.5,0.0338983,0.813559,-0.61006,-0.346847
0.5,0.0508475,0.813559,-0.693916,-0.358562
0.5,0.0677966,0.813559,-0.739862,-0.364609
0.5,0.0847458,0.813559,-0.744765,-0.359181
0.5,0.101695,0.813559,-0.70281,-0.335628
0.5,0.118644,0.813559,-0.603496,-0.289319
0.5,0.135593,0.813559,-0.435482,-0.222095
0.5,0.152542,0.813559,-0.196362,-0.136528
0.5,0.169492,0.813559,0.0962063,-0.0354706
0.5,0.186441,0.813559,0.400695,0.0745002
0.5,0.20339,0.813559,0.662254,0.186849
0.5,0.220339,0.813559,0.834765,0.296036
0.5,0.237288,0.813559,0.900855,0.396399
0.5,0.254237,0.813559,0.876458,0.482171
0.5,0.271186,0.813559,0.7986,0.548745
0.5,0.288136,0.813559,0.706864,0.593913
0.5,0.305085,0.813559,0.629859,0.617796
0.5,0.322034,0.813559,0.580643,0.621576
0.5,0.338983,0.813559,0.55858,0.608419
0.5,0.355932,0.813559,0.553801,0.584551
0.5,0.372881,0.813559,0.552333,0.556348
0.5,0.389831,0.813559,0.541291,0.527911
0.5,0.40678,0.813559,0.513268,0.499448
0.5,0.423729,0.813559,0.468268,0.469997
0.5,0.440678,0.813559,0.412174,0.438853
0.5,0.457627,0.813559,0.352703,0.406173
0.5,0.474576,0.813559,0.295244,0.372611
0.5,0.491525,0.813559,0.240728,0.338818
0.5,0.508475,0.813559,0.186275,0.304632
0.5,0.525424,0.813559,0.128215,0.269903
0.5,0.542373,0.813559,0.0664126,0.235901
0.5,0.559322,0.813559,0.00786352,0.204467
0.5,0.576271,0.813559,-0.033278,0.177227
0.5,0.59322,0.813559,-0.0411154,0.155636
0.5,0.610169,0.813559,-0.00675733,0.139787
0.5,0.627119,0.813559,0.0656396,0.129562
0.5,0.644068,0.813559,0.160554,0.124608
0.5,0.661017,0.813559,0.259322,0.125083
0.5,0.677966,0.813559,0.348568,0.129977
0.5,0.694915,0.813559,0.423442,0.137767
0.5,0.711864,0.813559,0.485178,0.148541
0.5,0.728814,0.813559,0.536096,0.162346
0.5,0.745763,0.813559,0.575487,0.178723
0.5,0.762712,0.813559,0.598412,0.198224
0.5,0.779661,0.813559,0.597932,0.22344
0.5,0.79661,0.813559,0.569718,0.256693
0.5,0.813559,0.813559,0.516524,0.297443
0.5,0.830508,0.813559,0.449794,0.343309
0.5,0.847458,0.813559,0.387383,0.392055
0.5,0.864407,0.813559,0.348955,0.44221
0.5,0.881356,0.813559,0.351498,0.493201
0.5,0.898305,0.813559,0.405923,0.544813
0.5,0.915254,0.813559,0.513729,0.595391
0.5,0.932203,0.813559,0.662692,0.641312
0.5,0.949153,0.813559,0.823198,0.678413
0.5,0.966102,0.813559,0.950215,0.703848
0.5,0.983051,0.813559,0.995526,0.718945
0.5,1,0.813559,0.928005,0.72447
0.5,0,0.830508,-0.45974,-0.412163
0.5,0.0169492,0.830508,-0.593568,-0.415611
0.5,0.0338983,0.830508,-0.702657,-0.422224
0.5,0.0508475,0.830508,-0.777458,-0.427939
0.5,0.0677966,0.830508,-0.815156,-0.428618
0.5,0.0847458,0.830508,-0.814661,-0.418449
0.5,0.101695,0.830508,-0.770971,-0.391353
0.5,0.118644,0.830508,-0.672966,-0.343435
0.5,0.135593,0.830508,-0.507569,-0.275511
0.5,0.152542,0.830508,-0.270285,-0.190476
0.5,0.169492,0.830508,0.022619,-0.0919688
0.5,0.186441,0.830508,0.329559,0.0146945
0.5,0.20339,0.830508,0.594365,0.124155
0.5,0.220339,0.830508,0.769414,0.231708
0.5,0.237288,0.830508,0.83669,0.332029
0.5,0.254237,0.830508,0.812428,0.418906
0.5,0.271186,0.830508,0.734139,0.487172
0.5,0.288136,0.830508,0.641309,0.534262
0.5,0.305085,0.830508,0.561723,0.56073
0.5,0.322034,0.830508,0.507333,0.567498
0.5,0.338983,0.830508,0.476733,0.557196
0.5,0.355932,0.830508,0.46014,0.536668
0.5,0.372881,0.830508,0.444721,0.512581
0.5,0.389831,0.830508,0.419575,0.48921
0.5,0.40678,0.830508,0.379429,0.465288
0.5,0.423729,0.830508,0.325652,0.438975
0.5,0.440678,0.830508,0.264079,0.409136
0.5,0.457627,0.830508,0.201013,0.376561
0.5,0.474576,0.830508,0.139852,0.342518
0.5,0.491525,0.830508,0.0801539,0.308471
0.5,0.508475,0.830508,0.0194834,0.274476
0.5,0.525424,0.830508,-0.0427404,0.241894
0.5,0.542373,0.830508,-0.100971,0.214206
0.5,0.559322,0.830508,-0.141472,0.191116
0.5,0.576271,0.830508,-0.145469,0.171906
0.5,0.59322,0.830508,-0.0980657,0.156306
0.5,0.610169,0.830508,0.00169662,0.145065
0.5,0.627119,0.830508,0.137474,0.139026
0.5,0.644068,0.830508,0.282712,0.138319
0.5,0.661017,0.830508,0.413411,0.142693
0.5,0.677966,0.830508,0.517428,0.151156
0.5,0.694915,0.830508,0.595266,0.162652
0.5,0.711864,0.830508,0.654184,0.177056
0.5,0.728814,0.830508,0.700793,0.194376
0.5,0.745763,0.830508,0.736152,0.213804
0.5,0.762712,0.830508,0.755013,0.23593
0.5,0.779661,0.830508,0.749164,0.263972
0.5,0.79661,0.830508,0.7133,0.299812
0.5,0.813559,0.830508,0.650379,0.343132
0.5,0.830508,0.830508,0.57333,0.392101
0.5,0.847458,0.830508,0.502103,0.444831
0.5,0.864407,0.830508,0.458025,0.499989
0.5,0.881356,0.830508,0.458392,0.556864
0.5,0.898305,0.830508,0.512491,0.614461
0.5,0.915254,0.830508,0.618038,0.670406
0.5,0.932203,0.830508,0.757249,0.721478
0.5,0.949153,0.830508,0.894679,0.763187
0.5,0.966102,0.830508,0.982075,0.791593
0.5,0.983051,0.830508,0.973817,0.808138
0.5,1,0.830508,0.848256,0.814014
0.5,0,0.847458,-0.559417,-0.493079
0.5,0.0169492,0.847458,-0.685906,-0.494412
0.5,0.0338983,0.847458,-0.784139,-0.496283
0.5,0.0508475,0.847458,-0.847127,-0.496152
0.5,0.0677966,0.847458,-0.874924,-0.491027
0.5,0.0847458,0.847458,-0.868597,-0.475329
0.5,0.101695,0.847458,-0.823995,-0.443781
0.5,0.118644,0.847458,-0.729429,-0.392822
0.5,0.135593,0.847458,-0.57009,-0.323434
0.5,0.152542,0.847458,-0.339227,-0.238671
0.5,0.169492,0.847458,-0.0512313,-0.142435
0.5,0.186441,0.847458,0.253064,-0.0393493
0.5,0.20339,0.847458,0.517084,0.0665049
0.5,0.220339,0.847458,0.692384,0.171555
0.5,0.237288,0.847458,0.760479,0.270393
0.5,0.254237,0.847458,0.737544,0.356674
0.5,0.271186,0.847458,0.660879,0.424641
0.5,0.288136,0.847458,0.569152,0.47213
0.5,0.305085,0.847458,0.488812,0.500016
0.5,0.322034,0.847458,0.430475,0.509057
0.5,0.338983,0.847458,0.391992,0.502515
0.5,0.355932,0.847458,0.363865,0.486883
0.5,0.372881,0.847458,0.334713,0.468458
0.5,0.389831,0.847458,0.295939,0.450462
0.5,0.40678,0.847458,0.24462,0.430888
0.5,0.423729,0.847458,0.183533,0.407729
0.5,0.440678,0.847458,0.118328,0.379988
0.5,0.457627,0.847458,0.0536728,0.348727
0.5,0.474576,0.847458,-0.0092098,0.31541
0.5,0.491525,0.847458,-0.0722198,0.281831
0.5,0.508475,0.847458,-0.137358,0.248422
0.5,0.525424,0.847458,-0.202134,0.217925
0.5,0.542373,0.847458,-0.255461,0.194827
0.5,0.559322,0.847458,-0.277241,0.177123
0.5,0.576271,0.847458,-0.244714,0.163163
0.5,0.59322,0.847458,-0.144726,0.151766
0.5,0.610169,0.847458,0.0152949,0.144379
0.5,0.627119,0.847458,0.207042,0.141945
0.5,0.644068,0.847458,0.393922,0.14475
0.5,0.661017,0.847458,0.547949,0.152281
0.5,0.677966,0.847458,0.65933,0.163637
0.5,0.694915,0.847458,0.734402,0.177924
0.5,0.711864,0.847458,0.786342,0.195257
0.5,0.728814,0.847458,0.825668,0.215484
0.5,0.745763,0.847458,0.85487,0.237404
0.5,0.762712,0.847458,0.868271,0.262758
0.5,0.779661,0.847458,0.85646,0.29426
0.5,0.79661,0.847458,0.813239,0.333211
0.5,0.813559,0.847458,0.74166,0.379279
0.5,0.830508,0.847458,0.6557,0.431064
0.5,0.847458,0.847458,0.576644,0.486925
0.5,0.864407,0.847458,0.526573,0.545574
0.5,0.881356,0.847458,0.522302,0.606469
0.5,0.898305,0.847458,0.571133,0.668383
0.5,0.915254,0.847458,0.667441,0.72873
0.5,0.932203,0.847458,0.789477,0.784157
0.5,0.949153,0.847458,0.89886,0.829339
0.5,0.966102,0.847458,0.947819,0.859671
0.5,0.983051,0.847458,0.896489,0.876984
0.5,1,0.847458,0.733534,0.882821
0.5,0,0.864407,-0.651868,-0.568818
0.5,0.0169492,0.864407,-0.767324,-0.568697
0.5,0.0338983,0.864407,-0.851462,-0.566952
0.5,0.0508475,0.864407,-0.900282,-0.561915
0.5,0.0677966,0.864407,-0.916915,-0.550841
0.5,0.0847458,0.864407,-0.904644,-0.529298
0.5,0.101695,0.864407,-0.860194,-0.492842
0.5,0.118644,0.864407,-0.771368,-0.438533
0.5,0.135593,0.864407,-0.621661,-0.367163
0.5,0.152542,0.864407,-0.401887,-0.282152
0.5,0.169492,0.864407,-0.124001,-0.187881
0.5,0.186441,0.864407,0.172815,-0.0883556
0.5,0.20339,0.864407,0.432532,0.0136236
0.5,0.220339,0.864407,0.606485,0.11504
0.5,0.237288,0.864407,0.675706,0.210968
0.5,0.254237,0.864407,0.655754,0.295038
0.5,0.271186,0.864407,0.582939,0.361392
0.5,0.288136,0.864407,0.494445,0.407703
0.5,0.305085,0.864407,0.415023,0.43563
0.5,0.322034,0.864407,0.353893,0.447526
0.5,0.338983,0.864407,0.308317,0.44692
0.5,0.355932,0.864407,0.269365,0.438604
0.5,0.372881,0.864407,0.227418,0.426994
0.5,0.389831,0.864407,0.176434,0.414025
0.5,0.40678,0.864407,0.115949,0.398292
0.5,0.423729,0.864407,0.0500531,0.37832
0.5,0.440678,0.864407,-0.0160339,0.353796
0.5,0.457627,0.864407,-0.0795613,0.325331
0.5,0.474576,0.864407,-0.141727,0.294076
0.5,0.491525,0.864407,-0.2061,0.261501
0.5,0.508475,0.864407,-0.27452,0.229271
0.5,0.525424,0.864407,-0.341858,0.200798
0.5,0.542373,0.864407,-0.392058,0.179188
0.5,0.559322,0.864407,-0.399209,0.163296
0.5,0.576271,0.864407,-0.336787,0.151545
0.5,0.59322,0.864407,-0.193004,0.143236
0.5,0.610169,0.864407,0.0173563,0.139151
0.5,0.627119,0.864407,0.255461,0.139802
0.5,0.644068,0.864407,0.476015,0.145286
0.5,0.661017,0.864407,0.64779,0.155062
0.5,0.677966,0.864407,0.763278,0.168234
0.5,0.694915,0.864407,0.833937,0.184142
0.5,0.711864,0.864407,0.877891,0.202831
0.5,0.728814,0.864407,0.908732,0.224265
0.5,0.745763,0.864407,0.929939,0.248627
0.5,0.762712,0.864407,0.935436,0.277645
0.5,0.779661,0.864407,0.91501,0.312799
0.5,0.79661,0.864407,0.862136,0.354664
0.5,0.813559,0.864407,0.780381,0.402963
0.5,0.830508,0.864407,0.684804,0.456787
0.5,0.847458,0.864407,0.597636,0.51453
0.5,0.864407,0.864407,0.54109,0.574734
0.5,0.881356,0.864407,0.53102,0.637625
0.5,0.898305,0.864407,0.572806,0.702495
0.5,0.915254,0.864407,0.658403,0.766626
0.5,0.932203,0.864407,0.763981,0.82586
0.5,0.949153,0.864407,0.85072,0.874112
0.5,0.966102,0.864407,0.873507,0.906378
0.5,0.983051,0.864407,0.798753,0.923953
0.5,1,0.864407,0.623331,0.929218
0.5,0,0.881356,-0.73376,-0.637599
0.5,0.0169492,0.881356,-0.834798,-0.636371
0.5,0.0338983,0.881356,-0.902018,-0.631695
0.5,0.0508475,0.881356,-0.934758,-0.622338
0.5,0.0677966,0.881356,-0.939354,-0.605975
0.5,0.0847458,0.881356,-0.92129,-0.579283
0.5,0.101695,0.881356,-0.878174,-0.538603
0.5,0.118644,0.881356,-0.797381,-0.480963
0.5,0.135593,0.881356,-0.660779,-0.407326
0.5,0.152542,0.881356,-0.45658,-0.321865
0.5,0.169492,0.881356,-0.193727,-0.229529
0.5,0.186441,0.881356,0.0911778,-0.133687
0.5,0.20339,0.881356,0.343587,-0.0359441
0.5,0.220339,0.881356,0.515093,0.0612981
0.5,0.237288,0.881356,0.586066,0.153662
0.5,0.254237,0.881356,0.570769,0.234827
0.5,0.271186,0.881356,0.503741,0.298484
0.5,0.288136,0.881356,0.420146,0.34243
0.5,0.305085,0.881356,0.342855,0.370469
0.5,0.322034,0.881356,0.279808,0.386221
0.5,0.338983,0.881356,0.227972,0.392778
0.5,0.355932,0.881356,0.179325,0.392766
0.5,0.372881,0.881356,0.126319,0.388586
0.5,0.389831,0.881356,0.0656342,0.381318
0.5,0.40678,0.881356,-0.000786025,0.369824
0.5,0.423729,0.881356,-0.0678081,0.353376
0.5,0.440678,0.881356,-0.131032,0.332443
0.5,0.457627,0.881356,-0.190007,0.307109
0.5,0.474576,0.881356,-0.248669,0.278115
0.5,0.491525,0.881356,-0.312593,0.246716
0.5,0.508475,0.881356,-0.383979,0.215525
0.5,0.525424,0.881356,-0.455851,0.187838
0.5,0.542373,0.881356,-0.508086,0.166307
0.5,0.559322,0.881356,-0.509488,0.150468
0.5,0.576271,0.881356,-0.42934,0.13936
0.5,0.59322,0.881356,-0.255563,0.132889
0.5,0.610169,0.881356,-0.00779543,0.13116
0.5,0.627119,0.881356,0.26696,0.13408
0.5,0.644068,0.881356,0.515942,0.141549
0.5,0.661017,0.881356,0.704428,0.152894
0.5,0.677966,0.881356,0.825799,0.16711
0.5,0.694915,0.881356,0.894833,0.18359
0.5,0.711864,0.881356,0.933021,0.202373
0.5,0.728814,0.881356,0.956013,0.224046
0.5,0.745763,0.881356,0.967909,0.250026
0.5,0.762712,0.881356,0.962458,0.281764
0.5,0.779661,0.881356,0.929363,0.319399
0.5,0.79661,0.881356,0.862722,0.362833
0.5,0.813559,0.881356,0.767474,0.411928
0.5,0.830508,0.881356,0.660217,0.466404
0.5,0.847458,0.881356,0.564079,0.524421
0.5,0.864407,0.881356,0.501073,0.584285
0.5,0.881356,0.881356,0.485871,0.647914
0.5,0.898305,0.881356,0.522231,0.715155
0.5,0.915254,0.881356,0.600714,0.782946
0.5,0.932203,0.881356,0.696976,0.846532
0.5,0.949153,0.881356,0.773188,0.898817
0.5,0.966102,0.881356,0.787153,0.932998
0.5,0.983051,0.881356,0.709767,0.950825
0.5,1,0.881356,0.542343,0.955652
0.5,0,0.898305,-0.802161,-0.697835
0.5,0.0169492,0.898305,-0.885782,-0.695608
0.5,0.0338983,0.898305,-0.933742,-0.688277
0.5,0.0508475,0.898305,-0.948972,-0.675109
0.5,0.0677966,0.898305,-0.941035,-0.654323
0.5,0.0847458,0.898305,-0.917529,-0.623524
0.5,0.101695,0.898305,-0.876913,-0.579492
0.5,0.118644,0.898305,-0.806237,-0.518977
0.5,0.135593,0.898305,-0.685861,-0.444088
0.5,0.152542,0.898305,-0.501291,-0.358946
0.5,0.169492,0.898305,-0.257931,-0.268922
0.5,0.186441,0.898305,0.0110906,-0.176127
0.5,0.20339,0.898305,0.253577,-0.0822185
0.5,0.220339,0.898305,0.421762,0.0107032
0.5,0.237288,0.898305,0.495068,0.0984216
0.5,0.254237,0.898305,0.485747,0.175218
0.5,0.271186,0.898305,0.425864,0.234757
0.5,0.288136,0.898305,0.348178,0.27696
0.5,0.305085,0.898305,0.273685,0.306642
0.5,0.322034,0.898305,0.209314,0.327628
0.5,0.338983,0.898305,0.152125,0.342213
0.5,0.355932,0.898305,0.0953957,0.351148
0.5,0.372881,0.898305,0.0339247,0.355165
0.5,0.389831,0.898305,-0.0328249,0.354387
0.5,0.40678,0.898305,-0.100726,0.34766
0.5,0.423729,0.898305,-0.16406,0.334897
0.5,0.440678,0.898305,-0.21978,0.316929
0.5,0.457627,0.898305,-0.270181,0.293744
0.5,0.474576,0.898305,-0.322262,0.26627
0.5,0.491525,0.898305,-0.383995,0.235812
0.5,0.508475,0.898305,-0.458625,0.205397
0.5,0.525424,0.898305,-0.538408,0.177983
0.5,0.542373,0.898305,-0.600338,0.156068
0.5,0.559322,0.898305,-0.608484,0.139426
0.5,0.576271,0.898305,-0.527004,0.128042
0.5,0.59322,0.898305,-0.340803,0.122405
0.5,0.610169,0.898305,-0.0706828,0.122001
0.5,0.627119,0.898305,0.231247,0.126431
0.5,0.644068,0.898305,0.505812,0.135399
0.5,0.661017,0.898305,0.713636,0.147839
0.5,0.677966,0.898305,0.846511,0.162624
0.5,0.694915,0.898305,0.919923,0.179072
0.5,0.711864,0.898305,0.956792,0.197254
0.5,0.728814,0.898305,0.973789,0.218372
0.5,0.745763,0.898305,0.975415,0.244749
0.5,0.762712,0.898305,0.955698,0.277117
0.5,0.779661,0.898305,0.905212,0.314827
0.5,0.79661,0.898305,0.8199,0.357281
0.5,0.813559,0.898305,0.707193,0.404687
0.5,0.830508,0.898305,0.585892,0.457326
0.5,0.847458,0.898305,0.480132,0.513278
0.5,0.864407,0.898305,0.411496,0.571923
0.5,0.881356,0.898305,0.393351,0.636216
0.5,0.898305,0.898305,0.428197,0.705839
0.5,0.915254,0.898305,0.50614,0.777579
0.5,0.932203,0.898305,0.603445,0.846187
0.5,0.949153,0.898305,0.683758,0.90327
0.5,0.966102,0.898305,0.70665,0.940876
0.5,0.983051,0.898305,0.644353,0.961139
0.5,1,0.898305,0.498358,0.966839
0.5,0,0.915254,-0.854652,-0.748284
0.5,0.0169492,0.915254,-0.918324,-0.745026
0.5,0.0338983,0.915254,-0.945231,-0.73511
0.5,0.0508475,0.915254,-0.942044,-0.71853
0.5,0.0677966,0.915254,-0.921451,-0.694123
0.5,0.0847458,0.915254,-0.892988,-0.659932
0.5,0.101695,0.915254,-0.855893,-0.613186
0.5,0.118644,0.915254,-0.797015,-0.551937
0.5,0.135593,0.915254,-0.695396,-0.477822
0.5,0.152542,0.915254,-0.533848,-0.394395
0.5,0.169492,0.915254,-0.313827,-0.305643
0.5,0.186441,0.915254,-0.0642019,-0.214311
0.5,0.20339,0.915254,0.165971,-0.123291
0.5,0.220339,0.915254,0.329905,-0.0355267
0.5,0.237288,0.915254,0.405784,0.0453362
0.5,0.254237,0.915254,0.403197,0.115129
0.5,0.271186,0.915254,0.351154,0.170734
0.5,0.288136,0.915254,0.279781,0.213334
0.5,0.305085,0.915254,0.208336,0.246638
0.5,0.322034,0.915254,0.14311,0.274109
0.5,0.338983,0.915254,0.0817063,0.297537
0.5,0.355932,0.915254,0.0190945,0.316114
0.5,0.372881,0.915254,-0.0473587,0.328758
0.5,0.389831,0.915254,-0.115482,0.334634
0.5,0.40678,0.915254,-0.179372,0.332935
0.5,0.423729,0.915254,-0.233351,0.323603
0.5,0.440678,0.915254,-0.276341,0.306982
0.5,0.457627,0.915254,-0.313786,0.284202
0.5,0.474576,0.915254,-0.355975,0.257055
0.5,0.491525,0.915254,-0.413568,0.227495
0.5,0.508475,0.915254,-0.491568,0.198048
0.5,0.525424,0.915254,-0.582751,0.171039
0.5,0.542373,0.915254,-0.662744,0.148113
0.5,0.559322,0.915254,-0.691721,0.130115
0.5,0.576271,0.915254,-0.627751,0.118045
0.5,0.59322,0.915254,-0.449508,0.11237
0.5,0.610169,0.915254,-0.174447,0.112611
0.5,0.627119,0.915254,0.143946,0.118156
0.5,0.644068,0.915254,0.44131,0.128197
0.5,0.661017,0.915254,0.672089,0.141466
0.5,0.677966,0.915254,0.823409,0.156668
0.5,0.694915,0.915254,0.908364,0.172858
0.5,0.711864,0.915254,0.949119,0.190178
0.5,0.728814,0.915254,0.962309,0.210288
0.5,0.745763,0.915254,0.952738,0.235299
0.5,0.762712,0.915254,0.915347,0.265737
0.5,0.779661,0.915254,0.842731,0.300683
0.5,0.79661,0.915254,0.734054,0.339285
0.5,0.813559,0.915254,0.600421,0.381788
0.5,0.830508,0.915254,0.463454,0.429069
0.5,0.847458,0.915254,0.348274,0.481192
0.5,0.864407,0.915254,0.275672,0.539105
0.5,0.881356,0.915254,0.257503,0.604446
0.5,0.898305,0.915254,0.295351,0.676604
0.5,0.915254,0.915254,0.379785,0.752554
0.5,0.932203,0.915254,0.488729,0.826082
0.5,0.949153,0.915254,0.587528,0.888532
0.5,0.966102,0.915254,0.635957,0.933315
0.5,0.983051,0.915254,0.604008,0.959791
0.5,1,0.915254,0.488991,0.968644
0.5,0,0.932203,-0.889419,-0.787975
0.5,0.0169492,0.932203,-0.931164,-0.783562
0.5,0.0338983,0.932203,-0.935855,-0.771189
0.5,0.0508475,0.932203,-0.913918,-0.751838
0.5,0.0677966,0.932203,-0.880933,-0.7248
0.5,0.0847458,0.932203,-0.848087,-0.688461
0.5,0.101695,0.932203,-0.815286,-0.640604
0.5,0.118644,0.932203,-0.76931,-0.579769
0.5,0.135593,0.932203,-0.688174,-0.507003
0.5,0.152542,0.932203,-0.552162,-0.424975
0.5,0.169492,0.932203,-0.358574,-0.336562
0.5,0.186441,0.932203,-0.131405,-0.245696
0.5,0.20339,0.932203,0.0841375,-0.1572
0.5,0.220339,0.932203,0.242602,-0.074894
0.5,0.237288,0.932203,0.320756,-0.00162265
0.5,0.254237,0.932203,0.325024,0.0609149
0.5,0.271186,0.932203,0.280929,0.112944
0.5,0.288136,0.932203,0.215859,0.15642
0.5,0.305085,0.932203,0.147551,0.193718
0.5,0.322034,0.932203,0.0820667,0.228016
0.5,0.338983,0.932203,0.0180011,0.260723
0.5,0.355932,0.932203,-0.0476246,0.288823
0.5,0.372881,0.932203,-0.114759,0.309524
0.5,0.389831,0.932203,-0.178757,0.321422
0.5,0.40678,0.932203,-0.232524,0.324068
0.5,0.423729,0.932203,-0.27117,0.317205
0.5,0.440678,0.932203,-0.296176,0.3007
0.5,0.457627,0.932203,-0.316373,0.277295
0.5,0.474576,0.932203,-0.345293,0.249892
0.5,0.491525,0.932203,-0.396319,0.220847
0.5,0.508475,0.932203,-0.476786,0.19208
0.5,0.525424,0.932203,-0.581352,0.165088
0.5,0.542373,0.932203,-0.686185,0.140721
0.5,0.559322,0.932203,-0.749046,0.121057
0.5,0.576271,0.932203,-0.721595,0.108041
0.5,0.59322,0.932203,-0.573352,0.102156
0.5,0.610169,0.932203,-0.313645,0.102971
0.5,0.627119,0.932203,0.00712192,0.109531
0.5,0.644068,0.932203,0.321362,0.120551
0.5,0.661017,0.932203,0.576252,0.134585
0.5,0.677966,0.932203,0.751229,0.150188
0.5,0.694915,0.932203,0.853731,0.165995
0.5,0.711864,0.932203,0.902787,0.182163
0.5,0.728814,0.932203,0.913841,0.200517
0.5,0.745763,0.932203,0.891918,0.222997
0.5,0.762712,0.932203,0.83362,0.250024
0.5,0.779661,0.932203,0.73485,0.280399
0.5,0.79661,0.932203,0.599411,0.313063
0.5,0.813559,0.932203,0.443112,0.348431
0.5,0.830508,0.932203,0.290684,0.388823
0.5,0.847458,0.932203,0.16778,0.436468
0.5,0.864407,0.932203,0.0936461,0.493218
0.5,0.881356,0.932203,0.0781601,0.559321
0.5,0.898305,0.932203,0.12226,0.634057
0.5,0.915254,0.932203,0.218068,0.71475
0.5,0.932203,0.932203,0.346658,0.79409
0.5,0.949153,0.932203,0.476017,0.863505
0.5,0.966102,0.932203,0.565318,0.916682
0.5,0.983051,0.932203,0.579215,0.950442
0.5,1,0.932203,0.506371,0.962614
0.5,0,0.949153,-0.905325,-0.815781
0.5,0.0169492,0.949153,-0.923817,-0.810143
0.5,0.0338983,0.949153,-0.905849,-0.795819
0.5,0.0508475,0.949153,-0.865471,-0.774531
0.5,0.0677966,0.949153,-0.82077,-0.746155
0.5,0.0847458,0.949153,-0.784193,-0.709426
0.5,0.101695,0.949153,-0.756141,-0.661846
0.5,0.118644,0.949153,-0.723474,-0.601644
0.5,0.135593,0.949153,-0.663559,-0.529539
0.5,0.152542,0.949153,-0.554516,-0.44773
0.5,0.169492,0.949153,-0.38954,-0.358492
0.5,0.186441,0.949153,-0.187377,-0.267517
0.5,0.20339,0.949153,0.0112155,-0.181104
0.5,0.220339,0.949153,0.162557,-0.103841
0.5,0.237288,0.949153,0.242027,-0.0378146
0.5,0.254237,0.949153,0.25262,0.0179395
0.5,0.271186,0.949153,0.216117,0.0667524
0.5,0.288136,0.949153,0.157142,0.11106
0.5,0.305085,0.949153,0.092138,0.152246
0.5,0.322034,0.949153,0.0273221,0.193307
0.5,0.338983,0.949153,-0.0373273,0.234376
0.5,0.355932,0.949153,-0.102477,0.270294
0.5,0.372881,0.949153,-0.16542,0.29721
0.5,0.389831,0.949153,-0.219454,0.313244
0.5,0.40678,0.949153,-0.25704,0.318393
0.5,0.423729,0.949153,-0.274856,0.312501
0.5,0.440678,0.949153,-0.277402,0.295506
0.5,0.457627,0.949153,-0.276827,0.271612
0.5,0.474576,0.949153,-0.28946,0.243939
0.5,0.491525,0.949153,-0.331028,0.214917
0.5,0.508475,0.949153,-0.411433,0.186013
0.5,0.525424,0.949153,-0.528473,0.158253
0.5,0.542373,0.949153,-0.661067,0.131978
0.5,0.559322,0.949153,-0.766897,0.110717
0.5,0.576271,0.949153,-0.792166,0.096881
0.5,0.59322,0.949153,-0.695491,0.0911363
0.5,0.610169,0.949153,-0.473751,0.0930737
0.5,0.627119,0.949153,-0.169304,0.100982
0.5,0.644068,0.949153,0.150199,0.11298
0.5,0.661017,0.949153,0.42481,0.127487
0.5,0.677966,0.949153,0.624057,0.1432
0.5,0.694915,0.949153,0.746722,0.158526
0.5,0.711864,0.949153,0.806269,0.173941
0.5,0.728814,0.949153,0.81565,0.190797
0.5,0.745763,0.949153,0.779985,0.210553
0.5,0.762712,0.949153,0.69833,0.23312
0.5,0.779661,0.949153,0.571227,0.257509
0.5,0.79661,0.949153,0.408394,0.283043
0.5,0.813559,0.949153,0.230983,0.311011
0.5,0.830508,0.949153,0.0664702,0.344938
0.5,0.847458,0.949153,-0.06012,0.388361
0.5,0.864407,0.949153,-0.132456,0.443525
0.5,0.881356,0.949153,-0.143529,0.509863
0.5,0.898305,0.949153,-0.0929635,0.587174
0.5,0.915254,0.949153,0.0141761,0.673103
0.5,0.932203,0.949153,0.164355,0.758932
0.5,0.949153,0.949153,0.330642,0.835609
0.5,0.966102,0.949153,0.472833,0.896275
0.5,0.983051,0.949153,0.548864,0.93603
0.5,1,0.949153,0.534708,0.950652
0.5,0,0.966102,-0.90195,-0.83118
0.5,0.0169492,0.966102,-0.896621,-0.825061
0.5,0.0338983,0.966102,-0.856372,-0.809337
0.5,0.0508475,0.966102,-0.798574,-0.786661
0.5,0.0677966,0.966102,-0.743291,-0.758525
0.5,0.0847458,0.966102,-0.703727,-0.723188
0.5,0.101695,0.966102,-0.680549,-0.676947
0.5,0.118644,0.966102,-0.660833,-0.617091
0.5,0.135593,0.966102,-0.62176,-0.544147
0.5,0.152542,0.966102,-0.539849,-0.460601
0.5,0.169492,0.966102,-0.40455,-0.37002
0.5,0.186441,0.966102,-0.229286,-0.278551
0.5,0.20339,0.966102,-0.0499127,-0.193288
0.5,0.220339,0.966102,0.0921799,-0.120289
0.5,0.237288,0.966102,0.171285,-0.0609033
0.5,0.254237,0.966102,0.187003,-0.0110719
0.5,0.271186,0.966102,0.157321,0.0349444
0.5,0.288136,0.966102,0.104138,0.0803726
0.5,0.305085,0.966102,0.0427986,0.126124
0.5,0.322034,0.966102,-0.0200386,0.173081
0.5,0.338983,0.966102,-0.0827332,0.219574
0.5,0.355932,0.966102,-0.143531,0.260537
0.5,0.372881,0.966102,-0.197281,0.291122
0.5,0.389831,0.966102,-0.235836,0.308529
0.5,0.40678,0.966102,-0.252065,0.313259
0.5,0.423729,0.966102,-0.244955,0.306483
0.5,0.440678,0.966102,-0.222245,0.289846
0.5,0.457627,0.966102,-0.198956,0.266514
0.5,0.474576,0.966102,-0.193312,0.238992
0.5,0.491525,0.966102,-0.222514,0.209341
0.5,0.508475,0.966102,-0.298786,0.179072
0.5,0.525424,0.966102,-0.423948,0.14931
0.5,0.542373,0.966102,-0.581893,0.121564
0.5,0.559322,0.966102,-0.733274,0.099013
0.5,0.576271,0.966102,-0.821318,0.0844373
0.5,0.59322,0.966102,-0.79389,0.0796952
0.5,0.610169,0.966102,-0.63248,0.083764
0.5,0.627119,0.966102,-0.36655,0.0935783
0.5,0.644068,0.966102,-0.0595122,0.106258
0.5,0.661017,0.966102,0.22342,0.12032
0.5,0.677966,0.966102,0.441128,0.135234
0.5,0.694915,0.966102,0.581599,0.15079
0.5,0.711864,0.966102,0.650574,0.167133
0.5,0.728814,0.966102,0.657236,0.184049
0.5,0.745763,0.966102,0.606638,0.201063
0.5,0.762712,0.966102,0.501073,0.217833
0.5,0.779661,0.966102,0.34692,0.234873
0.5,0.79661,0.966102,0.160706,0.253494
0.5,0.813559,0.966102,-0.0311614,0.276006
0.5,0.830508,0.966102,-0.199719,0.305553
0.5,0.847458,0.966102,-0.3226,0.345729
0.5,0.864407,0.966102,-0.388433,0.398955
0.5,0.881356,0.966102,-0.394466,0.465261
0.5,0.898305,0.966102,-0.341196,0.544923
0.5,0.915254,0.966102,-0.229816,0.635569
0.5,0.932203,0.966102,-0.0658189,0.727743
0.5,0.949153,0.966102,0.132929,0.810881
0.5,0.966102,0.966102,0.330889,0.876759
0.5,0.983051,0.966102,0.481189,0.9196
0.5,1,0.966102,0.54516,0.934572
0.5,0,0.983051,-0.879609,-0.838674
0.5,0.0169492,0.983051,-0.850757,-0.831833
0.5,0.0338983,0.983051,-0.789507,-0.81443
0.5,0.0508475,0.983051,-0.716087,-0.790452
0.5,0.0677966,0.983051,-0.65186,-0.763624
0.5,0.0847458,0.983051,-0.610192,-0.730912
0.5,0.101695,0.983051,-0.591716,-0.686688
0.5,0.118644,0.983051,-0.583841,-0.626764
0.5,0.135593,0.983051,-0.564061,-0.552101
0.5,0.152542,0.983051,-0.508032,-0.466385
0.5,0.169492,0.983051,-0.402128,-0.374028
0.5,0.186441,0.983051,-0.254741,-0.281086
0.5,0.20339,0.983051,-0.0966069,-0.195426
0.5,0.220339,0.983051,0.0337374,-0.125654
0.5,0.237288,0.983051,0.110076,-0.0724556
0.5,0.254237,0.983051,0.129002,-0.0281922
0.5,0.271186,0.983051,0.104898,0.0155497
0.5,0.288136,0.983051,0.057055,0.0625869
0.5,0.305085,0.983051,-0.000148007,0.112211
0.5,0.322034,0.983051,-0.0594479,0.163278
0.5,0.338983,0.983051,-0.11743,0.213423
0.5,0.355932,0.983051,-0.17,0.257787
0.5,0.372881,0.983051,-0.20998,0.290302
0.5,0.389831,0.983051,-0.22855,0.306856
0.5,0.40678,0.983051,-0.219894,0.309466
0.5,0.423729,0.983051,-0.185919,0.301334
0.5,0.440678,0.983051,-0.137545,0.285166
0.5,0.457627,0.983051,-0.0918491,0.262671
0.5,0.474576,0.983051,-0.0676649,0.235369
0.5,0.491525,0.983051,-0.0823834,0.204935
0.5,0.508475,0.983051,-0.149777,0.17306
0.5,0.525424,0.983051,-0.275971,0.141444
0.5,0.542373,0.983051,-0.451603,0.112416
0.5,0.559322,0.983051,-0.643542,0.0885515
0.5,0.576271,0.983051,-0.79574,0.0731327
0.5,0.59322,0.983051,-0.847578,0.0699638
0.5,0.610169,0.983051,-0.764368,0.0768309
0.5,0.627119,0.983051,-0.55893,0.0887666
0.5,0.644068,0.983051,-0.285676,0.101727
0.5,0.661017,0.983051,-0.0116214,0.114688
0.5,0.677966,0.983051,0.212577,0.128561
0.5,0.694915,0.983051,0.363371,0.144786
0.5,0.711864,0.983051,0.437421,0.162984
0.5,0.728814,0.983051,0.439189,0.180859
0.5,0.745763,0.983051,0.373597,0.195653
0.5,0.762712,0.983051,0.246857,0.206989
0.5,0.779661,0.983051,0.0720206,0.217558
0.5,0.79661,0.983051,-0.127399,0.230952
0.5,0.813559,0.983051,-0.320798,0.250024
0.5,0.830508,0.983051,-0.479958,0.276656
0.5,0.847458,0.983051,-0.587894,0.314335
0.5,0.864407,0.983051,-0.640611,0.366134
0.5,0.881356,0.983051,-0.641283,0.431875
0.5,0.898305,0.983051,-0.592098,0.512707
0.5,0.915254,0.983051,-0.490112,0.608013
0.5,0.932203,0.983051,-0.330813,0.706111
0.5,0.949153,0.983051,-0.118673,0.794195
0.5,0.966102,0.983051,0.121727,0.863048
0.5,0.983051,0.983051,0.344689,0.907023
0.5,1,0.983051,0.499253,0.922021
0.5,0,1,-0.83934,-0.842136
0.5,0.0169492,1,-0.788208,-0.833573
0.5,0.0338983,1,-0.708205,-0.814729
0.5,0.0508475,1,-0.621772,-0.789894
0.5,0.0677966,1,-0.550773,-0.76481
0.5,0.0847458,1,-0.508069,-0.733962
0.5,0.101695,1,-0.493914,-0.690905
0.5,0.118644,1,-0.496111,-0.630294
0.5,0.135593,1,-0.492955,-0.554431
0.5,0.152542,1,-0.460077,-0.467543
0.5,0.169492,1,-0.381732,-0.374073
0.5,0.186441,1,-0.261965,-0.279761
0.5,0.20339,1,-0.126497,-0.193165
0.5,0.220339,1,-0.0105176,-0.125683
0.5,0.237288,1,0.0600463,-0.0764471
0.5,0.254237,1,0.0795146,-0.0350648
0.5,0.271186,1,0.059147,0.00815921
0.5,0.288136,1,0.0158549,0.0566393
0.5,0.305085,1,-0.0368538,0.108014
0.5,0.322034,1,-0.0910854,0.160804
0.5,0.338983,1,-0.14172,0.212635
0.5,0.355932,1,-0.182602,0.258671
0.5,0.372881,1,-0.205129,0.291653
0.5,0.389831,1,-0.200697,0.306576
0.5,0.40678,1,-0.165685,0.307729
0.5,0.423729,1,-0.105354,0.298883
0.5,0.440678,1,-0.0334732,0.283217
0.5,0.457627,1,0.0318867,0.261165
0.5,0.474576,1,0.0727604,0.233957
0.5,0.491525,1,0.0730626,0.203076
0.5,0.508475,1,0.018628,0.170397
0.5,0.525424,1,-0.100575,0.13788
0.5,0.542373,1,-0.282863,0.108305
0.5,0.559322,1,-0.504022,0.0835095
0.5,0.576271,1,-0.712809,0.067445
0.5,0.59322,1,-0.843996,0.0659539
0.5,0.610169,1,-0.848285,0.0746187
0.5,0.627119,1,-0.720078,0.0876344
0.5,0.644068,1,-0.500665,0.100254
0.5,0.661017,1,-0.254578,0.112268
0.5,0.677966,1,-0.0392741,0.12546
0.5,0.694915,1,0.111067,0.142412
0.5,0.711864,1,0.183855,0.162026
0.5,0.728814,1,0.178549,0.180704
0.5,0.745763,1,0.100083,0.194201
0.5,0.762712,1,-0.0409334,0.202581
0.5,0.779661,1,-0.224572,0.210132
0.5,0.79661,1,-0.421119,0.221579
0.5,0.813559,1,-0.597849,0.23963
0.5,0.830508,1,-0.730181,0.264872
0.5,0.847458,1,-0.809326,0.301544
0.5,0.864407,1,-0.840732,0.353036
0.5,0.881356,1,-0.834838,0.417873
0.5,0.898305,1,-0.796579,0.499128
0.5,0.915254,1,-0.719784,0.598088
0.5,0.932203,1,-0.589893,0.699087
0.5,0.949153,1,-0.395416,0.78908
0.5,0.966102,1,-0.143774,0.858545
0.5,0.983051,1,0.129211,0.902517
0.5,1,1,0.367687,0.916262
1,0,0,0,-1.26086
1,0.0169492,0,0.0572768,-1.41746
1,0.0338983,0,0.112986,-1.749
1,0.0508475,0,0.165592,-1.97511
1,0.0677966,0,0.213631,-1.8324
1,0.0847458,0,0.255736,-1.441
1,0.101695,0,0.290669,-0.915355
1,0.118644,0,0.317351,-0.283995
1,0.135593,0,0.334882,0.292179
1,0.152542,0,0.342562,0.646133
1,0.169492,0,0.339909,0.662743
1,0.186441,0,0.326663,0.445124
1,0.20339,0,0.3028,0.216513
1,0.220339,0,0.268528,0.188298
1,0.237288,0,0.224284,0.374586
1,0.254237,0,0.170724,0.616331
1,0.271186,0,0.10871,0.724308
1,0.288136,0,0.0392937,0.661889
1,0.305085,0,-0.0363102,0.577167
1,0.322034,0,-0.116747,0.637919
1,0.338983,0,-0.200551,0.903634
1,0.355932,0,-0.28618,1.24177
1,0.372881,0,-0.372043,1.48409
1,0.389831,0,-0.45654,1.53604
1,0.40678,0,-0.538091,1.50756
1,0.423729,0,-0.615176,1.33638
1,0.440678,0,-0.68636,0.875154
1,0.457627,0,-0.750332,0.382825
1,0.474576,0,-0.805926,-0.0159665
1,0.491525,0,-0.85215,-0.259603
1,0.508475,0,-0.888207,-0.431338
1,0.525424,0,-0.913511,-0.551093
1,0.542373,0,-0.927699,-0.621206
1,0.559322,0,-0.93064,-0.678312
1,0.576271,0,-0.922437,-0.736179
1,0.59322,0,-0.903424,-0.727257
1,0.610169,0,-0.87416,-0.70222
1,0.627119,0,-0.835415,-0.627943
1,0.644068,0,-0.788157,-0.406541
1,0.661017,0,-0.733525,-0.0949514
1,0.677966,0,-0.672808,0.163482
1,0.694915,0,-0.607419,0.223842
1,0.711864,0,-0.538859,0.0825837
1,0.728814,0,-0.468687,-0.157644
1,0.745763,0,-0.39849,-0.372905
1,0.762712,0,-0.329842,-0.581281
1,0.779661,0,-0.264274,-0.906205
1,0.79661,0,-0.20324,-1.38876
1,0.813559,0,-0.148085,-1.98553
1,0.830508,0,-0.100017,-2.54314
1,0.847458,0,-0.0600807,-2.73798
1,0.864407,0,-0.0291329,-2.40912
1,0.881356,0,-0.0078268,-1.84292
1,0.898305,0,0.00340391,-1.09455
1,0.915254,0,0.00435369,-0.123549
1,0.932203,0,-0.00495026,0.650589
1,0.949153,0,-0.0242487,0.908681
1,0.966102,0,-0.0530558,0.438309
1,0.983051,0,-0.0906701,-0.161812
1,1,0,-0.13619,-0.450366
1,0,0.0169492,0.0889853,-1.25193
1,0.0169492,0.0169492,0.149352,-1.39705
1,0.0338983,0.0169492,0.208182,-1.66861
1,0.0508475,0.0169492,0.263824,-1.81884
1,0.0677966,0.0169492,0.314627,-1.66976
1,0.0847458,0.0169492,0.358958,-1.28756
1,0.101695,0.0169492,0.395244,-0.757466
1,0.118644,0.0169492,0.422024,-0.156911
1,0.135593,0.0169492,0.438016,0.368722
1,0.152542,0.0169492,0.442204,0.671874
1,0.169492,0.0169492,0.433904,0.669465
1,0.186441,0.0169492,0.412829,0.456286
1,0.20339,0.0169492,0.379129,0.241313
1,0.220339,0.0169492,0.33339,0.210939
1,0.237288,0.0169492,0.27661,0.37636
1,0.254237,0.0169492,0.210133,0.590021
1,0.271186,0.0169492,0.135561,0.689252
1,0.288136,0.0169492,0.0546606,0.6471
1,0.305085,0.0169492,-0.0307406,0.583732
1,0.322034,0.0169492,-0.118836,0.638103
1,0.338983,0.0169492,-0.207903,0.846417
1,0.355932,0.0169492,-0.296343,1.09871
1,0.372881,0.0169492,-0.382694,1.25564
1,0.389831,0.0169492,-0.465615,1.26543
1,0.40678,0.0169492,-0.543868,1.18455
1,0.423729,0.0169492,-0.616284,0.971574
1,0.440678,0.0169492,-0.681739,0.612885
1,0.457627,0.0169492,-0.739135,0.254596
1,0.474576,0.0169492,-0.787411,-0.0375078
1,0.491525,0.0169492,-0.82556,-0.253447
1,0.508475,0.0169492,-0.852685,-0.421519
1,0.525424,0.0169492,-0.868056,-0.527301
1,0.542373,0.0169492,-0.871188,-0.565037
1,0.559322,0.0169492,-0.861911,-0.572166
1,0.576271,0.0169492,-0.840429,-0.574538
1,0.59322,0.0169492,-0.807353,-0.576446
1,0.610169,0.0169492,-0.763698,-0.587572
1,0.627119,0.0169492,-0.710856,-0.533737
1,0.644068,0.0169492,-0.650518,-0.337246
1,0.661017,0.0169492,-0.584593,-0.0514696
1,0.677966,0.0169492,-0.515101,0.18657
1,0.694915,0.0169492,-0.444073,0.254068
1,0.711864,0.0169492,-0.373469,0.147096
1,0.728814,0.0169492,-0.30511,-0.0420414
1,0.745763,0.0169492,-0.240641,-0.220568
1,0.762712,0.0169492,-0.181514,-0.4082
1,0.779661,0.0169492,-0.128999,-0.698444
1,0.79661,0.0169492,-0.0841928,-1.14371
1,0.813559,0.0169492,-0.0480417,-1.706
1,0.830508,0.0169492,-0.0213548,-2.19381
1,0.847458,0.0169492,-0.00480534,-2.32098
1,0.864407,0.0169492,0.00108158,-2.00244
1,0.881356,0.0169492,-0.00404224,-1.43152
1,0.898305,0.0169492,-0.0203076,-0.704653
1,0.915254,0.0169492,-0.0475815,0.0521369
1,0.932203,0.0169492,-0.0854228,0.557908
1,0.949153,0.0169492,-0.133051,0.58946
1,0.966102,0.0169492,-0.189336,0.122773
1,0.983051,0.0169492,-0.252815,-0.417408
1,1,0.0169492,-0.32174,-0.666248
1,0,0.0338983,0.174238,-1.16451
1,0.0169492,0.0338983,0.237897,-1.26474
1,0.0338983,0.0338983,0.300135,-1.44432
1,0.0508475,0.0338983,0.359211,-1.51117
1,0.0677966,0.0338983,0.413302,-1.34147
1,0.0847458,0.0338983,0.460507,-0.956891
1,0.101695,0.0338983,0.498886,-0.438614
1,0.118644,0.0338983,0.526547,0.100086
1,0.135593,0.0338983,0.541766,0.543635
1,0.152542,0.0338983,0.543139,0.784266
1,0.169492,0.0338983,0.529735,0.749058
1,0.186441,0.0338983,0.501227,0.516766
1,0.20339,0.0338983,0.457966,0.28134
1,0.220339,0.0338983,0.400998,0.225792
1,0.237288,0.0338983,0.331987,0.367249
1,0.254237,0.0338983,0.253079,0.565017
1,0.271186,0.0338983,0.16672,0.671499
1,0.288136,0.0338983,0.0754506,0.650598
1,0.305085,0.0338983,-0.0182768,0.587319
1,0.322034,0.0338983,-0.112243,0.584818
1,0.338983,0.0338983,-0.204551,0.669751
1,0.355932,0.0338983,-0.293646,0.757197
1,0.372881,0.0338983,-0.378296,0.755982
1,0.389831,0.0338983,-0.457515,0.641648
1,0.40678,0.0338983,-0.530475,0.452443
1,0.423729,0.0338983,-0.59641,0.23323
1,0.440678,0.0338983,-0.65453,0.0695572
1,0.457627,0.0338983,-0.703971,-0.0371399
1,0.474576,0.0338983,-0.743777,-0.136147
1,0.491525,0.0338983,-0.772942,-0.281479
1,0.508475,0.0338983,-0.790484,-0.423029
1,0.525424,0.0338983,-0.79557,-0.485735
1,0.542373,0.0338983,-0.787656,-0.435999
1,0.559322,0.0338983,-0.766628,-0.324775
1,0.576271,0.0338983,-0.73291,-0.236259
1,0.59322,0.0338983,-0.687523,-0.258791
1,0.610169,0.0338983,-0.632067,-0.342248
1,0.627119,0.0338983,-0.568637,-0.356249
1,0.644068,0.0338983,-0.499676,-0.21247
1,0.661017,0.0338983,-0.427789,0.0414054
1,0.677966,0.0338983,-0.355564,0.274278
1,0.694915,0.0338983,-0.2854,0.371746
1,0.711864,0.0338983,-0.219401,0.325341
1,0.728814,0.0338983,-0.159317,0.21195
1,0.745763,0.0338983,-0.106541,0.10302
1,0.762712,0.0338983,-0.0621545,-0.00763123
1,0.779661,0.0338983,-0.0269923,-0.194762
1,0.79661,0.0338983,-0.00171735,-0.542248
1,0.813559,0.0338983,0.0131183,-1.02378
1,0.830508,0.0338983,0.0170386,-1.41378
1,0.847458,0.0338983,0.00964341,-1.47169
1,0.864407,0.0338983,-0.00935445,-1.13774
1,0.881356,0.0338983,-0.0400589,-0.574484
1,0.898305,0.0338983,-0.0822978,-0.00839579
1,0.915254,0.0338983,-0.135525,0.30512
1,0.932203,0.0338983,-0.198735,0.310557
1,0.949153,0.0338983,-0.270419,0.0137903
1,0.966102,0.0338983,-0.348569,-0.499926
1,0.983051,0.0338983,-0.430753,-1.00067
1,1,0.0338983,-0.514247,-1.24087
1,0,0.0508475,0.252169,-0.998685
1,0.0169492,0.0508475,0.318888,-1.07622
1,0.0338983,0.0508475,0.384411,-1.18477
1,0.0508475,0.0508475,0.446975,-1.18673
1,0.0677966,0.0508475,0.504645,-0.98992
1,0.0847458,0.0508475,0.555286,-0.603685
1,0.101695,0.0508475,0.596598,-0.106309
1,0.118644,0.0508475,0.626227,0.371286
1,0.135593,0.0508475,0.641946,0.751001
1,0.152542,0.0508475,0.64189,0.948604
1,0.169492,0.0508475,0.624803,0.876594
1,0.186441,0.0508475,0.590263,0.612209
1,0.20339,0.0508475,0.538814,0.345126
1,0.220339,0.0508475,0.47198,0.270747
1,0.237288,0.0508475,0.392149,0.399517
1,0.254237,0.0508475,0.302337,0.586642
1,0.271186,0.0508475,0.205878,0.696199
1,0.288136,0.0508475,0.106104,0.685317
1,0.305085,0.0508475,0.00605988,0.613049
1,0.322034,0.0508475,-0.0916913,0.546167
1,0.338983,0.0508475,-0.185167,0.499813
1,0.355932,0.0508475,-0.272962,0.401595
1,0.372881,0.0508475,-0.354163,0.216161
1,0.389831,0.0508475,-0.42821,-0.0463146
1,0.40678,0.0508475,-0.494732,-0.337664
1,0.423729,0.0508475,-0.553389,-0.545846
1,0.440678,0.0508475,-0.603733,-0.521529
1,0.457627,0.0508475,-0.645127,-0.407187
1,0.474576,0.0508475,-0.676723,-0.327819
1,0.491525,0.0508475,-0.697507,-0.397515
1,0.508475,0.0508475,-0.706425,-0.480614
1,0.525424,0.0508475,-0.702564,-0.473047
1,0.542373,0.0508475,-0.685364,-0.314253
1,0.559322,0.0508475,-0.654824,-0.0832076
1,0.576271,0.0508475,-0.611657,0.0885751
1,0.59322,0.0508475,-0.557352,0.0373026
1,0.610169,0.0508475,-0.494123,-0.11032
1,0.627119,0.0508475,-0.424748,-0.185427
1,0.644068,0.0508475,-0.352316,-0.0775
1,0.661017,0.0508475,-0.279948,0.159993
1,0.677966,0.0508475,-0.210535,0.397455
1,0.694915,0.0508475,-0.146538,0.519088
1,0.711864,0.0508475,-0.0898853,0.520165
1,0.728814,0.0508475,-0.0419665,0.471895
1,0.745763,0.0508475,-0.00370086,0.435506
1,0.762712,0.0508475,0.02434,0.414987
1,0.779661,0.0508475,0.0417948,0.342473
1,0.79661,0.0508475,0.0483905,0.0960916
1,0.813559,0.0508475,0.0438585,-0.305924
1,0.830508,0.0508475,0.0279054,-0.599736
1,0.847458,0.0508475,0.000242966,-0.591839
1,0.864407,0.0508475,-0.0393227,-0.246282
1,0.881356,0.0508475,-0.0907572,0.254508
1,0.898305,0.0508475,-0.153638,0.58922
1,0.915254,0.0508475,-0.227,0.433513
1,0.932203,0.0508475,-0.309218,-0.00878528
1,0.949153,0.0508475,-0.397966,-0.591261
1,0.966102,0.0508475,-0.490281,-1.16764
1,0.983051,0.0508475,-0.582731,-1.65534
1,1,0.0508475,-0.671683,-1.89244
1,0,0.0677966,0.319471,-0.84587
1,0.0169492,0.0677966,0.388575,-0.889192
1,0.0338983,0.0677966,0.456829,-0.935277
1,0.0508475,0.0677966,0.522559,-0.89487
1,0.0677966,0.0677966,0.583817,-0.695191
1,0.0847458,0.0677966,0.63831,-0.335201
1,0.101695,0.0677966,0.683426,0.116312
1,0.118644,0.0677966,0.716349,0.552747
1,0.135593,0.0677966,0.734304,0.900415
1,0.152542,0.0677966,0.734879,1.07309
1,0.169492,0.0677966,0.716395,1.00345
1,0.186441,0.0677966,0.678235,0.761609
1,0.20339,0.0677966,0.621054,0.512893
1,0.220339,0.0677966,0.546815,0.419996
1,0.237288,0.0677966,0.458613,0.49185
1,0.254237,0.0677966,0.360326,0.631195
1,0.271186,0.0677966,0.256168,0.738884
1,0.288136,0.0677966,0.150229,0.775471
1,0.305085,0.0677966,0.046092,0.740789
1,0.322034,0.0677966,-0.0534121,0.639299
1,0.338983,0.0677966,-0.146301,0.450148
1,0.355932,0.0677966,-0.231391,0.159996
1,0.372881,0.0677966,-0.308151,-0.200194
1,0.389831,0.0677966,-0.376481,-0.576999
1,0.40678,0.0677966,-0.436483,-0.907249
1,0.423729,0.0677966,-0.488237,-1.06578
1,0.440678,0.0677966,-0.531624,-0.985179
1,0.457627,0.0677966,-0.566215,-0.797286
1,0.474576,0.0677966,-0.59124,-0.650547
1,0.491525,0.0677966,-0.60566,-0.612584
1,0.508475,0.0677966,-0.608329,-0.588099
1,0.525424,0.0677966,-0.598234,-0.484038
1,0.542373,0.0677966,-0.574784,-0.253165
1,0.559322,0.0677966,-0.538076,0.0250553
1,0.576271,0.0677966,-0.48909,0.204208
1,0.59322,0.0677966,-0.429749,0.170661
1,0.610169,0.0677966,-0.362813,0.0373133
1,0.627119,0.0677966,-0.291626,-0.0385626
1,0.644068,0.0677966,-0.219759,0.0474539
1,0.661017,0.0677966,-0.150632,0.257489
1,0.677966,0.0677966,-0.0871928,0.480018
1,0.694915,0.0677966,-0.0317149,0.614911
1,0.711864,0.0677966,0.0142643,0.654466
1,0.728814,0.0677966,0.0498727,0.649894
1,0.745763,0.0677966,0.0747408,0.650061
1,0.762712,0.0677966,0.0887967,0.659948
1,0.779661,0.0677966,0.0920679,0.6214
1,0.79661,0.0677966,0.0845262,0.444005
1,0.813559,0.0677966,0.066003,0.184298
1,0.830508,0.0677966,0.0361853,0.0244173
1,0.847458,0.0677966,-0.0053045,0.0904016
1,0.864407,0.0677966,-0.0587552,0.368829
1,0.881356,0.0677966,-0.124158,0.679179
1,0.898305,0.0677966,-0.200975,0.707108
1,0.915254,0.0677966,-0.287921,0.293221
1,0.932203,0.0677966,-0.382825,-0.376837
1,0.949153,0.0677966,-0.4826,-1.09037
1,0.966102,0.0677966,-0.583382,-1.67797
1,0.983051,0.0677966,-0.680819,-2.0932
1,1,0.0677966,-0.770497,-2.25312
1,0,0.0847458,0.373241,-0.645114
1,0.0169492,0.0847458,0.443629,-0.659693
1,0.0338983,0.0847458,0.513633,-0.678139
1,0.0508475,0.0847458,0.581805,-0.644435
1,0.0677966,0.0847458,0.64632,-0.480946
1,0.0847458,0.0847458,0.704851,-0.171568
1,0.101695,0.0847458,0.754557,0.233178
1,0.118644,0.0847458,0.792202,0.6482
1,0.135593,0.0847458,0.814442,0.992546
1,0.152542,0.0847458,0.81824,1.17925
1,0.169492,0.0847458,0.801369,1.14962
1,0.186441,0.0847458,0.762871,0.954324
1,0.20339,0.0847458,0.703369,0.72894
1,0.220339,0.0847458,0.625136,0.604604
1,0.237288,0.0847458,0.531872,0.610962
1,0.254237,0.0847458,0.428242,0.69976
1,0.271186,0.0847458,0.319269,0.821215
1,0.288136,0.0847458,0.209739,0.934427
1,0.305085,0.0847458,0.103708,0.971755
1,0.322034,0.0847458,0.0042109,0.857195
1,0.338983,0.0847458,-0.0868224,0.54199
1,0.355932,0.0847458,-0.168469,0.0822906
1,0.372881,0.0847458,-0.240594,-0.419261
1,0.389831,0.0847458,-0.303556,-0.861919
1,0.40678,0.0847458,-0.357913,-1.19966
1,0.423729,0.0847458,-0.404143,-1.35874
1,0.440678,0.0847458,-0.442422,-1.288
1,0.457627,0.0847458,-0.472494,-1.10436
1,0.474576,0.0847458,-0.493634,-0.934643
1,0.491525,0.0847458,-0.50473,-0.811664
1,0.508475,0.0847458,-0.504483,-0.693896
1,0.525424,0.0847458,-0.491709,-0.519375
1,0.542373,0.0847458,-0.465695,-0.248107
1,0.559322,0.0847458,-0.42653,0.040368
1,0.576271,0.0847458,-0.375343,0.21759
1,0.59322,0.0847458,-0.31436,0.214106
1,0.610169,0.0847458,-0.246748,0.109468
1,0.627119,0.0847458,-0.17627,0.0402148
1,0.644068,0.0847458,-0.106821,0.110372
1,0.661017,0.0847458,-0.0419623,0.300119
1,0.677966,0.0847458,0.0154412,0.510011
1,0.694915,0.0847458,0.0634141,0.648885
1,0.711864,0.0847458,0.100869,0.699536
1,0.728814,0.0847458,0.127449,0.700575
1,0.745763,0.0847458,0.143273,0.691646
1,0.762712,0.0847458,0.148653,0.681055
1,0.779661,0.0847458,0.14385,0.638554
1,0.79661,0.0847458,0.128901,0.532448
1,0.813559,0.0847458,0.10354,0.410406
1,0.830508,0.0847458,0.0672357,0.369989
1,0.847458,0.0847458,0.0193139,0.463274
1,0.864407,0.0847458,-0.0408197,0.640924
1,0.881356,0.0847458,-0.113399,0.755275
1,0.898305,0.0847458,-0.19799,0.59446
1,0.915254,0.0847458,-0.293208,0.0559752
1,0.932203,0.0847458,-0.396534,-0.710572
1,0.949153,0.0847458,-0.504296,-1.46704
1,0.966102,0.0847458,-0.611859,-1.9873
1,0.983051,0.0847458,-0.714043,-2.2734
1,1,0.0847458,-0.805696,-2.3533
1,0,0.101695,0.4111,-0.289814
1,0.0169492,0.101695,0.481285,-0.295128
1,0.0338983,0.101695,0.551655,-0.362316
1,0.0508475,0.101695,0.621142,-0.412389
1,0.0677966,0.101695,0.688203,-0.333161
1,0.0847458,0.101695,0.75063,-0.0938693
1,0.101695,0.101695,0.805483,0.267119
1,0.118644,0.101695,0.849188,0.675222
1,0.135593,0.101695,0.877844,1.04498
1,0.152542,0.101695,0.887735,1.27916
1,0.169492,0.101695,0.875951,1.30181
1,0.186441,0.101695,0.841011,1.14818
1,0.20339,0.101695,0.783299,0.936662
1,0.220339,0.101695,0.705194,0.787462
1,0.237288,0.101695,0.610819,0.744207
1,0.254237,0.101695,0.505475,0.794778
1,0.271186,0.101695,0.394882,0.939021
1,0.288136,0.101695,0.284433,1.13432
1,0.305085,0.101695,0.178596,1.25022
1,0.322034,0.101695,0.0805758,1.14278
1,0.338983,0.101695,-0.0077627,0.740799
1,0.355932,0.101695,-0.0857494,0.17288
1,0.372881,0.101695,-0.153621,-0.407699
1,0.389831,0.101695,-0.212166,-0.869666
1,0.40678,0.101695,-0.262357,-1.21981
1,0.423729,0.101695,-0.305033,-1.40116
1,0.440678,0.101695,-0.340635,-1.34948
1,0.457627,0.101695,-0.369045,-1.20142
1,0.474576,0.101695,-0.389541,-1.04525
1,0.491525,0.101695,-0.400882,-0.887026
1,0.508475,0.101695,-0.401534,-0.726548
1,0.525424,0.101695,-0.390022,-0.52134
1,0.542373,0.101695,-0.365353,-0.225272
1,0.559322,0.101695,-0.327418,0.0657088
1,0.576271,0.101695,-0.277287,0.238882
1,0.59322,0.101695,-0.217283,0.238974
1,0.610169,0.101695,-0.150795,0.131633
1,0.627119,0.101695,-0.0818538,0.0476342
1,0.644068,0.101695,-0.014575,0.105519
1,0.661017,0.101695,0.0473908,0.285929
1,0.677966,0.101695,0.101265,0.487066
1,0.694915,0.101695,0.145324,0.613079
1,0.711864,0.101695,0.17884,0.642995
1,0.728814,0.101695,0.20185,0.616027
1,0.745763,0.101695,0.214813,0.570654
1,0.762712,0.101695,0.218274,0.524242
1,0.779661,0.101695,0.21257,0.474123
1,0.79661,0.101695,0.197653,0.420096
1,0.813559,0.101695,0.173018,0.394237
1,0.830508,0.101695,0.137764,0.436134
1,0.847458,0.101695,0.0907559,0.544268
1,0.864407,0.101695,0.0308936,0.65465
1,0.881356,0.101695,-0.0425443,0.670548
1,0.898305,0.101695,-0.12952,0.437441
1,0.915254,0.101695,-0.228876,-0.136384
1,0.932203,0.101695,-0.338078,-0.905846
1,0.949153,0.101695,-0.453159,-1.63366
1,0.966102,0.101695,-0.568917,-2.04483
1,0.983051,0.101695,-0.679415,-2.23799
1,1,0.101695,-0.778698,-2.27378
1,0,0.118644,0.431275,0.341751
1,0.0169492,0.118644,0.499469,0.272016
1,0.0338983,0.118644,0.568485,0.0416172
1,0.0508475,0.118644,0.637791,-0.181739
1,0.0677966,0.118644,0.706293,-0.237816
1,0.0847458,0.118644,0.772077,-0.0884297
1,0.101695,0.118644,0.832262,0.224706
1,0.118644,0.118644,0.883058,0.634953
1,0.135593,0.118644,0.92007,1.04781
1,0.152542,0.118644,0.938872,1.34219
1,0.169492,0.118644,0.935759,1.42198
1,0.186441,0.118644,0.90853,1.31181
1,0.20339,0.118644,0.857084,1.12155
1,0.220339,0.118644,0.783639,0.960371
1,0.237288,0.118644,0.692495,0.878138
1,0.254237,0.118644,0.589378,0.906167
1,0.271186,0.118644,0.480552,1.07108
1,0.288136,0.118644,0.371917,1.312
1,0.305085,0.118644,0.268306,1.47669
1,0.322034,0.118644,0.173084,1.38654
1,0.338983,0.118644,0.0880764,0.993932
1,0.355932,0.118644,0.013745,0.430533
1,0.372881,0.118644,-0.0504655,-0.127565
1,0.389831,0.118644,-0.105714,-0.589392
1,0.40678,0.118644,-0.153344,-0.935916
1,0.423729,0.118644,-0.194517,-1.11138
1,0.440678,0.118644,-0.229913,-1.11293
1,0.457627,0.118644,-0.259535,-1.03071
1,0.474576,0.118644,-0.282646,-0.914984
1,0.491525,0.118644,-0.297836,-0.776518
1,0.508475,0.118644,-0.303264,-0.619717
1,0.525424,0.118644,-0.297038,-0.40975
1,0.542373,0.118644,-0.277691,-0.123928
1,0.559322,0.118644,-0.244675,0.149525
1,0.576271,0.118644,-0.198722,0.304239
1,0.59322,0.118644,-0.141978,0.278732
1,0.610169,0.118644,-0.0778231,0.136409
1,0.627119,0.118644,-0.0104019,0.0195742
1,0.644068,0.118644,0.0560113,0.0506429
1,0.661017,0.118644,0.117647,0.210597
1,0.677966,0.118644,0.171703,0.394058
1,0.694915,0.118644,0.216544,0.492776
1,0.711864,0.118644,0.251614,0.482405
1,0.728814,0.118644,0.277148,0.407436
1,0.745763,0.118644,0.293775,0.316454
1,0.762712,0.118644,0.302125,0.237668
1,0.779661,0.118644,0.30251,0.1806
1,0.79661,0.118644,0.294725,0.157044
1,0.813559,0.118644,0.277977,0.186257
1,0.830508,0.118644,0.25095,0.272553
1,0.847458,0.118644,0.211972,0.389801
1,0.864407,0.118644,0.159309,0.495818
1,0.881356,0.118644,0.0915323,0.502407
1,0.898305,0.118644,0.00796021,0.285296
1,0.915254,0.118644,-0.0908924,-0.18588
1,0.932203,0.118644,-0.202949,-0.809983
1,0.949153,0.118644,-0.324397,-1.39546
1,0.966102,0.118644,-0.449827,-1.79857
1,0.983051,0.118644,-0.57272,-2.04608
1,1,0.118644,-0.686248,-2.13358
1,0,0.135593,0.432674,1.14011
1,0.0169492,0.135593,0.496902,0.947846
1,0.0338983,0.135593,0.562621,0.47179
1,0.0508475,0.135593,0.629968,0.0160959
1,0.0677966,0.135593,0.698457,-0.192473
1,0.0847458,0.135593,0.766637,-0.133645
1,0.101695,0.135593,0.831867,0.126817
1,0.118644,0.135593,0.890292,0.538712
1,0.135593,0.135593,0.937128,0.99698
1,0.152542,0.135593,0.967262,1.35259
1,0.169492,0.135593,0.976118,1.47966
1,0.186441,0.135593,0.960599,1.39708
1,0.20339,0.135593,0.919859,1.22528
1,0.220339,0.135593,0.855661,1.05588
1,0.237288,0.135593,0.772191,0.944054
1,0.254237,0.135593,0.675355,0.952537
1,0.271186,0.135593,0.571775,1.11838
1,0.288136,0.135593,0.46775,1.38874
1,0.305085,0.135593,0.368432,1.60448
1,0.322034,0.135593,0.277361,1.5849
1,0.338983,0.135593,0.19637,1.25796
1,0.355932,0.135593,0.125786,0.767759
1,0.372881,0.135593,0.0648096,0.276469
1,0.389831,0.135593,0.0119818,-0.143438
1,0.40678,0.135593,-0.0343571,-0.44967
1,0.423729,0.135593,-0.0756558,-0.614925
1,0.440678,0.135593,-0.11282,-0.668454
1,0.457627,0.135593,-0.145988,-0.652008
1,0.474576,0.135593,-0.174424,-0.594079
1,0.491525,0.135593,-0.19657,-0.509595
1,0.508475,0.135593,-0.21026,-0.394856
1,0.525424,0.135593,-0.213105,-0.218864
1,0.542373,0.135593,-0.20301,0.029317
1,0.559322,0.135593,-0.178739,0.275906
1,0.576271,0.135593,-0.14038,0.407293
1,0.59322,0.135593,-0.0895767,0.328957
1,0.610169,0.135593,-0.0294109,0.114496
1,0.627119,0.135593,0.0360564,-0.0677513
1,0.644068,0.135593,0.102469,-0.0823759
1,0.661017,0.135593,0.165889,0.0558195
1,0.677966,0.135593,0.223341,0.224971
1,0.694915,0.135593,0.273062,0.291936
1,0.711864,0.135593,0.314429,0.227628
1,0.728814,0.135593,0.347658,0.099961
1,0.745763,0.135593,0.373373,-0.0277845
1,0.762712,0.135593,0.392181,-0.125631
1,0.779661,0.135593,0.404325,-0.185663
1,0.79661,0.135593,0.40947,-0.191109
1,0.813559,0.135593,0.406611,-0.126389
1,0.830508,0.135593,0.394113,-0.0100428
1,0.847458,0.135593,0.369855,0.13392
1,0.864407,0.135593,0.331485,0.283738
1,0.881356,0.135593,0.27677,0.344161
1,0.898305,0.135593,0.204055,0.23203
1,0.915254,0.135593,0.11278,-0.046529
1,0.932203,0.135593,0.00398446,-0.443562
1,0.949153,0.135593,-0.119337,-0.886676
1,0.966102,0.135593,-0.252183,-1.34675
1,0.983051,0.135593,-0.387902,-1.73374
1,1,0.135593,-0.518978,-1.91356
1,0,0.152542,0.414925,1.85589
1,0.0169492,0.152542,0.473179,1.51172
1,0.0338983,0.152542,0.533587,0.816307
1,0.0508475,0.152542,0.597056,0.163461
1,0.0677966,0.152542,0.663833,-0.151639
1,0.0847458,0.152542,0.733084,-0.168629
1,0.101695,0.152542,0.802573,0.0292253
1,0.118644,0.152542,0.868556,0.421993
1,0.135593,0.152542,0.926001,0.888487
1,0.152542,0.152542,0.969188,1.26289
1,0.169492,0.152542,0.992649,1.38846
1,0.186441,0.152542,0.992259,1.30806
1,0.20339,0.152542,0.966202,1.15676
1,0.220339,0.152542,0.915498,0.989497
1,0.237288,0.152542,0.843916,0.86018
1,0.254237,0.152542,0.757275,0.853054
1,0.271186,0.152542,0.662352,1.01863
1,0.288136,0.152542,0.565725,1.3176
1,0.305085,0.152542,0.472821,1.58961
1,0.322034,0.152542,0.387374,1.64567
1,0.338983,0.152542,0.311285,1.39306
1,0.355932,0.152542,0.244828,1.01844
1,0.372881,0.152542,0.187051,0.638727
1,0.389831,0.152542,0.136281,0.302342
1,0.40678,0.152542,0.0906097,0.0621436
1,0.423729,0.152542,0.0483442,-0.0742204
1,0.440678,0.152542,0.00835931,-0.151086
1,0.457627,0.152542,-0.029645,-0.172547
1,0.474576,0.152542,-0.0650083,-0.166016
1,0.491525,0.152542,-0.0961125,-0.151977
1,0.508475,0.152542,-0.120549,-0.116146
1,0.525424,0.152542,-0.135469,-0.0150955
1,0.542373,0.152542,-0.138096,0.174448
1,0.559322,0.152542,-0.126343,0.385005
1,0.576271,0.152542,-0.0993853,0.48563
1,0.59322,0.152542,-0.0580276,0.33051
1,0.610169,0.152542,-0.00471548,0.0286757
1,0.627119,0.152542,0.0568446,-0.231751
1,0.644068,0.152542,0.122366,-0.295295
1,0.661017,0.152542,0.187755,-0.187921
1,0.677966,0.152542,0.24975,-0.0448991
1,0.694915,0.152542,0.30626,-0.0219614
1,0.711864,0.152542,0.356368,-0.130503
1,0.728814,0.152542,0.400048,-0.27639
1,0.745763,0.152542,0.437757,-0.405294
1,0.762712,0.152542,0.469993,-0.497944
1,0.779661,0.152542,0.496941,-0.551522
1,0.79661,0.152542,0.518239,-0.532649
1,0.813559,0.152542,0.532865,-0.423529
1,0.830508,0.152542,0.539128,-0.264221
1,0.847458,0.152542,0.534747,-0.0675778
1,0.864407,0.152542,0.517004,0.160051
1,0.881356,0.152542,0.483013,0.301585
1,0.898305,0.152542,0.430107,0.315185
1,0.915254,0.152542,0.356369,0.22967
1,0.932203,0.152542,0.261252,0.0347798
1,0.949153,0.152542,0.146157,-0.290197
1,0.966102,0.152542,0.0147877,-0.802585
1,0.983051,0.152542,-0.126925,-1.29553
1,1,0.152542,-0.271412,-1.54237
1,0,0.169492,0.378391,2.12608
1,0.0169492,0.169492,0.428806,1.75522
1,0.0338983,0.169492,0.482004,1.02036
1,0.0508475,0.169492,0.539721,0.327323
1,0.0677966,0.169492,0.603014,-0.0369364
1,0.0847458,0.169492,0.671774,-0.114878
1,0.101695,0.169492,0.744314,0.0201808
1,0.118644,0.169492,0.817168,0.331112
1,0.135593,0.169492,0.885223,0.692245
1,0.152542,0.169492,0.94228,0.964646
1,0.169492,0.169492,0.982023,1.03266
1,0.186441,0.169492,0.999244,0.96965
1,0.20339,0.169492,0.990985,0.852234
1,0.220339,0.169492,0.957278,0.706549
1,0.237288,0.169492,0.901193,0.598256
1,0.254237,0.169492,0.828196,0.603508
1,0.271186,0.169492,0.745018,0.77192
1,0.288136,0.169492,0.65838,1.0521
1,0.305085,0.169492,0.573936,1.31434
1,0.322034,0.169492,0.49562,1.38821
1,0.338983,0.169492,0.425462,1.27649
1,0.355932,0.169492,0.363769,1.07965
1,0.372881,0.169492,0.309541,0.849851
1,0.389831,0.169492,0.26099,0.631618
1,0.40678,0.169492,0.216057,0.470747
1,0.423729,0.169492,0.172872,0.37383
1,0.440678,0.169492,0.13012,0.329236
1,0.457627,0.169492,0.0873113,0.322678
1,0.474576,0.169492,0.0449388,0.305483
1,0.491525,0.169492,0.00452648,0.242085
1,0.508475,0.169492,-0.0314653,0.168191
1,0.525424,0.169492,-0.0599073,0.159019
1,0.542373,0.169492,-0.0774592,0.258364
1,0.559322,0.169492,-0.0811842,0.396192
1,0.576271,0.169492,-0.0692062,0.424813
1,0.59322,0.169492,-0.0412286,0.216834
1,0.610169,0.169492,0.00127007,-0.117145
1,0.627119,0.169492,0.0552635,-0.415148
1,0.644068,0.169492,0.116781,-0.544912
1,0.661017,0.169492,0.181695,-0.536641
1,0.677966,0.169492,0.246447,-0.488284
1,0.694915,0.169492,0.308503,-0.51397
1,0.711864,0.169492,0.366466,-0.586506
1,0.728814,0.169492,0.419886,-0.667932
1,0.745763,0.169492,0.468897,-0.742377
1,0.762712,0.169492,0.513808,-0.810883
1,0.779661,0.169492,0.55477,-0.841293
1,0.79661,0.169492,0.591533,-0.774547
1,0.813559,0.169492,0.623323,-0.6021
1,0.830508,0.169492,0.648773,-0.362224
1,0.847458,0.169492,0.665904,-0.0687156
1,0.864407,0.169492,0.672141,0.216774
1,0.881356,0.169492,0.664402,0.420431
1,0.898305,0.169492,0.639333,0.533093
1,0.915254,0.169492,0.593737,0.55488
1,0.932203,0.169492,0.525223,0.460092
1,0.949153,0.169492,0.432981,0.193026
1,0.966102,0.169492,0.318469,-0.256387
1,0.983051,0.169492,0.185775,-0.688255
1,1,0.169492,0.0414159,-0.874573
1,0,0.186441,0.324154,2.04565
1,0.0169492,0.186441,0.365192,1.7311
1,0.0338983,0.186441,0.409595,1.07592
1,0.0508475,0.186441,0.459938,0.450683
1,0.0677966,0.186441,0.51811,0.100814
1,0.0847458,0.186441,0.584779,0.00942977
1,0.101695,0.186441,0.658903,0.0894484
1,0.118644,0.186441,0.737435,0.260864
1,0.135593,0.186441,0.815352,0.427308
1,0.152542,0.186441,0.886136,0.514822
1,0.169492,0.186441,0.942735,0.510604
1,0.186441,0.186441,0.97887,0.461087
1,0.20339,0.186441,0.990358,0.375039
1,0.220339,0.186441,0.976058,0.269025
1,0.237288,0.186441,0.93811,0.199969
1,0.254237,0.186441,0.881396,0.226423
1,0.271186,0.186441,0.812396,0.371241
1,0.288136,0.186441,0.737845,0.588885
1,0.305085,0.186441,0.663552,0.797084
1,0.322034,0.186441,0.593654,0.92301
1,0.338983,0.186441,0.530352,0.988456
1,0.355932,0.186441,0.474071,0.992025
1,0.372881,0.186441,0.423867,0.931519
1,0.389831,0.186441,0.377964,0.837293
1,0.40678,0.186441,0.334276,0.752328
1,0.423729,0.186441,0.290869,0.711401
1,0.440678,0.186441,0.246317,0.739006
1,0.457627,0.186441,0.19995,0.789868
1,0.474576,0.186441,0.152022,0.778375
1,0.491525,0.186441,0.103794,0.634095
1,0.508475,0.186441,0.0575252,0.430471
1,0.525424,0.186441,0.0163224,0.287996
1,0.542373,0.186441,-0.0161978,0.284605
1,0.559322,0.186441,-0.0364571,0.332662
1,0.576271,0.186441,-0.0415972,0.281253
1,0.59322,0.186441,-0.0301306,0.053647
1,0.610169,0.186441,-0.00234206,-0.278384
1,0.627119,0.186441,0.0397227,-0.598256
1,0.644068,0.186441,0.0927038,-0.826478
1,0.661017,0.186441,0.152662,-0.963722
1,0.677966,0.186441,0.215852,-1.04144
1,0.694915,0.186441,0.279294,-1.07396
1,0.711864,0.186441,0.341029,-1.05015
1,0.728814,0.186441,0.40005,-1.0153
1,0.745763,0.186441,0.456042,-1.01257
1,0.762712,0.186441,0.509049,-1.04564
1,0.779661,0.186441,0.559181,-1.03859
1,0.79661,0.186441,0.606416,-0.912808
1,0.813559,0.186441,0.650461,-0.64681
1,0.830508,0.186441,0.690649,-0.294201
1,0.847458,0.186441,0.725817,0.0811547
1,0.864407,0.186441,0.754156,0.401528
1,0.881356,0.186441,0.77308,0.641441
1,0.898305,0.186441,0.779219,0.79561
1,0.915254,0.186441,0.768635,0.840443
1,0.932203,0.186441,0.737364,0.7643
1,0.949153,0.186441,0.682254,0.552621
1,0.966102,0.186441,0.601942,0.241326
1,0.983051,0.186441,0.497676,-0.0233951
1,1,0.186441,0.373655,-0.100467
1,0,0.20339,0.253978,1.77935
1,0.0169492,0.20339,0.284593,1.50671
1,0.0338983,0.20339,0.319115,0.964859
1,0.0508475,0.20339,0.360916,0.459201
1,0.0677966,0.20339,0.412683,0.202595
1,0.0847458,0.20339,0.475847,0.153319
1,0.101695,0.20339,0.550049,0.197543
1,0.118644,0.20339,0.632762,0.231853
1,0.135593,0.20339,0.719203,0.195618
1,0.152542,0.20339,0.80271,0.0936902
1,0.169492,0.20339,0.875651,0.00563117
1,0.186441,0.20339,0.930764,-0.0560907
1,0.20339,0.20339,0.962631,-0.138455
1,0.220339,0.20339,0.96884,-0.22787
1,0.237288,0.20339,0.950439,-0.277565
1,0.254237,0.20339,0.911531,-0.246861
1,0.271186,0.20339,0.858179,-0.130589
1,0.288136,0.20339,0.796999,0.0390291
1,0.305085,0.20339,0.733882,0.234135
1,0.322034,0.20339,0.673143,0.445524
1,0.338983,0.20339,0.617184,0.692403
1,0.355932,0.20339,0.566614,0.877446
1,0.372881,0.20339,0.520655,0.967757
1,0.389831,0.20339,0.477674,0.980447
1,0.40678,0.20339,0.435715,0.96233
1,0.423729,0.20339,0.392936,0.977517
1,0.440678,0.20339,0.347927,1.08268
1,0.457627,0.20339,0.299918,1.19461
1,0.474576,0.20339,0.248915,1.19836
1,0.491525,0.20339,0.195795,0.978383
1,0.508475,0.20339,0.142379,0.667768
1,0.525424,0.20339,0.0914183,0.414198
1,0.542373,0.20339,0.0464145,0.338399
1,0.559322,0.20339,0.0112141,0.30822
1,0.576271,0.20339,-0.0106257,0.185705
1,0.59322,0.20339,-0.0165602,-0.0739034
1,0.610169,0.20339,-0.00564798,-0.423428
1,0.627119,0.20339,0.021216,-0.781126
1,0.644068,0.20339,0.0615286,-1.10157
1,0.661017,0.20339,0.111787,-1.35628
1,0.677966,0.20339,0.168253,-1.51971
1,0.694915,0.20339,0.227612,-1.5312
1,0.711864,0.20339,0.287362,-1.4135
1,0.728814,0.20339,0.345901,-1.28894
1,0.745763,0.20339,0.402394,-1.23183
1,0.762712,0.20339,0.456551,-1.23319
1,0.779661,0.20339,0.508414,-1.17364
1,0.79661,0.20339,0.558219,-0.970604
1,0.813559,0.20339,0.606279,-0.601761
1,0.830508,0.20339,0.652859,-0.161433
1,0.847458,0.20339,0.697973,0.262517
1,0.864407,0.20339,0.741091,0.591366
1,0.881356,0.20339,0.78079,0.845379
1,0.898305,0.20339,0.81448,1.00699
1,0.915254,0.20339,0.838332,1.03544
1,0.932203,0.20339,0.847581,0.954028
1,0.949153,0.20339,0.837261,0.787038
1,0.966102,0.20339,0.803295,0.58843
1,0.983051,0.20339,0.743688,0.465617
1,1,0.20339,0.65943,0.464942
1,0,0.220339,0.170238,1.27162
1,0.0169492,0.220339,0.19001,1.07066
1,0.0338983,0.220339,0.214205,0.704708
1,0.0508475,0.220339,0.246911,0.387473
1,0.0677966,0.220339,0.291522,0.270267
1,0.0847458,0.220339,0.350161,0.290719
1,0.101695,0.220339,0.423129,0.330436
1,0.118644,0.220339,0.508462,0.272305
1,0.135593,0.220339,0.601739,0.0893825
1,0.152542,0.220339,0.696325,-0.146671
1,0.169492,0.220339,0.784182,-0.31666
1,0.186441,0.220339,0.857204,-0.450951
1,0.20339,0.220339,0.908805,-0.583823
1,0.220339,0.220339,0.935283,-0.701314
1,0.237288,0.220339,0.936502,-0.770476
1,0.254237,0.220339,0.915663,-0.758255
1,0.271186,0.220339,0.878276,-0.657997
1,0.288136,0.220339,0.830725,-0.463841
1,0.305085,0.220339,0.778906,-0.195499
1,0.322034,0.220339,0.727278,0.154907
1,0.338983,0.220339,0.678452,0.528863
1,0.355932,0.220339,0.633271,0.833458
1,0.372881,0.220339,0.591212,1.03066
1,0.389831,0.220339,0.550918,1.12516
1,0.40678,0.220339,0.510719,1.16593
1,0.423729,0.220339,0.46904,1.23195
1,0.440678,0.220339,0.424657,1.36089
1,0.457627,0.220339,0.376831,1.47461
1,0.474576,0.220339,0.325382,1.45938
1,0.491525,0.220339,0.27078,1.23135
1,0.508475,0.220339,0.214266,0.916507
1,0.525424,0.220339,0.157967,0.64783
1,0.542373,0.220339,0.104906,0.520893
1,0.559322,0.220339,0.058776,0.408333
1,0.576271,0.220339,0.0234264,0.207742
1,0.59322,0.220339,0.00213832,-0.116329
1,0.610169,0.220339,-0.00310113,-0.525961
1,0.627119,0.220339,0.00793736,-0.942973
1,0.644068,0.220339,0.0337087,-1.30954
1,0.661017,0.220339,0.071323,-1.57729
1,0.677966,0.220339,0.117241,-1.72838
1,0.694915,0.220339,0.167977,-1.70719
1,0.711864,0.220339,0.2206,-1.60477
1,0.728814,0.220339,0.272965,-1.50595
1,0.745763,0.220339,0.323726,-1.46152
1,0.762712,0.220339,0.372236,-1.39814
1,0.779661,0.220339,0.418439,-1.23859
1,0.79661,0.220339,0.462794,-0.930903
1,0.813559,0.220339,0.506209,-0.51593
1,0.830508,0.220339,0.549902,-0.0658878
1,0.847458,0.220339,0.595158,0.340882
1,0.864407,0.220339,0.642927,0.673905
1,0.881356,0.220339,0.693326,0.937595
1,0.898305,0.220339,0.745133,1.09217
1,0.915254,0.220339,0.795438,1.10779
1,0.932203,0.220339,0.839634,1.01653
1,0.949153,0.220339,0.871898,0.858623
1,0.966102,0.220339,0.886201,0.693845
1,0.983051,0.220339,0.877668,0.597012
1,1,0.220339,0.843922,0.575195
1,0,0.237288,0.07583,0.587963
1,0.0169492,0.237288,0.0850387,0.496852
1,0.0338983,0.237288,0.0991841,0.347172
1,0.0508475,0.237288,0.122952,0.244431
1,0.0677966,0.237288,0.160304,0.267253
1,0.0847458,0.237288,0.213934,0.373507
1,0.101695,0.237288,0.284729,0.449829
1,0.118644,0.237288,0.371285,0.355002
1,0.135593,0.237288,0.469621,0.0928058
1,0.152542,0.237288,0.573273,-0.214735
1,0.169492,0.237288,0.673978,-0.479141
1,0.186441,0.237288,0.762954,-0.712275
1,0.20339,0.237288,0.832564,-0.922352
1,0.220339,0.237288,0.877867,-1.09753
1,0.237288,0.237288,0.897531,-1.21247
1,0.254237,0.237288,0.893792,-1.22839
1,0.271186,0.237288,0.871525,-1.10334
1,0.288136,0.237288,0.836803,-0.809588
1,0.305085,0.237288,0.795461,-0.402888
1,0.322034,0.237288,0.75206,0.0597455
1,0.338983,0.237288,0.70941,0.504261
1,0.355932,0.237288,0.668619,0.874439
1,0.372881,0.237288,0.629483,1.13813
1,0.389831,0.237288,0.591027,1.28643
1,0.40678,0.237288,0.552003,1.37
1,0.423729,0.237288,0.511256,1.4521
1,0.440678,0.237288,0.467906,1.54792
1,0.457627,0.237288,0.421385,1.60996
1,0.474576,0.237288,0.371445,1.56962
1,0.491525,0.237288,0.318203,1.40236
1,0.508475,0.237288,0.262299,1.1764
1,0.525424,0.237288,0.205124,0.968622
1,0.542373,0.237288,0.14899,0.804561
1,0.559322,0.237288,0.0971112,0.619571
1,0.576271,0.237288,0.0532419,0.349254
1,0.59322,0.237288,0.0210152,-0.0538071
1,0.610169,0.237288,0.00314236,-0.547856
1,0.627119,0.237288,0.000766201,-1.02516
1,0.644068,0.237288,0.0132148,-1.36344
1,0.661017,0.237288,0.0382375,-1.53575
1,0.677966,0.237288,0.0725979,-1.60362
1,0.694915,0.237288,0.112776,-1.61792
1,0.711864,0.237288,0.155553,-1.64388
1,0.728814,0.237288,0.198362,-1.67265
1,0.745763,0.237288,0.23943,-1.65227
1,0.762712,0.237288,0.2778,-1.498
1,0.779661,0.237288,0.313324,-1.21611
1,0.79661,0.237288,0.346649,-0.846594
1,0.813559,0.237288,0.379185,-0.454908
1,0.830508,0.237288,0.412975,-0.0643652
1,0.847458,0.237288,0.450421,0.302695
1,0.864407,0.237288,0.493837,0.635072
1,0.881356,0.237288,0.544865,0.9046
1,0.898305,0.237288,0.60384,1.06276
1,0.915254,0.237288,0.669219,1.07857
1,0.932203,0.237288,0.737292,0.978928
1,0.949153,0.237288,0.802336,0.805283
1,0.966102,0.237288,0.857382,0.611472
1,0.983051,0.237288,0.895536,0.440166
1,1,0.237288,0.911566,0.335361
1,0,0.254237,-0.0259399,-0.0810964
1,0.0169492,0.254237,-0.0263026,-0.0724104
1,0.0338983,0.254237,-0.0212008,-0.0515407
1,0.0508475,0.254237,-0.00550056,0.00334524
1,0.0677966,0.254237,0.0251623,0.131225
1,0.0847458,0.254237,0.0738948,0.31478
1,0.101695,0.254237,0.142053,0.447464
1,0.118644,0.254237,0.228752,0.340848
1,0.135593,0.254237,0.330489,0.0532912
1,0.152542,0.254237,0.441088,-0.267647
1,0.169492,0.254237,0.55222,-0.57961
1,0.186441,0.254237,0.654606,-0.880615
1,0.20339,0.254237,0.739706,-1.15192
1,0.220339,0.254237,0.801446,-1.37575
1,0.237288,0.254237,0.837349,-1.52377
1,0.254237,0.254237,0.848697,-1.54418
1,0.271186,0.254237,0.839708,-1.36107
1,0.288136,0.254237,0.816104,-0.945277
1,0.305085,0.254237,0.783617,-0.43048
1,0.322034,0.254237,0.746875,0.0928663
1,0.338983,0.254237,0.708871,0.558866
1,0.355932,0.254237,0.670984,0.952743
1,0.372881,0.254237,0.633369,1.24496
1,0.389831,0.254237,0.595494,1.41297
1,0.40678,0.254237,0.556616,1.51334
1,0.423729,0.254237,0.516098,1.58579
1,0.440678,0.254237,0.473497,1.63279
1,0.457627,0.254237,0.428523,1.63992
1,0.474576,0.254237,0.380955,1.5909
1,0.491525,0.254237,0.330658,1.49879
1,0.508475,0.254237,0.277753,1.37977
1,0.525424,0.254237,0.222927,1.24766
1,0.542373,0.254237,0.167752,1.07555
1,0.559322,0.254237,0.114827,0.857492
1,0.576271,0.254237,0.0675846,0.557791
1,0.59322,0.254237,0.0297001,0.107791
1,0.610169,0.254237,0.00427133,-0.432701
1,0.627119,0.254237,-0.00696037,-0.922478
1,0.644068,0.254237,-0.00403775,-1.17255
1,0.661017,0.254237,0.0112814,-1.22229
1,0.677966,0.254237,0.036018,-1.24211
1,0.694915,0.254237,0.0666594,-1.34469
1,0.711864,0.254237,0.0997961,-1.54146
1,0.728814,0.254237,0.132567,-1.71206
1,0.745763,0.254237,0.162907,-1.72161
1,0.762712,0.254237,0.189662,-1.49582
1,0.779661,0.254237,0.212659,-1.14864
1,0.79661,0.254237,0.232745,-0.777084
1,0.813559,0.254237,0.251763,-0.450762
1,0.830508,0.254237,0.272418,-0.127867
1,0.847458,0.254237,0.297983,0.198452
1,0.864407,0.254237,0.331836,0.522406
1,0.881356,0.254237,0.376867,0.792463
1,0.898305,0.254237,0.434789,0.962143
1,0.915254,0.254237,0.505462,0.995102
1,0.932203,0.254237,0.586373,0.917944
1,0.949153,0.254237,0.672493,0.754151
1,0.966102,0.254237,0.756722,0.541583
1,0.983051,0.254237,0.831035,0.289268
1,1,0.254237,0.888119,0.115709
1,0,0.271186,-0.131482,-0.561336
1,0.0169492,0.271186,-0.139771,-0.509504
1,0.0338983,0.271186,-0.14205,-0.426774
1,0.0508475,0.271186,-0.132905,-0.322735
1,0.0677966,0.271186,-0.107756,-0.177331
1,0.0847458,0.271186,-0.0632579,0.00668179
1,0.101695,0.271186,0.00228043,0.13421
1,0.118644,0.271186,0.0884233,0.0363595
1,0.135593,0.271186,0.192152,-0.16321
1,0.152542,0.271186,0.307659,-0.396041
1,0.169492,0.271186,0.426686,-0.674223
1,0.186441,0.271186,0.539616,-0.980754
1,0.20339,0.271186,0.637176,-1.27166
1,0.220339,0.271186,0.7123,-1.50293
1,0.237288,0.271186,0.761479,-1.61977
1,0.254237,0.271186,0.785116,-1.57947
1,0.271186,0.271186,0.786813,-1.29936
1,0.288136,0.271186,0.771952,-0.839578
1,0.305085,0.271186,0.746153,-0.317728
1,0.322034,0.271186,0.71409,0.180278
1,0.338983,0.271186,0.678921,0.618334
1,0.355932,0.271186,0.642292,0.991029
1,0.372881,0.271186,0.604721,1.2672
1,0.389831,0.271186,0.566133,1.43973
1,0.40678,0.271186,0.526312,1.54776
1,0.423729,0.271186,0.485143,1.60572
1,0.440678,0.271186,0.442634,1.61236
1,0.457627,0.271186,0.398786,1.58166
1,0.474576,0.271186,0.353446,1.53566
1,0.491525,0.271186,0.306307,1.49761
1,0.508475,0.271186,0.257097,1.45516
1,0.525424,0.271186,0.205957,1.38104
1,0.542373,0.271186,0.153862,1.22755
1,0.559322,0.271186,0.102895,1.01825
1,0.576271,0.271186,0.056154,0.736968
1,0.59322,0.271186,0.0172287,0.33321
1,0.610169,0.271186,-0.0106426,-0.116701
1,0.627119,0.271186,-0.0254418,-0.492974
1,0.644068,0.271186,-0.026922,-0.626604
1,0.661017,0.271186,-0.0166435,-0.66786
1,0.677966,0.271186,0.00246639,-0.754326
1,0.694915,0.271186,0.0268059,-0.991135
1,0.711864,0.271186,0.0527832,-1.29875
1,0.728814,0.271186,0.0773301,-1.54399
1,0.745763,0.271186,0.0982212,-1.5584
1,0.762712,0.271186,0.114257,-1.37307
1,0.779661,0.271186,0.125374,-1.08593
1,0.79661,0.271186,0.1327,-0.798062
1,0.813559,0.271186,0.138522,-0.515281
1,0.830508,0.271186,0.146114,-0.215698
1,0.847458,0.271186,0.159418,0.0935292
1,0.864407,0.271186,0.182586,0.384111
1,0.881356,0.271186,0.219403,0.623428
1,0.898305,0.271186,0.272625,0.793711
1,0.915254,0.271186,0.343266,0.889251
1,0.932203,0.271186,0.429933,0.913117
1,0.949153,0.271186,0.528429,0.847966
1,0.966102,0.271186,0.631899,0.687129
1,0.983051,0.271186,0.731734,0.447451
1,1,0.271186,0.819183,0.302991
1,0,0.288136,-0.23706,-0.805246
1,0.0169492,0.288136,-0.251097,-0.773355
1,0.0338983,0.288136,-0.258574,-0.727926
1,0.0508475,0.288136,-0.253976,-0.679223
1,0.0677966,0.288136,-0.232699,-0.615524
1,0.0847458,0.288136,-0.191337,-0.538697
1,0.101695,0.288136,-0.128,-0.494159
1,0.118644,0.288136,-0.0427593,-0.498594
1,0.135593,0.288136,0.061834,-0.503182
1,0.152542,0.288136,0.180383,-0.558763
1,0.169492,0.288136,0.304802,-0.724282
1,0.186441,0.288136,0.425279,-0.984565
1,0.20339,0.288136,0.531969,-1.2554
1,0.220339,0.288136,0.616988,-1.42915
1,0.237288,0.288136,0.675957,-1.4301
1,0.254237,0.288136,0.70854,-1.26653
1,0.271186,0.288136,0.717825,-0.950169
1,0.288136,0.288136,0.708919,-0.546001
1,0.305085,0.288136,0.687351,-0.117819
1,0.322034,0.288136,0.657843,0.286832
1,0.338983,0.288136,0.623702,0.644602
1,0.355932,0.288136,0.58682,0.947821
1,0.372881,0.288136,0.548057,1.1819
1,0.389831,0.288136,0.507766,1.34983
1,0.40678,0.288136,0.466204,1.45906
1,0.423729,0.288136,0.423709,1.50279
1,0.440678,0.288136,0.38065,1.47506
1,0.457627,0.288136,0.337234,1.41774
1,0.474576,0.288136,0.293337,1.37666
1,0.491525,0.288136,0.248512,1.36803
1,0.508475,0.288136,0.20222,1.37161
1,0.525424,0.288136,0.154278,1.34124
1,0.542373,0.288136,0.105351,1.22941
1,0.559322,0.288136,0.0572868,1.05442
1,0.576271,0.288136,0.0130668,0.834862
1,0.59322,0.288136,-0.0237305,0.601062
1,0.610169,0.288136,-0.0498299,0.394574
1,0.627119,0.288136,-0.0632081,0.245837
1,0.644068,0.288136,-0.0637096,0.142229
1,0.661017,0.288136,-0.0531026,-0.0185511
1,0.677966,0.288136,-0.0346079,-0.256447
1,0.694915,0.288136,-0.0121457,-0.570803
1,0.711864,0.288136,0.0104137,-0.889689
1,0.728814,0.288136,0.029819,-1.13174
1,0.745763,0.288136,0.0437965,-1.22329
1,0.762712,0.288136,0.0512602,-1.1906
1,0.779661,0.288136,0.0524297,-1.06863
1,0.79661,0.288136,0.0488666,-0.875703
1,0.813559,0.288136,0.0433936,-0.595378
1,0.830508,0.288136,0.039868,-0.274554
1,0.847458,0.288136,0.0428176,0.019573
1,0.864407,0.288136,0.0569774,0.240095
1,0.881356,0.288136,0.0867569,0.406201
1,0.898305,0.288136,0.135628,0.56888
1,0.915254,0.288136,0.205417,0.772861
1,0.932203,0.288136,0.295555,0.972889
1,0.949153,0.288136,0.402478,1.08425
1,0.966102,0.288136,0.519519,1.03932
1,0.983051,0.288136,0.637606,0.914615
1,1,0.288136,0.746843,0.875541
1,0,0.305085,-0.338937,-0.887368
1,0.0169492,0.305085,-0.356176,-0.890167
1,0.0338983,0.305085,-0.36633,-0.91485
1,0.0508475,0.305085,-0.363967,-0.964589
1,0.0677966,0.305085,-0.34464,-1.02526
1,0.0847458,0.305085,-0.305044,-1.09196
1,0.101695,0.305085,-0.243223,-1.12499
1,0.118644,0.305085,-0.158966,-1.00405
1,0.135593,0.305085,-0.0543989,-0.777326
1,0.152542,0.305085,0.0655046,-0.619546
1,0.169492,0.305085,0.192893,-0.639801
1,0.186441,0.305085,0.317867,-0.823648
1,0.20339,0.305085,0.430171,-1.03734
1,0.220339,0.305085,0.521296,-1.10557
1,0.237288,0.305085,0.586203,-0.958945
1,0.254237,0.305085,0.624014,-0.708762
1,0.271186,0.305085,0.637469,-0.42057
1,0.288136,0.305085,0.631503,-0.13841
1,0.305085,0.305085,0.611612,0.138564
1,0.322034,0.305085,0.582575,0.402048
1,0.338983,0.305085,0.547834,0.640455
1,0.355932,0.305085,0.509491,0.849776
1,0.372881,0.305085,0.468706,1.02275
1,0.389831,0.305085,0.426187,1.1626
1,0.40678,0.305085,0.382558,1.25004
1,0.423729,0.305085,0.338469,1.26475
1,0.440678,0.305085,0.294482,1.19228
1,0.457627,0.305085,0.250848,1.10992
1,0.474576,0.305085,0.20736,1.07317
1,0.491525,0.305085,0.163413,1.09163
1,0.508475,0.305085,0.118317,1.14282
1,0.525424,0.305085,0.0718177,1.17241
1,0.542373,0.305085,0.0246429,1.11929
1,0.559322,0.305085,-0.0211634,1.00353
1,0.576271,0.305085,-0.0623501,0.883206
1,0.59322,0.305085,-0.0951087,0.858187
1,0.610169,0.305085,-0.11611,0.914576
1,0.627119,0.305085,-0.123552,0.964606
1,0.644068,0.305085,-0.117781,0.847907
1,0.661017,0.305085,-0.101265,0.557017
1,0.677966,0.305085,-0.0779698,0.22209
1,0.694915,0.305085,-0.0524652,-0.10004
1,0.711864,0.305085,-0.0290705,-0.37908
1,0.728814,0.305085,-0.0112429,-0.622636
1,0.745763,0.305085,-0.00121256,-0.818463
1,0.762712,0.305085,0.00021058,-0.965872
1,0.779661,0.305085,-0.00627602,-1.01831
1,0.79661,0.305085,-0.0184851,-0.911037
1,0.813559,0.305085,-0.0328969,-0.618793
1,0.830508,0.305085,-0.0449706,-0.280139
1,0.847458,0.305085,-0.0495715,-0.0177331
1,0.864407,0.305085,-0.0414476,0.107421
1,0.881356,0.305085,-0.015726,0.180827
1,0.898305,0.305085,0.0315298,0.32278
1,0.915254,0.305085,0.102629,0.630262
1,0.932203,0.305085,0.197432,0.994114
1,0.949153,0.305085,0.312598,1.2702
1,0.966102,0.305085,0.441281,1.32946
1,0.983051,0.305085,0.573715,1.33068
1,1,0.305085,0.698833,1.37246
1,0,0.322034,-0.433513,-0.848041
1,0.0169492,0.322034,-0.451238,-0.871865
1,0.0338983,0.322034,-0.461416,-0.943772
1,0.0508475,0.322034,-0.458875,-1.06793
1,0.0677966,0.322034,-0.439492,-1.22925
1,0.0847458,0.322034,-0.400205,-1.40387
1,0.101695,0.322034,-0.339099,-1.46715
1,0.118644,0.322034,-0.255767,-1.2185
1,0.135593,0.322034,-0.151965,-0.823882
1,0.152542,0.322034,-0.032272,-0.490513
1,0.169492,0.322034,0.0957141,-0.369209
1,0.186441,0.322034,0.222087,-0.430036
1,0.20339,0.322034,0.336332,-0.526975
1,0.220339,0.322034,0.429528,-0.444942
1,0.237288,0.322034,0.496236,-0.227585
1,0.254237,0.322034,0.535293,0.0117109
1,0.271186,0.322034,0.549299,0.19447
1,0.288136,0.322034,0.543165,0.311372
1,0.305085,0.322034,0.52242,0.402581
1,0.322034,0.322034,0.49191,0.497016
1,0.338983,0.322034,0.455183,0.608878
1,0.355932,0.322034,0.414509,0.726253
1,0.372881,0.322034,0.371272,0.828633
1,0.389831,0.322034,0.326441,0.897237
1,0.40678,0.322034,0.280865,0.910663
1,0.423729,0.322034,0.23532,0.854694
1,0.440678,0.322034,0.190346,0.734865
1,0.457627,0.322034,0.146035,0.637925
1,0.474576,0.322034,0.101947,0.613088
1,0.491525,0.322034,0.0572786,0.670939
1,0.508475,0.322034,0.0113027,0.786094
1,0.525424,0.322034,-0.0360229,0.896015
1,0.542373,0.322034,-0.0834745,0.934735
1,0.559322,0.322034,-0.128293,0.922266
1,0.576271,0.322034,-0.166466,0.922462
1,0.59322,0.322034,-0.19363,1.04671
1,0.610169,0.322034,-0.206344,1.22329
1,0.627119,0.322034,-0.203266,1.33774
1,0.644068,0.322034,-0.185724,1.1793
1,0.661017,0.322034,-0.157453,0.907372
1,0.677966,0.322034,-0.123693,0.630174
1,0.694915,0.322034,-0.0900323,0.395013
1,0.711864,0.322034,-0.0614273,0.150863
1,0.728814,0.322034,-0.0415591,-0.118317
1,0.745763,0.322034,-0.0325128,-0.415134
1,0.762712,0.322034,-0.0346486,-0.693151
1,0.779661,0.322034,-0.0465858,-0.860377
1,0.79661,0.322034,-0.0653029,-0.796957
1,0.813559,0.322034,-0.0863954,-0.532663
1,0.830508,0.322034,-0.104493,-0.22963
1,0.847458,0.322034,-0.113771,-0.0361813
1,0.864407,0.322034,-0.108453,0.00749075
1,0.881356,0.322034,-0.0832934,0.00956408
1,0.898305,0.322034,-0.0340957,0.124085
1,0.915254,0.322034,0.0415985,0.436156
1,0.932203,0.322034,0.143619,0.822531
1,0.949153,0.322034,0.26829,1.1272
1,0.966102,0.322034,0.408026,1.2395
1,0.983051,0.322034,0.551929,1.32502
1,1,0.322034,0.687593,1.39374
1,0,0.338983,-0.517468,-0.706401
1,0.0169492,0.338983,-0.532988,-0.726475
1,0.0338983,0.338983,-0.540608,-0.79884
1,0.0508475,0.338983,-0.535576,-0.942013
1,0.0677966,0.338983,-0.514234,-1.15722
1,0.0847458,0.338983,-0.473871,-1.37094
1,0.101695,0.338983,-0.412706,-1.40531
1,0.118644,0.338983,-0.330219,-1.12076
1,0.135593,0.338983,-0.22787,-0.645379
1,0.152542,0.338983,-0.109908,-0.186975
1,0.169492,0.338983,0.0162994,0.0998415
1,0.186441,0.338983,0.140889,0.218778
1,0.20339,0.338983,0.253232,0.300488
1,0.220339,0.338983,0.344245,0.460011
1,0.237288,0.338983,0.408391,0.648844
1,0.254237,0.338983,0.444535,0.792195
1,0.271186,0.338983,0.455391,0.826997
1,0.288136,0.338983,0.446001,0.749192
1,0.305085,0.338983,0.421992,0.629453
1,0.322034,0.338983,0.388267,0.548346
1,0.338983,0.338983,0.348431,0.549951
1,0.355932,0.338983,0.30485,0.593709
1,0.372881,0.338983,0.259049,0.614494
1,0.389831,0.338983,0.21214,0.562507
1,0.40678,0.338983,0.165045,0.445233
1,0.423729,0.338983,0.118468,0.289035
1,0.440678,0.338983,0.0727047,0.135503
1,0.457627,0.338983,0.0274801,0.036515
1,0.474576,0.338983,-0.0180204,0.0296721
1,0.491525,0.338983,-0.0648196,0.13996
1,0.508475,0.338983,-0.113547,0.330711
1,0.525424,0.338983,-0.163712,0.534515
1,0.542373,0.338983,-0.213118,0.70624
1,0.559322,0.338983,-0.25773,0.841969
1,0.576271,0.338983,-0.29227,0.964385
1,0.59322,0.338983,-0.311513,1.08381
1,0.610169,0.338983,-0.311924,1.16815
1,0.627119,0.338983,-0.292975,1.18211
1,0.644068,0.338983,-0.257551,1.10108
1,0.661017,0.338983,-0.211309,1.03035
1,0.677966,0.338983,-0.161294,0.961056
1,0.694915,0.338983,-0.11445,0.835049
1,0.711864,0.338983,-0.0764807,0.598747
1,0.728814,0.338983,-0.0512333,0.288928
1,0.745763,0.338983,-0.0404904,-0.0557867
1,0.762712,0.338983,-0.0439643,-0.377343
1,0.779661,0.338983,-0.0593878,-0.57084
1,0.79661,0.338983,-0.0827154,-0.552057
1,0.813559,0.338983,-0.108491,-0.365102
1,0.830508,0.338983,-0.130385,-0.146888
1,0.847458,0.338983,-0.141801,-0.0223537
1,0.864407,0.338983,-0.13644,-0.020649
1,0.881356,0.338983,-0.108785,-0.0559085
1,0.898305,0.338983,-0.0546176,-0.0100047
1,0.915254,0.338983,0.0282659,0.16221
1,0.932203,0.338983,0.139102,0.387533
1,0.949153,0.338983,0.273218,0.573007
1,0.966102,0.338983,0.421654,0.698486
1,0.983051,0.338983,0.571949,0.809098
1,1,0.338983,0.710321,0.852278
1,0,0.355932,-0.58789,-0.47389
1,0.0169492,0.355932,-0.598724,-0.478282
1,0.0338983,0.355932,-0.60145,-0.529121
1,0.0508475,0.355932,-0.591882,-0.663174
1,0.0677966,0.355932,-0.566928,-0.907145
1,0.0847458,0.355932,-0.524312,-1.13791
1,0.101695,0.355932,-0.462454,-1.16493
1,0.118644,0.355932,-0.3808,-0.862001
1,0.135593,0.355932,-0.280618,-0.326023
1,0.152542,0.355932,-0.165923,0.237263
1,0.169492,0.355932,-0.0439212,0.664398
1,0.186441,0.355932,0.075598,0.942908
1,0.20339,0.355932,0.182044,1.17044
1,0.220339,0.355932,0.266453,1.37088
1,0.237288,0.355932,0.323553,1.50403
1,0.254237,0.355932,0.352587,1.54161
1,0.271186,0.355932,0.356663,1.4215
1,0.288136,0.355932,0.341109,1.13846
1,0.305085,0.355932,0.311682,0.806246
1,0.322034,0.355932,0.273295,0.557607
1,0.338983,0.355932,0.229526,0.462773
1,0.355932,0.355932,0.18274,0.432772
1,0.372881,0.355932,0.134504,0.360759
1,0.389831,0.355932,0.0859603,0.172348
1,0.40678,0.355932,0.0379559,-0.0754381
1,0.423729,0.355932,-0.0090563,-0.318877
1,0.440678,0.355932,-0.0552166,-0.49574
1,0.457627,0.355932,-0.10134,-0.597874
1,0.474576,0.355932,-0.148712,-0.590459
1,0.491525,0.355932,-0.198551,-0.422706
1,0.508475,0.355932,-0.251202,-0.154901
1,0.525424,0.355932,-0.305285,0.142954
1,0.542373,0.355932,-0.357135,0.441562
1,0.559322,0.355932,-0.400913,0.708127
1,0.576271,0.355932,-0.429649,0.899336
1,0.59322,0.355932,-0.437103,0.929126
1,0.610169,0.355932,-0.419852,0.842599
1,0.627119,0.355932,-0.378712,0.756635
1,0.644068,0.355932,-0.318843,0.799979
1,0.661017,0.355932,-0.24848,0.98428
1,0.677966,0.355932,-0.176934,1.13736
1,0.694915,0.355932,-0.112672,1.10202
1,0.711864,0.355932,-0.0620781,0.85662
1,0.728814,0.355932,-0.0289563,0.534951
1,0.745763,0.355932,-0.0145359,0.193294
1,0.762712,0.355932,-0.0176557,-0.11502
1,0.779661,0.355932,-0.0349894,-0.292266
1,0.79661,0.355932,-0.0613459,-0.292396
1,0.813559,0.355932,-0.0901404,-0.160865
1,0.830508,0.355932,-0.114046,-0.00834172
1,0.847458,0.355932,-0.125713,0.063893
1,0.864407,0.355932,-0.118411,0.0255725
1,0.881356,0.355932,-0.0865578,-0.0638415
1,0.898305,0.355932,-0.0262727,-0.13038
1,0.915254,0.355932,0.063874,-0.15015
1,0.932203,0.355932,0.181877,-0.147062
1,0.949153,0.355932,0.321399,-0.130824
1,0.966102,0.355932,0.471608,-0.0490501
1,0.983051,0.355932,0.618375,0.033715
1,1,0.355932,0.746965,0.0539829
1,0,0.372881,-0.642379,-0.174699
1,0.0169492,0.372881,-0.646408,-0.175415
1,0.0338983,0.372881,-0.6423,-0.233328
1,0.0508475,0.372881,-0.626543,-0.37778
1,0.0677966,0.372881,-0.596687,-0.644148
1,0.0847458,0.372881,-0.550933,-0.864804
1,0.101695,0.372881,-0.487954,-0.870845
1,0.118644,0.372881,-0.407243,-0.536949
1,0.135593,0.372881,-0.309999,0.0182589
1,0.152542,0.372881,-0.200141,0.624395
1,0.169492,0.372881,-0.0848045,1.11436
1,0.186441,0.372881,0.0263035,1.51017
1,0.20339,0.372881,0.122802,1.84508
1,0.220339,0.372881,0.196166,2.06894
1,0.237288,0.372881,0.241795,2.17193
1,0.254237,0.372881,0.259706,2.13521
1,0.271186,0.372881,0.253677,1.88517
1,0.288136,0.372881,0.229449,1.44421
1,0.305085,0.372881,0.192893,0.949541
1,0.322034,0.372881,0.148838,0.568172
1,0.338983,0.372881,0.100704,0.352132
1,0.355932,0.372881,0.0507381,0.205565
1,0.372881,0.372881,0.000445863,0.0183776
1,0.389831,0.372881,-0.0491057,-0.264512
1,0.40678,0.372881,-0.0972598,-0.571766
1,0.423729,0.372881,-0.143953,-0.844439
1,0.440678,0.372881,-0.189904,-1.03203
1,0.457627,0.372881,-0.236575,-1.14584
1,0.474576,0.372881,-0.285756,-1.1309
1,0.491525,0.372881,-0.33877,-0.919573
1,0.508475,0.372881,-0.395447,-0.595604
1,0.525424,0.372881,-0.453149,-0.233079
1,0.542373,0.372881,-0.506294,0.135316
1,0.559322,0.372881,-0.54682,0.455331
1,0.576271,0.372881,-0.565839,0.649925
1,0.59322,0.372881,-0.556197,0.584701
1,0.610169,0.372881,-0.515046,0.411518
1,0.627119,0.372881,-0.445276,0.307318
1,0.644068,0.372881,-0.355077,0.49553
1,0.661017,0.372881,-0.255834,0.82329
1,0.677966,0.372881,-0.159338,1.07851
1,0.694915,0.372881,-0.0754716,1.04519
1,0.711864,0.372881,-0.0109617,0.814884
1,0.728814,0.372881,0.0308309,0.528962
1,0.745763,0.372881,0.0495771,0.233267
1,0.762712,0.372881,0.0475379,-0.000868852
1,0.779661,0.372881,0.029197,-0.105922
1,0.79661,0.372881,0.000882122,-0.0697694
1,0.813559,0.372881,-0.0297772,0.0574091
1,0.830508,0.372881,-0.0545975,0.181031
1,0.847458,0.372881,-0.0656695,0.213154
1,0.864407,0.372881,-0.0560996,0.126266
1,0.881356,0.372881,-0.0206149,-0.0337277
1,0.898305,0.372881,0.0438387,-0.214428
1,0.915254,0.372881,0.137327,-0.393374
1,0.932203,0.372881,0.25601,-0.567153
1,0.949153,0.372881,0.391468,-0.697374
1,0.966102,0.372881,0.530975,-0.712992
1,0.983051,0.372881,0.659297,-0.718033
1,1,0.372881,0.761916,-0.73557
1,0,0.389831,-0.679147,0.150097
1,0.0169492,0.389831,-0.674727,0.1115
1,0.0338983,0.389831,-0.662335,-0.0197048
1,0.0508475,0.389831,-0.639214,-0.222001
1,0.0677966,0.389831,-0.603588,-0.461669
1,0.0847458,0.389831,-0.554149,-0.613457
1,0.101695,0.389831,-0.48985,-0.559335
1,0.118644,0.389831,-0.410319,-0.245606
1,0.135593,0.389831,-0.316819,0.247823
1,0.152542,0.389831,-0.213337,0.803849
1,0.169492,0.389831,-0.10706,1.32145
1,0.186441,0.389831,-0.00760521,1.79023
1,0.20339,0.389831,0.0750414,2.18365
1,0.220339,0.389831,0.133149,2.44303
1,0.237288,0.389831,0.163229,2.54592
1,0.254237,0.389831,0.166475,2.46729
1,0.271186,0.389831,0.147595,2.1593
1,0.288136,0.389831,0.112818,1.65209
1,0.305085,0.389831,0.0680664,1.08183
1,0.322034,0.389831,0.017929,0.582623
1,0.338983,0.389831,-0.0344897,0.18972
1,0.355932,0.389831,-0.0871946,-0.132487
1,0.372881,0.389831,-0.138842,-0.428633
1,0.389831,0.389831,-0.188522,-0.710982
1,0.40678,0.389831,-0.235849,-0.97001
1,0.423729,0.389831,-0.28124,-1.20193
1,0.440678,0.389831,-0.32607,-1.39779
1,0.457627,0.389831,-0.372492,-1.53032
1,0.474576,0.389831,-0.422766,-1.51698
1,0.491525,0.389831,-0.478189,-1.29779
1,0.508475,0.389831,-0.537835,-0.947212
1,0.525424,0.389831,-0.597489,-0.559396
1,0.542373,0.389831,-0.649329,-0.210061
1,0.559322,0.389831,-0.682867,0.0557903
1,0.576271,0.389831,-0.687346,0.186631
1,0.59322,0.389831,-0.655087,0.15227
1,0.610169,0.389831,-0.58451,0.0639539
1,0.627119,0.389831,-0.48138,0.0625861
1,0.644068,0.389831,-0.35757,0.260002
1,0.661017,0.389831,-0.227895,0.536209
1,0.677966,0.389831,-0.106491,0.711762
1,0.694915,0.389831,-0.00418178,0.667214
1,0.711864,0.389831,0.0725616,0.479698
1,0.728814,0.389831,0.121374,0.251781
1,0.745763,0.389831,0.14321,0.0587382
1,0.762712,0.389831,0.1416,-0.0323457
1,0.779661,0.389831,0.122163,-0.00684819
1,0.79661,0.389831,0.092186,0.114598
1,0.813559,0.389831,0.0600616,0.280519
1,0.830508,0.389831,0.0344773,0.405479
1,0.847458,0.389831,0.0234964,0.411893
1,0.864407,0.389831,0.0337206,0.275841
1,0.881356,0.389831,0.069612,0.0428598
1,0.898305,0.389831,0.132869,-0.225305
1,0.915254,0.389831,0.221722,-0.487133
1,0.932203,0.389831,0.330227,-0.737459
1,0.949153,0.389831,0.448036,-0.958966
1,0.966102,0.389831,0.561296,-1.14207
1,0.983051,0.389831,0.655089,-1.30139
1,1,0.389831,0.716991,-1.38235
1,0,0.40678,-0.697084,0.397688
1,0.0169492,0.40678,-0.683111,0.301569
1,0.0338983,0.40678,-0.661536,0.0778933
1,0.0508475,0.40678,-0.630396,-0.173643
1,0.0677966,0.40678,-0.588579,-0.374074
1,0.0847458,0.40678,-0.535246,-0.448389
1,0.101695,0.40678,-0.469645,-0.348797
1,0.118644,0.40678,-0.391608,-0.0789319
1,0.135593,0.40678,-0.302609,0.321149
1,0.152542,0.40678,-0.206883,0.801264
1,0.169492,0.40678,-0.111799,1.30745
1,0.186441,0.40678,-0.0268843,1.8026
1,0.20339,0.40678,0.0384592,2.22902
1,0.220339,0.40678,0.0776605,2.51409
1,0.237288,0.40678,0.0887854,2.6239
1,0.254237,0.40678,0.0745834,2.54477
1,0.271186,0.40678,0.0409124,2.22887
1,0.288136,0.40678,-0.00548062,1.69931
1,0.305085,0.40678,-0.0587441,1.09281
1,0.322034,0.40678,-0.114707,0.500846
1,0.338983,0.40678,-0.170757,-0.0491434
1,0.355932,0.40678,-0.225281,-0.518448
1,0.372881,0.40678,-0.277185,-0.873922
1,0.389831,0.40678,-0.325772,-1.09551
1,0.40678,0.40678,-0.370985,-1.25459
1,0.423729,0.40678,-0.413766,-1.41782
1,0.440678,0.40678,-0.456185,-1.61442
1,0.457627,0.40678,-0.50108,-1.77397
1,0.474576,0.40678,-0.551119,-1.78847
1,0.491525,0.40678,-0.607442,-1.57584
1,0.508475,0.40678,-0.668178,-1.21975
1,0.525424,0.40678,-0.727348,-0.8418
1,0.542373,0.40678,-0.774772,-0.558866
1,0.559322,0.40678,-0.797591,-0.37686
1,0.576271,0.40678,-0.783504,-0.274451
1,0.59322,0.40678,-0.724901,-0.20747
1,0.610169,0.40678,-0.622212,-0.146021
1,0.627119,0.40678,-0.484736,-0.0633363
1,0.644068,0.40678,-0.328356,0.0865532
1,0.661017,0.40678,-0.171184,0.235173
1,0.677966,0.40678,-0.0291586,0.279377
1,0.694915,0.40678,0.0867075,0.191325
1,0.711864,0.40678,0.170939,0.0274696
1,0.728814,0.40678,0.222725,-0.137405
1,0.745763,0.40678,0.244606,-0.202098
1,0.762712,0.40678,0.241436,-0.118825
1,0.779661,0.40678,0.219805,0.0601927
1,0.79661,0.40678,0.187641,0.29021
1,0.813559,0.40678,0.153662,0.521237
1,0.830508,0.40678,0.126555,0.669645
1,0.847458,0.40678,0.113997,0.662346
1,0.864407,0.40678,0.121756,0.477087
1,0.881356,0.40678,0.152987,0.177526
1,0.898305,0.40678,0.20766,-0.150682
1,0.915254,0.40678,0.282041,-0.443746
1,0.932203,0.40678,0.368385,-0.721519
1,0.949153,0.40678,0.455312,-1.02093
1,0.966102,0.40678,0.529387,-1.37933
1,0.983051,0.40678,0.578025,-1.70732
1,1,0.40678,0.592927,-1.86587
1,0,0.423729,-0.695797,0.465378
1,0.0169492,0.423729,-0.67174,0.318956
1,0.0338983,0.423729,-0.640654,0.0450566
1,0.0508475,0.423729,-0.601366,-0.224327
1,0.0677966,0.423729,-0.553378,-0.38554
1,0.0847458,0.423729,-0.496261,-0.406158
1,0.101695,0.423729,-0.429541,-0.285702
1,0.118644,0.423729,-0.353311,-0.0660788
1,0.135593,0.423729,-0.269394,0.255484
1,0.152542,0.423729,-0.182448,0.661594
1,0.169492,0.423729,-0.100165,1.12793
1,0.186441,0.423729,-0.0320011,1.6046
1,0.20339,0.423729,0.0133973,2.02192
1,0.220339,0.423729,0.0309497,2.29601
1,0.237288,0.423729,0.0206717,2.40863
1,0.254237,0.423729,-0.0128021,2.34214
1,0.271186,0.423729,-0.062299,2.02649
1,0.288136,0.423729,-0.120567,1.5023
1,0.305085,0.423729,-0.181961,0.898043
1,0.322034,0.423729,-0.242904,0.266982
1,0.338983,0.423729,-0.30143,-0.350794
1,0.355932,0.423729,-0.356418,-0.870648
1,0.372881,0.423729,-0.407086,-1.21359
1,0.389831,0.423729,-0.452997,-1.35574
1,0.40678,0.423729,-0.494462,-1.42596
1,0.423729,0.423729,-0.532987,-1.53001
1,0.440678,0.423729,-0.571362,-1.71853
1,0.457627,0.423729,-0.613101,-1.89408
1,0.474576,0.423729,-0.661237,-1.93905
1,0.491525,0.423729,-0.71668,-1.75455
1,0.508475,0.423729,-0.776555,-1.43874
1,0.525424,0.423729,-0.833105,-1.10656
1,0.542373,0.423729,-0.873902,-0.887496
1,0.559322,0.423729,-0.883998,-0.730368
1,0.576271,0.423729,-0.850014,-0.5846
1,0.59322,0.423729,-0.76499,-0.371158
1,0.610169,0.423729,-0.631898,-0.176146
1,0.627119,0.423729,-0.463841,-0.0378822
1,0.644068,0.423729,-0.280574,0.0575276
1,0.661017,0.423729,-0.102958,0.0605239
1,0.677966,0.423729,0.0520702,-0.0416704
1,0.694915,0.423729,0.174123,-0.194516
1,0.711864,0.423729,0.259362,-0.354785
1,0.728814,0.423729,0.308907,-0.457208
1,0.745763,0.423729,0.326993,-0.38388
1,0.762712,0.423729,0.319696,-0.14181
1,0.779661,0.423729,0.294317,0.17338
1,0.79661,0.423729,0.259046,0.504756
1,0.813559,0.423729,0.222471,0.792528
1,0.830508,0.423729,0.192762,0.958778
1,0.847458,0.423729,0.176691,0.937248
1,0.864407,0.423729,0.178733,0.714758
1,0.881356,0.423729,0.200419,0.371364
1,0.898305,0.423729,0.239924,0.00673628
1,0.915254,0.423729,0.291874,-0.3113
1,0.932203,0.423729,0.34757,-0.62749
1,0.949153,0.423729,0.39601,-1.00765
1,0.966102,0.423729,0.426035,-1.50332
1,0.983051,0.423729,0.429291,-1.94696
1,1,0.423729,0.402974,-2.15341
1,0,0.440678,-0.67563,0.287233
1,0.0169492,0.440678,-0.641529,0.159266
1,0.0338983,0.440678,-0.601166,-0.0918161
1,0.0508475,0.440678,-0.55411,-0.338052
1,0.0677966,0.440678,-0.500385,-0.472825
1,0.0847458,0.440678,-0.439874,-0.473499
1,0.101695,0.440678,-0.372324,-0.363334
1,0.118644,0.440678,-0.298118,-0.167942
1,0.135593,0.440678,-0.219539,0.109526
1,0.152542,0.440678,-0.141829,0.454932
1,0.169492,0.440678,-0.0731525,0.852051
1,0.186441,0.440678,-0.0229404,1.25608
1,0.20339,0.440678,0.00101557,1.60092
1,0.220339,0.440678,-0.00463181,1.83289
1,0.237288,0.440678,-0.0376178,1.92954
1,0.254237,0.440678,-0.091178,1.84845
1,0.271186,0.440678,-0.156711,1.54591
1,0.288136,0.440678,-0.226484,1.06412
1,0.305085,0.440678,-0.295162,0.491993
1,0.322034,0.440678,-0.359892,-0.103792
1,0.338983,0.440678,-0.419451,-0.656272
1,0.355932,0.440678,-0.473272,-1.09678
1,0.372881,0.440678,-0.520932,-1.36614
1,0.389831,0.440678,-0.562298,-1.46527
1,0.40678,0.440678,-0.598103,-1.50085
1,0.423729,0.440678,-0.630483,-1.57478
1,0.440678,0.440678,-0.663001,-1.72385
1,0.457627,0.440678,-0.699882,-1.87529
1,0.474576,0.440678,-0.744545,-1.93209
1,0.491525,0.440678,-0.797703,-1.84015
1,0.508475,0.440678,-0.855564,-1.6432
1,0.525424,0.440678,-0.908773,-1.40626
1,0.542373,0.440678,-0.942933,-1.17886
1,0.559322,0.440678,-0.941379,-0.935396
1,0.576271,0.440678,-0.890042,-0.646826
1,0.59322,0.440678,-0.782918,-0.303251
1,0.610169,0.440678,-0.625597,0.00233794
1,0.627119,0.440678,-0.434739,0.192651
1,0.644068,0.440678,-0.233389,0.211574
1,0.661017,0.440678,-0.0443724,0.0565423
1,0.677966,0.440678,0.11515,-0.185529
1,0.694915,0.440678,0.236011,-0.4122
1,0.711864,0.440678,0.316321,-0.56377
1,0.728814,0.440678,0.359181,-0.579543
1,0.745763,0.440678,0.370394,-0.396209
1,0.762712,0.440678,0.357031,-0.0463735
1,0.779661,0.440678,0.326836,0.372118
1,0.79661,0.440678,0.287949,0.768471
1,0.813559,0.440678,0.248477,1.06756
1,0.830508,0.440678,0.215706,1.22067
1,0.847458,0.440678,0.195155,1.18741
1,0.864407,0.440678,0.189756,0.964091
1,0.881356,0.440678,0.199356,0.619882
1,0.898305,0.440678,0.220567,0.237831
1,0.915254,0.440678,0.246998,-0.141378
1,0.932203,0.440678,0.270031,-0.54522
1,0.949153,0.440678,0.280425,-1.01938
1,0.966102,0.440678,0.270731,-1.55607
1,0.983051,0.440678,0.237896,-2.00627
1,1,0.440678,0.184807,-2.18849
1,0,0.457627,-0.637649,0.0689896
1,0.0169492,0.457627,-0.594091,-0.0281945
1,0.0338983,0.457627,-0.545223,-0.24163
1,0.0508475,0.457627,-0.491262,-0.461581
1,0.0677966,0.457627,-0.432612,-0.568165
1,0.0847458,0.457627,-0.369331,-0.555592
1,0.101695,0.457627,-0.301292,-0.456019
1,0.118644,0.457627,-0.229149,-0.271106
1,0.135593,0.457627,-0.155713,-0.0211029
1,0.152542,0.457627,-0.0869461,0.264083
1,0.169492,0.457627,-0.0316391,0.578572
1,0.186441,0.457627,0.000693035,0.883308
1,0.20339,0.457627,0.00310337,1.12582
1,0.220339,0.457627,-0.0259266,1.29284
1,0.237288,0.457627,-0.0817276,1.35903
1,0.254237,0.457627,-0.155263,1.26449
1,0.271186,0.457627,-0.236424,0.984341
1,0.288136,0.457627,-0.316989,0.552994
1,0.305085,0.457627,-0.391963,0.0372671
1,0.322034,0.457627,-0.459243,-0.469099
1,0.338983,0.457627,-0.518367,-0.886312
1,0.355932,0.457627,-0.569331,-1.19676
1,0.372881,0.457627,-0.612097,-1.38167
1,0.389831,0.457627,-0.646899,-1.44428
1,0.40678,0.457627,-0.67499,-1.46358
1,0.423729,0.457627,-0.699255,-1.51697
1,0.440678,0.457627,-0.72414,-1.63418
1,0.457627,0.457627,-0.754687,-1.76288
1,0.474576,0.457627,-0.794804,-1.84742
1,0.491525,0.457627,-0.845162,-1.87025
1,0.508475,0.457627,-0.90128,-1.8155
1,0.525424,0.457627,-0.952517,-1.66649
1,0.542373,0.457627,-0.982858,-1.39857
1,0.559322,0.457627,-0.974208,-1.02805
1,0.576271,0.457627,-0.91192,-0.589359
1,0.59322,0.457627,-0.790774,-0.122035
1,0.610169,0.457627,-0.6185,0.285674
1,0.627119,0.457627,-0.414577,0.519211
1,0.644068,0.457627,-0.204513,0.445602
1,0.661017,0.457627,-0.0123658,0.124984
1,0.677966,0.457627,0.144952,-0.250929
1,0.694915,0.457627,0.259638,-0.536131
1,0.711864,0.457627,0.331626,-0.663784
1,0.728814,0.457627,0.365721,-0.60446
1,0.745763,0.457627,0.368986,-0.338915
1,0.762712,0.457627,0.34923,0.0903412
1,0.779661,0.457627,0.314435,0.578325
1,0.79661,0.457627,0.272537,1.00043
1,0.813559,0.457627,0.231001,1.27738
1,0.830508,0.457627,0.196073,1.41131
1,0.847458,0.457627,0.171894,1.38314
1,0.864407,0.457627,0.15982,1.17898
1,0.881356,0.457627,0.158148,0.855346
1,0.898305,0.457627,0.162288,0.46652
1,0.915254,0.457627,0.165419,0.0312197
1,0.932203,0.457627,0.159774,-0.45249
1,0.949153,0.457627,0.138654,-0.985979
1,0.966102,0.457627,0.0988579,-1.52709
1,0.983051,0.457627,0.0426054,-1.95324
1,1,0.457627,-0.0223032,-2.12083
1,0,0.474576,-0.583598,-0.047934
1,0.0169492,0.474576,-0.531686,-0.119329
1,0.0338983,0.474576,-0.475585,-0.294668
1,0.0508475,0.474576,-0.416024,-0.481021
1,0.0677966,0.474576,-0.353607,-0.546305
1,0.0847458,0.474576,-0.288381,-0.529005
1,0.101695,0.474576,-0.22021,-0.44133
1,0.118644,0.474576,-0.149948,-0.256507
1,0.135593,0.474576,-0.0809452,-0.0241465
1,0.152542,0.474576,-0.0199818,0.209501
1,0.169492,0.474576,0.0233641,0.446821
1,0.186441,0.474576,0.0393074,0.640116
1,0.20339,0.474576,0.0215868,0.765518
1,0.220339,0.474576,-0.0295808,0.860159
1,0.237288,0.474576,-0.107141,0.892173
1,0.254237,0.474576,-0.19975,0.789415
1,0.271186,0.474576,-0.29573,0.536659
1,0.288136,0.474576,-0.386289,0.156476
1,0.305085,0.474576,-0.466686,-0.291283
1,0.322034,0.474576,-0.535472,-0.684197
1,0.338983,0.474576,-0.592862,-0.950986
1,0.355932,0.474576,-0.639373,-1.13431
1,0.372881,0.474576,-0.675374,-1.24364
1,0.389831,0.474576,-0.70156,-1.28444
1,0.40678,0.474576,-0.719863,-1.31631
1,0.423729,0.474576,-0.734096,-1.37996
1,0.440678,0.474576,-0.749769,-1.49286
1,0.457627,0.474576,-0.772903,-1.61177
1,0.474576,0.474576,-0.80808,-1.72881
1,0.491525,0.474576,-0.856171,-1.85691
1,0.508475,0.474576,-0.912338,-1.92578
1,0.525424,0.474576,-0.96504,-1.8485
1,0.542373,0.474576,-0.996972,-1.53639
1,0.559322,0.474576,-0.988712,-1.0625
1,0.576271,0.474576,-0.924764,-0.510664
1,0.59322,0.474576,-0.800006,0.0426399
1,0.610169,0.474576,-0.623308,0.508244
1,0.627119,0.474576,-0.415913,0.746323
1,0.644068,0.474576,-0.204938,0.556782
1,0.661017,0.474576,-0.0152287,0.106057
1,0.677966,0.474576,0.136546,-0.354288
1,0.694915,0.474576,0.243599,-0.653335
1,0.711864,0.474576,0.307174,-0.735789
1,0.728814,0.474576,0.333274,-0.609704
1,0.745763,0.474576,0.329851,-0.287258
1,0.762712,0.474576,0.305239,0.175803
1,0.779661,0.474576,0.267589,0.674546
1,0.79661,0.474576,0.224625,1.07168
1,0.813559,0.474576,0.183198,1.31282
1,0.830508,0.474576,0.148537,1.4461
1,0.847458,0.474576,0.12345,1.44534
1,0.864407,0.474576,0.107829,1.28547
1,0.881356,0.474576,0.098619,1.01516
1,0.898305,0.474576,0.0903045,0.652633
1,0.915254,0.474576,0.0759298,0.198807
1,0.932203,0.474576,0.0487716,-0.324884
1,0.949153,0.474576,0.00461716,-0.886448
1,0.966102,0.474576,-0.055908,-1.42612
1,0.983051,0.474576,-0.126137,-1.83843
1,1,0.474576,-0.19448,-2.0029
1,0,0.491525,-0.515837,-0.0123354
1,0.0169492,0.491525,-0.457148,-0.0552566
1,0.0338983,0.491525,-0.395548,-0.165084
1,0.0508475,0.491525,-0.332096,-0.275377
1,0.0677966,0.491525,-0.267374,-0.327972
1,0.0847458,0.491525,-0.20121,-0.325826
1,0.101695,0.491525,-0.133274,-0.242369
1,0.118644,0.491525,-0.0644976,-0.0553866
1,0.135593,0.491525,0.00127496,0.180722
1,0.152542,0.491525,0.0563993,0.399051
1,0.169492,0.491525,0.0903489,0.555238
1,0.186441,0.491525,0.0928045,0.62403
1,0.20339,0.491525,0.0578714,0.638002
1,0.220339,0.491525,-0.012796,0.64969
1,0.237288,0.491525,-0.109963,0.638926
1,0.254237,0.491525,-0.220048,0.542437
1,0.271186,0.491525,-0.329742,0.323104
1,0.288136,0.491525,-0.429515,-0.00768348
1,0.305085,0.491525,-0.514656,-0.369334
1,0.322034,0.491525,-0.584149,-0.643087
1,0.338983,0.491525,-0.638711,-0.784655
1,0.355932,0.491525,-0.679296,-0.854876
1,0.372881,0.491525,-0.706709,-0.910301
1,0.389831,0.491525,-0.722247,-0.986846
1,0.40678,0.491525,-0.728729,-1.09604
1,0.423729,0.491525,-0.731132,-1.22099
1,0.440678,0.491525,-0.736245,-1.33937
1,0.457627,0.491525,-0.751267,-1.45109
1,0.474576,0.491525,-0.781667,-1.59677
1,0.491525,0.491525,-0.82881,-1.79359
1,0.508475,0.491525,-0.887895,-1.94743
1,0.525424,0.491525,-0.94691,-1.91497
1,0.542373,0.491525,-0.987556,-1.59446
1,0.559322,0.491525,-0.989014,-1.0648
1,0.576271,0.491525,-0.934342,-0.459263
1,0.59322,0.491525,-0.817398,0.0996032
1,0.610169,0.491525,-0.646821,0.511691
1,0.627119,0.491525,-0.444378,0.644085
1,0.644068,0.491525,-0.238051,0.395709
1,0.661017,0.491525,-0.053378,-0.0790939
1,0.677966,0.491525,0.0927649,-0.540192
1,0.694915,0.491525,0.193855,-0.797566
1,0.711864,0.491525,0.251675,-0.800359
1,0.728814,0.491525,0.27283,-0.599248
1,0.745763,0.491525,0.265807,-0.261287
1,0.762712,0.491525,0.239348,0.145391
1,0.779661,0.491525,0.201803,0.546801
1,0.79661,0.491525,0.160801,0.870686
1,0.813559,0.491525,0.122706,1.10071
1,0.830508,0.491525,0.0918604,1.25257
1,0.847458,0.491525,0.0698887,1.3042
1,0.864407,0.491525,0.0553895,1.24287
1,0.881356,0.491525,0.044144,1.07486
1,0.898305,0.491525,0.0298325,0.78338
1,0.915254,0.491525,0.00529572,0.35831
1,0.932203,0.491525,-0.0355449,-0.1635
1,0.949153,0.491525,-0.0952177,-0.723185
1,0.966102,0.491525,-0.170414,-1.24746
1,0.983051,0.491525,-0.251254,-1.64602
1,1,0.491525,-0.323313,-1.80799
1,0,0.508475,-0.437249,0.125559
1,0.0169492,0.508475,-0.373793,0.110432
1,0.0338983,0.508475,-0.30884,0.0736381
1,0.0508475,0.508475,-0.243559,0.0379013
1,0.0677966,0.508475,-0.17827,-0.00482146
1,0.0847458,0.508475,-0.112337,-0.015727
1,0.101695,0.508475,-0.045035,0.0657359
1,0.118644,0.508475,0.0227951,0.27284
1,0.135593,0.508475,0.0869255,0.53941
1,0.152542,0.508475,0.138853,0.757751
1,0.169492,0.508475,0.166959,0.832516
1,0.186441,0.508475,0.160068,0.771186
1,0.20339,0.508475,0.112196,0.66505
1,0.220339,0.508475,0.0259485,0.595391
1,0.237288,0.508475,-0.0876372,0.558942
1,0.254237,0.508475,-0.212912,0.486396
1,0.271186,0.508475,-0.334866,0.306769
1,0.288136,0.508475,-0.442991,0.0222109
1,0.305085,0.508475,-0.532266,-0.263555
1,0.322034,0.508475,-0.601775,-0.429899
1,0.338983,0.508475,-0.652498,-0.44461
1,0.355932,0.508475,-0.685721,-0.406466
1,0.372881,0.508475,-0.702734,-0.431697
1,0.389831,0.508475,-0.70561,-0.584041
1,0.40678,0.508475,-0.698308,-0.812962
1,0.423729,0.508475,-0.68722,-1.02674
1,0.440678,0.508475,-0.680619,-1.15609
1,0.457627,0.508475,-0.687047,-1.25194
1,0.474576,0.508475,-0.713046,-1.40376
1,0.491525,0.508475,-0.760769,-1.65907
1,0.508475,0.508475,-0.825889,-1.89613
1,0.525424,0.508475,-0.896415,-1.92824
1,0.542373,0.508475,-0.953395,-1.60804
1,0.559322,0.508475,-0.974521,-1.04497
1,0.576271,0.508475,-0.940657,-0.431225
1,0.59322,0.508475,-0.843291,0.0696885
1,0.610169,0.508475,-0.689209,0.372141
1,0.627119,0.508475,-0.499328,0.404215
1,0.644068,0.508475,-0.30181,0.122011
1,0.661017,0.508475,-0.123002,-0.348991
1,0.677966,0.508475,0.0192851,-0.783195
1,0.694915,0.508475,0.117814,-0.960329
1,0.711864,0.508475,0.17401,-0.849231
1,0.728814,0.508475,0.194456,-0.571814
1,0.745763,0.508475,0.187866,-0.251928
1,0.762712,0.508475,0.163324,0.0443256
1,0.779661,0.508475,0.12947,0.303587
1,0.79661,0.508475,0.0939843,0.534536
1,0.813559,0.508475,0.0629093,0.746478
1,0.830508,0.508475,0.0398753,0.919916
1,0.847458,0.508475,0.0255234,1.03845
1,0.864407,0.508475,0.0173939,1.0968
1,0.881356,0.508475,0.0103131,1.06129
1,0.898305,0.508475,-0.00278433,0.878563
1,0.915254,0.508475,-0.0295355,0.516611
1,0.932203,0.508475,-0.0761464,0.0340914
1,0.949153,0.508475,-0.144766,-0.48678
1,0.966102,0.508475,-0.231037,-0.968134
1,0.983051,0.508475,-0.323364,-1.34568
1,1,0.508475,-0.405289,-1.51676
1,0,0.525424,-0.351127,0.265568
1,0.0169492,0.525424,-0.285302,0.267462
1,0.0338983,0.525424,-0.219499,0.284238
1,0.0508475,0.525424,-0.15475,0.309727
1,0.0677966,0.525424,-0.0908529,0.286831
1,0.0847458,0.525424,-0.0264721,0.297555
1,0.101695,0.525424,0.0397342,0.407174
1,0.118644,0.525424,0.107207,0.656125
1,0.135593,0.525424,0.171491,0.949558
1,0.152542,0.525424,0.223291,1.15561
1,0.169492,0.525424,0.24979,1.14153
1,0.186441,0.525424,0.238621,0.959627
1,0.20339,0.525424,0.183162,0.748161
1,0.220339,0.525424,0.0863454,0.615185
1,0.237288,0.525424,-0.0395074,0.565512
1,0.254237,0.525424,-0.17694,0.520295
1,0.271186,0.525424,-0.309199,0.381396
1,0.288136,0.525424,-0.4245,0.149194
1,0.305085,0.525424,-0.517106,-0.0520973
1,0.322034,0.525424,-0.58581,-0.104791
1,0.338983,0.525424,-0.631578,0.00736851
1,0.355932,0.525424,-0.655927,0.13354
1,0.372881,0.525424,-0.660707,0.116789
1,0.389831,0.525424,-0.648974,-0.125421
1,0.40678,0.525424,-0.626081,-0.471638
1,0.423729,0.525424,-0.600047,-0.77152
1,0.440678,0.525424,-0.580755,-0.910945
1,0.457627,0.525424,-0.578144,-0.998905
1,0.474576,0.525424,-0.599922,-1.15371
1,0.491525,0.525424,-0.649264,-1.46428
1,0.508475,0.525424,-0.722772,-1.76689
1,0.525424,0.525424,-0.809087,-1.85602
1,0.542373,0.525424,-0.889135,-1.53067
1,0.559322,0.525424,-0.93922,-0.977926
1,0.576271,0.525424,-0.937406,-0.409385
1,0.59322,0.525424,-0.871458,-0.00829673
1,0.610169,0.525424,-0.744566,0.187523
1,0.627119,0.525424,-0.57526,0.15082
1,0.644068,0.525424,-0.391046,-0.145764
1,0.661017,0.525424,-0.219139,-0.587061
1,0.677966,0.525424,-0.0790307,-0.963736
1,0.694915,0.525424,0.0203059,-1.03067
1,0.711864,0.525424,0.0790048,-0.811803
1,0.728814,0.525424,0.102985,-0.491213
1,0.745763,0.525424,0.100863,-0.21931
1,0.762712,0.525424,0.0819845,-0.0447221
1,0.779661,0.525424,0.055335,0.0768962
1,0.79661,0.525424,0.0287557,0.214894
1,0.813559,0.525424,0.00810687,0.394667
1,0.830508,0.525424,-0.00351167,0.569015
1,0.847458,0.525424,-0.00618425,0.737196
1,0.864407,0.525424,-0.0030938,0.900461
1,0.881356,0.525424,-2.44977e-05,0.991387
1,0.898305,0.525424,-0.00459028,0.926847
1,0.915254,0.525424,-0.0250859,0.653
1,0.932203,0.525424,-0.0686265,0.261493
1,0.949153,0.525424,-0.138454,-0.161888
1,0.966102,0.525424,-0.231118,-0.545241
1,0.983051,0.525424,-0.335199,-0.866996
1,1,0.525424,-0.4333,-1.02686
1,0,0.542373,-0.261054,0.323778
1,0.0169492,0.542373,-0.195585,0.32641
1,0.0338983,0.542373,-0.131717,0.347958
1,0.0508475,0.542373,-0.0700828,0.387003
1,0.0677966,0.542373,-0.00969684,0.440042
1,0.0847458,0.542373,0.0516999,0.557801
1,0.101695,0.542373,0.116264,0.762707
1,0.118644,0.542373,0.183914,1.03781
1,0.135593,0.542373,0.250155,1.29679
1,0.152542,0.542373,0.305022,1.42996
1,0.169492,0.542373,0.334451,1.34728
1,0.186441,0.542373,0.324575,1.10687
1,0.20339,0.542373,0.267569,0.840712
1,0.220339,0.542373,0.165996,0.657074
1,0.237288,0.542373,0.0328469,0.570812
1,0.254237,0.542373,-0.112954,0.518463
1,0.271186,0.542373,-0.252907,0.427318
1,0.288136,0.542373,-0.373668,0.309118
1,0.305085,0.542373,-0.468364,0.248703
1,0.322034,0.542373,-0.535102,0.321633
1,0.338983,0.542373,-0.57457,0.505052
1,0.355932,0.542373,-0.588444,0.658659
1,0.372881,0.542373,-0.579234,0.623017
1,0.389831,0.542373,-0.551195,0.337643
1,0.40678,0.542373,-0.511292,-0.0664478
1,0.423729,0.542373,-0.469287,-0.411494
1,0.440678,0.542373,-0.436641,-0.609407
1,0.457627,0.542373,-0.424557,-0.740867
1,0.474576,0.542373,-0.441809,-0.926262
1,0.491525,0.542373,-0.492713,-1.22039
1,0.508475,0.542373,-0.575232,-1.49521
1,0.525424,0.542373,-0.679389,-1.56197
1,0.542373,0.542373,-0.786821,-1.3011
1,0.559322,0.542373,-0.872991,-0.857046
1,0.576271,0.542373,-0.913003,-0.416633
1,0.59322,0.542373,-0.889863,-0.125875
1,0.610169,0.542373,-0.801487,-0.0171286
1,0.627119,0.542373,-0.662271,-0.0967922
1,0.644068,0.542373,-0.497882,-0.346129
1,0.661017,0.542373,-0.336092,-0.665334
1,0.677966,0.542373,-0.198532,-0.890263
1,0.694915,0.542373,-0.0967799,-0.866205
1,0.711864,0.542373,-0.0328802,-0.636897
1,0.728814,0.542373,-0.00225339,-0.354201
1,0.745763,0.542373,0.00321805,-0.151111
1,0.762712,0.542373,-0.00704591,-0.0613571
1,0.779661,0.542373,-0.0237714,-0.0254631
1,0.79661,0.542373,-0.038949,0.0365344
1,0.813559,0.542373,-0.0468435,0.148679
1,0.830508,0.542373,-0.0447364,0.291356
1,0.847458,0.542373,-0.0331488,0.47178
1,0.864407,0.542373,-0.0155378,0.679618
1,0.881356,0.542373,0.00226128,0.842326
1,0.898305,0.542373,0.0126101,0.870566
1,0.915254,0.542373,0.00680051,0.73262
1,0.932203,0.542373,-0.0235302,0.500802
1,0.949153,0.542373,-0.0838773,0.252651
1,0.966102,0.542373,-0.173658,0.0333278
1,0.983051,0.542373,-0.283952,-0.135707
1,1,0.542373,-0.398311,-0.185579
1,0,0.559322,-0.170759,0.301744
1,0.0169492,0.559322,-0.108622,0.29141
1,0.0338983,0.559322,-0.0496676,0.28413
1,0.0508475,0.559322,0.00615223,0.323142
1,0.0677966,0.559322,0.060842,0.468062
1,0.0847458,0.559322,0.117772,0.72162
1,0.101695,0.559322,0.18007,1.03439
1,0.118644,0.559322,0.248307,1.32311
1,0.135593,0.559322,0.318143,1.529
1,0.152542,0.559322,0.379103,1.59735
1,0.169492,0.559322,0.415899,1.4713
1,0.186441,0.559322,0.412926,1.19736
1,0.20339,0.559322,0.360632,0.894733
1,0.220339,0.559322,0.260516,0.670394
1,0.237288,0.559322,0.12559,0.551296
1,0.254237,0.559322,-0.0241551,0.496172
1,0.271186,0.559322,-0.168533,0.468885
1,0.288136,0.559322,-0.292417,0.478201
1,0.305085,0.559322,-0.387435,0.557201
1,0.322034,0.559322,-0.450664,0.728933
1,0.338983,0.559322,-0.482308,0.956299
1,0.355932,0.559322,-0.484176,1.12271
1,0.372881,0.559322,-0.459578,1.08172
1,0.389831,0.559322,-0.414167,0.759904
1,0.40678,0.559322,-0.356656,0.311245
1,0.423729,0.559322,-0.298511,-0.0818482
1,0.440678,0.559322,-0.252517,-0.335559
1,0.457627,0.559322,-0.230753,-0.504877
1,0.474576,0.559322,-0.242715,-0.685435
1,0.491525,0.559322,-0.293758,-0.93012
1,0.508475,0.559322,-0.383545,-1.14113
1,0.525424,0.559322,-0.504296,-1.18425
1,0.542373,0.559322,-0.639522,-0.997667
1,0.559322,0.559322,-0.764964,-0.683296
1,0.576271,0.559322,-0.853338,-0.384205
1,0.59322,0.559322,-0.882517,-0.207127
1,0.610169,0.559322,-0.843818,-0.176604
1,0.627119,0.559322,-0.745696,-0.272352
1,0.644068,0.559322,-0.610366,-0.436534
1,0.661017,0.559322,-0.465244,-0.598197
1,0.677966,0.559322,-0.334007,-0.672181
1,0.694915,0.559322,-0.231318,-0.58978
1,0.711864,0.559322,-0.162114,-0.38362
1,0.728814,0.559322,-0.123818,-0.157501
1,0.745763,0.559322,-0.10931,-0.021014
1,0.762712,0.559322,-0.109428,-0.00170501
1,0.779661,0.559322,-0.114838,-0.0332818
1,0.79661,0.559322,-0.117521,-0.0429936
1,0.813559,0.559322,-0.111955,-0.00296058
1,0.830508,0.559322,-0.0957709,0.0854558
1,0.847458,0.559322,-0.0697024,0.236008
1,0.864407,0.559322,-0.0370201,0.447196
1,0.881356,0.559322,-0.00290914,0.646024
1,0.898305,0.559322,0.025836,0.754212
1,0.915254,0.559322,0.0409433,0.745649
1,0.932203,0.559322,0.0333075,0.683268
1,0.949153,0.559322,-0.0050676,0.629777
1,0.966102,0.559322,-0.0777734,0.606148
1,0.983051,0.559322,-0.180676,0.635076
1,1,0.559322,-0.300937,0.700503
1,0,0.576271,-0.0839763,0.246744
1,0.0169492,0.576271,-0.0283012,0.216817
1,0.0338983,0.576271,0.0226925,0.169118
1,0.0508475,0.576271,0.0700066,0.192386
1,0.0677966,0.576271,0.11687,0.403549
1,0.0847458,0.576271,0.167892,0.753408
1,0.101695,0.576271,0.227275,1.14145
1,0.118644,0.576271,0.296364,1.43151
1,0.135593,0.576271,0.371152,1.60763
1,0.152542,0.576271,0.440846,1.65158
1,0.169492,0.576271,0.48901,1.50847
1,0.186441,0.576271,0.498151,1.22384
1,0.20339,0.576271,0.456561,0.909434
1,0.220339,0.576271,0.364044,0.671661
1,0.237288,0.576271,0.233004,0.540631
1,0.254237,0.576271,0.0840677,0.491926
1,0.271186,0.576271,-0.0610205,0.522636
1,0.288136,0.576271,-0.185223,0.635375
1,0.305085,0.576271,-0.278411,0.815697
1,0.322034,0.576271,-0.336388,1.04728
1,0.338983,0.576271,-0.358764,1.28855
1,0.355932,0.576271,-0.347525,1.44794
1,0.372881,0.576271,-0.306943,1.38715
1,0.389831,0.576271,-0.244233,1.01861
1,0.40678,0.576271,-0.169878,0.551304
1,0.423729,0.576271,-0.0968209,0.140111
1,0.440678,0.576271,-0.0386694,-0.134483
1,0.457627,0.576271,-0.00772165,-0.31833
1,0.474576,0.576271,-0.0135648,-0.47448
1,0.491525,0.576271,-0.0622308,-0.662884
1,0.508475,0.576271,-0.155197,-0.792215
1,0.525424,0.576271,-0.287614,-0.796534
1,0.542373,0.576271,-0.446194,-0.652491
1,0.559322,0.576271,-0.608588,-0.449014
1,0.576271,0.576271,-0.746523,-0.27919
1,0.59322,0.576271,-0.833307,-0.21023
1,0.610169,0.576271,-0.853077,-0.243366
1,0.627119,0.576271,-0.806818,-0.338126
1,0.644068,0.576271,-0.711429,-0.415193
1,0.661017,0.576271,-0.592446,-0.447334
1,0.677966,0.576271,-0.474779,-0.41522
1,0.694915,0.576271,-0.376073,-0.300348
1,0.711864,0.576271,-0.304497,-0.125034
1,0.728814,0.576271,-0.259998,0.0444716
1,0.745763,0.576271,-0.236969,0.114461
1,0.762712,0.576271,-0.226961,0.0726367
1,0.779661,0.576271,-0.22098,-0.00428001
1,0.79661,0.576271,-0.211359,-0.0608158
1,0.813559,0.576271,-0.193089,-0.0760713
1,0.830508,0.576271,-0.164332,-0.0484502
1,0.847458,0.576271,-0.126031,0.0520881
1,0.864407,0.576271,-0.0810021,0.238556
1,0.881356,0.576271,-0.0331883,0.43172
1,0.898305,0.576271,0.012417,0.572685
1,0.915254,0.576271,0.0492643,0.640626
1,0.932203,0.576271,0.0689118,0.706542
1,0.949153,0.576271,0.0619345,0.806706
1,0.966102,0.576271,0.0206997,0.937223
1,0.983051,0.576271,-0.0566991,1.12751
1,1,0.576271,-0.163578,1.27666
1,0,0.59322,-0.00430542,0.201384
1,0.0169492,0.59322,0.0417548,0.157465
1,0.0338983,0.59322,0.0818157,0.0767519
1,0.0508475,0.59322,0.118092,0.0811662
1,0.0677966,0.59322,0.155192,0.278905
1,0.0847458,0.59322,0.199027,0.623265
1,0.101695,0.59322,0.254895,1.00348
1,0.118644,0.59322,0.324989,1.30006
1,0.135593,0.59322,0.405779,1.49192
1,0.152542,0.59322,0.486341,1.55059
1,0.169492,0.59322,0.54922,1.43998
1,0.186441,0.59322,0.574968,1.20462
1,0.20339,0.59322,0.549391,0.933293
1,0.220339,0.59322,0.470076,0.712432
1,0.237288,0.59322,0.348251,0.573296
1,0.254237,0.59322,0.20476,0.528767
1,0.271186,0.59322,0.06272,0.600935
1,0.288136,0.59322,-0.058893,0.782196
1,0.305085,0.59322,-0.148063,1.02
1,0.322034,0.59322,-0.199213,1.25604
1,0.338983,0.59322,-0.211352,1.4344
1,0.355932,0.59322,-0.186764,1.49802
1,0.372881,0.59322,-0.130854,1.3573
1,0.389831,0.59322,-0.0525097,1.0239
1,0.40678,0.59322,0.0361261,0.628266
1,0.423729,0.59322,0.12105,0.266064
1,0.440678,0.59322,0.188535,-0.0221417
1,0.457627,0.59322,0.226941,-0.23864
1,0.474576,0.59322,0.227443,-0.391971
1,0.491525,0.59322,0.183957,-0.476672
1,0.508475,0.59322,0.0933792,-0.46752
1,0.525424,0.59322,-0.0428156,-0.384275
1,0.542373,0.59322,-0.215734,-0.265963
1,0.559322,0.59322,-0.40678,-0.167553
1,0.576271,0.59322,-0.588728,-0.120605
1,0.59322,0.59322,-0.731874,-0.139938
1,0.610169,0.59322,-0.813628,-0.206286
1,0.627119,0.59322,-0.826692,-0.2746
1,0.644068,0.59322,-0.780963,-0.290474
1,0.661017,0.59322,-0.698233,-0.252564
1,0.677966,0.59322,-0.603199,-0.170107
1,0.694915,0.59322,-0.515697,-0.0578247
1,0.711864,0.59322,-0.446945,0.0615883
1,0.728814,0.59322,-0.399609,0.149709
1,0.745763,0.59322,-0.369991,0.157991
1,0.762712,0.59322,-0.350833,0.103508
1,0.779661,0.59322,-0.334003,0.0329634
1,0.79661,0.59322,-0.312722,-0.0264944
1,0.813559,0.59322,-0.283011,-0.0693938
1,0.830508,0.59322,-0.244001,-0.0806264
1,0.847458,0.59322,-0.197132,-0.0273561
1,0.864407,0.59322,-0.144853,0.0797099
1,0.881356,0.59322,-0.0896626,0.194311
1,0.898305,0.59322,-0.0341307,0.288946
1,0.915254,0.59322,0.0181036,0.383734
1,0.932203,0.59322,0.0610558,0.5078
1,0.949153,0.59322,0.0860109,0.663781
1,0.966102,0.59322,0.0831298,0.863202
1,0.983051,0.59322,0.0451353,1.0938
1,1,0.59322,-0.0285306,1.21134
1,0,0.610169,0.0649318,0.199817
1,0.0169492,0.610169,0.098351,0.134605
1,0.0338983,0.610169,0.124746,0.00357129
1,0.0508475,0.610169,0.147773,-0.0506449
1,0.0677966,0.610169,0.173513,0.0768498
1,0.0847458,0.610169,0.209159,0.359206
1,0.101695,0.610169,0.261061,0.701918
1,0.118644,0.610169,0.332266,1.01387
1,0.135593,0.610169,0.419833,1.24632
1,0.152542,0.610169,0.512885,1.35572
1,0.169492,0.610169,0.593094,1.31969
1,0.186441,0.610169,0.63905,1.17003
1,0.20339,0.610169,0.633846,0.970867
1,0.220339,0.610169,0.572429,0.782553
1,0.237288,0.610169,0.464384,0.645325
1,0.254237,0.610169,0.330392,0.602794
1,0.271186,0.610169,0.194732,0.699524
1,0.288136,0.610169,0.0782624,0.926635
1,0.305085,0.610169,-0.00510211,1.18379
1,0.322034,0.610169,-0.0484205,1.36567
1,0.338983,0.610169,-0.050199,1.40764
1,0.355932,0.610169,-0.0131918,1.31781
1,0.372881,0.610169,0.0558941,1.11708
1,0.389831,0.610169,0.146473,0.862778
1,0.40678,0.610169,0.244972,0.590123
1,0.423729,0.610169,0.336882,0.306852
1,0.440678,0.610169,0.40918,0.0136045
1,0.457627,0.610169,0.451836,-0.245128
1,0.474576,0.610169,0.457719,-0.39325
1,0.491525,0.610169,0.421473,-0.344204
1,0.508475,0.610169,0.338849,-0.160544
1,0.525424,0.610169,0.207926,0.0356098
1,0.542373,0.610169,0.0324555,0.134639
1,0.559322,0.610169,-0.174304,0.131736
1,0.576271,0.610169,-0.388392,0.0650457
1,0.59322,0.610169,-0.579324,-0.0294017
1,0.610169,0.610169,-0.719264,-0.118481
1,0.627119,0.610169,-0.792838,-0.165989
1,0.644068,0.610169,-0.801925,-0.14949
1,0.661017,0.610169,-0.762858,-0.075403
1,0.677966,0.610169,-0.698369,0.0287634
1,0.694915,0.610169,-0.629171,0.116065
1,0.711864,0.610169,-0.568797,0.158976
1,0.728814,0.610169,-0.522416,0.156808
1,0.745763,0.610169,-0.488385,0.121671
1,0.762712,0.610169,-0.461027,0.0821431
1,0.779661,0.610169,-0.43361,0.0511125
1,0.79661,0.610169,-0.400866,0.0198949
1,0.813559,0.610169,-0.360471,-0.0216213
1,0.830508,0.610169,-0.313081,-0.0469125
1,0.847458,0.610169,-0.261105,-0.0415256
1,0.864407,0.610169,-0.20699,-0.0306561
1,0.881356,0.610169,-0.152036,-0.0284168
1,0.898305,0.610169,-0.0963889,-0.0163201
1,0.915254,0.610169,-0.0402702,0.0596887
1,0.932203,0.610169,0.014099,0.169013
1,0.949153,0.610169,0.0609313,0.293663
1,0.966102,0.610169,0.0909648,0.469139
1,0.983051,0.610169,0.0940364,0.649713
1,1,0.610169,0.0634695,0.72183
1,0,0.627119,0.120816,0.229924
1,0.0169492,0.627119,0.138865,0.125004
1,0.0338983,0.627119,0.149273,-0.0803729
1,0.0508475,0.627119,0.157316,-0.224491
1,0.0677966,0.627119,0.170566,-0.181514
1,0.0847458,0.627119,0.197406,0.0313679
1,0.101695,0.627119,0.245122,0.340213
1,0.118644,0.627119,0.317576,0.673998
1,0.135593,0.627119,0.412494,0.962962
1,0.152542,0.627119,0.519207,1.14632
1,0.169492,0.627119,0.618668,1.19772
1,0.186441,0.627119,0.68753,1.13593
1,0.20339,0.627119,0.706009,1.01124
1,0.220339,0.627119,0.666088,0.869923
1,0.237288,0.627119,0.575332,0.758744
1,0.254237,0.627119,0.453946,0.734542
1,0.271186,0.627119,0.327176,0.857375
1,0.288136,0.627119,0.217662,1.10784
1,0.305085,0.627119,0.141139,1.33286
1,0.322034,0.627119,0.105806,1.40575
1,0.338983,0.627119,0.113491,1.27285
1,0.355932,0.627119,0.16078,1.03471
1,0.372881,0.627119,0.239537,0.794052
1,0.389831,0.627119,0.337535,0.634851
1,0.40678,0.627119,0.44011,0.497926
1,0.423729,0.627119,0.532857,0.311554
1,0.440678,0.627119,0.604257,0.0318158
1,0.457627,0.627119,0.64675,-0.250201
1,0.474576,0.627119,0.65572,-0.38203
1,0.491525,0.627119,0.627283,-0.196456
1,0.508475,0.627119,0.556686,0.136088
1,0.525424,0.627119,0.439011,0.424839
1,0.542373,0.627119,0.272743,0.495173
1,0.559322,0.627119,0.0648646,0.408053
1,0.576271,0.627119,-0.165746,0.243843
1,0.59322,0.627119,-0.390164,0.0739401
1,0.610169,0.627119,-0.577443,-0.0591095
1,0.627119,0.627119,-0.705337,-0.115884
1,0.644068,0.627119,-0.767661,-0.086619
1,0.661017,0.627119,-0.774203,0.0208117
1,0.677966,0.627119,-0.744173,0.151455
1,0.694915,0.627119,-0.697679,0.214386
1,0.711864,0.627119,-0.649498,0.181241
1,0.728814,0.627119,-0.606731,0.0961901
1,0.745763,0.627119,-0.569678,0.0228953
1,0.762712,0.627119,-0.534469,-0.000615561
1,0.779661,0.627119,-0.496224,0.0106358
1,0.79661,0.627119,-0.451734,0.0173351
1,0.813559,0.627119,-0.400852,-0.00206309
1,0.830508,0.627119,-0.346189,-0.00977874
1,0.847458,0.627119,-0.29146,-0.0186505
1,0.864407,0.627119,-0.239461,-0.0671774
1,0.881356,0.627119,-0.190735,-0.144388
1,0.898305,0.627119,-0.143519,-0.201191
1,0.915254,0.627119,-0.0949812,-0.160301
1,0.932203,0.627119,-0.0433839,-0.128898
1,0.949153,0.627119,0.0096064,-0.110131
1,0.966102,0.627119,0.0576367,-0.0302449
1,0.983051,0.627119,0.0906849,0.0460123
1,1,0.627119,0.0986738,0.0686696
1,0,0.644068,0.160943,0.242847
1,0.0169492,0.644068,0.161359,0.110538
1,0.0338983,0.644068,0.154033,-0.167814
1,0.0508475,0.644068,0.145972,-0.404629
1,0.0677966,0.644068,0.146178,-0.450825
1,0.0847458,0.644068,0.164049,-0.302546
1,0.101695,0.644068,0.207645,-0.0156347
1,0.118644,0.644068,0.281571,0.347871
1,0.135593,0.644068,0.384281,0.70517
1,0.152542,0.644068,0.50547,0.97446
1,0.169492,0.644068,0.625515,1.10682
1,0.186441,0.644068,0.719171,1.11028
1,0.20339,0.644068,0.763641,1.04312
1,0.220339,0.644068,0.747689,0.968593
1,0.237288,0.644068,0.676568,0.943699
1,0.254237,0.644068,0.569773,0.998332
1,0.271186,0.644068,0.453367,1.1614
1,0.288136,0.644068,0.351664,1.36013
1,0.305085,0.644068,0.282113,1.46692
1,0.322034,0.644068,0.254013,1.37222
1,0.338983,0.644068,0.269344,1.08619
1,0.355932,0.644068,0.323862,0.73973
1,0.372881,0.644068,0.407949,0.491846
1,0.389831,0.644068,0.507885,0.411956
1,0.40678,0.644068,0.6083,0.401913
1,0.423729,0.644068,0.695483,0.319253
1,0.440678,0.644068,0.760074,0.0985369
1,0.457627,0.644068,0.797586,-0.147896
1,0.474576,0.644068,0.806451,-0.216944
1,0.491525,0.644068,0.784786,0.0226052
1,0.508475,0.644068,0.727944,0.399986
1,0.525424,0.644068,0.628667,0.700182
1,0.542373,0.644068,0.480638,0.760604
1,0.559322,0.644068,0.284451,0.634515
1,0.576271,0.644068,0.0528924,0.401374
1,0.59322,0.644068,-0.188521,0.136724
1,0.610169,0.644068,-0.407935,-0.0916631
1,0.627119,0.644068,-0.578066,-0.209199
1,0.644068,0.644068,-0.685546,-0.175666
1,0.661017,0.644068,-0.733444,-0.0104407
1,0.677966,0.644068,-0.736507,0.171204
1,0.694915,0.644068,-0.713026,0.230663
1,0.711864,0.644068,-0.677945,0.142664
1,0.728814,0.644068,-0.639592,-0.00969802
1,0.745763,0.644068,-0.599917,-0.122583
1,0.762712,0.644068,-0.556924,-0.155648
1,0.779661,0.644068,-0.507861,-0.132112
1,0.79661,0.644068,-0.45189,-0.0997453
1,0.813559,0.644068,-0.391252,-0.0578491
1,0.830508,0.644068,-0.330557,-0.00473882
1,0.847458,0.644068,-0.274773,0.0231161
1,0.864407,0.644068,-0.227061,0.00479957
1,0.881356,0.644068,-0.187488,-0.0499802
1,0.898305,0.644068,-0.153018,-0.092314
1,0.915254,0.644068,-0.11868,-0.131663
1,0.932203,0.644068,-0.0796123,-0.227547
1,0.949153,0.644068,-0.0336095,-0.35064
1,0.966102,0.644068,0.0167223,-0.461775
1,0.983051,0.644068,0.0635434,-0.564187
1,1,0.644068,0.0961239,-0.621208
1,0,0.661017,0.183515,0.296558
1,0.0169492,0.661017,0.164667,0.134106
1,0.0338983,0.661017,0.138572,-0.232815
1,0.0508475,0.661017,0.114003,-0.576685
1,0.0677966,0.661017,0.10124,-0.709728
1,0.0847458,0.661017,0.110465,-0.612953
1,0.101695,0.661017,0.150304,-0.339858
1,0.118644,0.661017,0.22603,0.0594685
1,0.135593,0.661017,0.336887,0.495146
1,0.152542,0.661017,0.473086,0.856733
1,0.169492,0.661017,0.614573,1.05802
1,0.186441,0.661017,0.734226,1.10323
1,0.20339,0.661017,0.806118,1.08239
1,0.220339,0.661017,0.815571,1.10345
1,0.237288,0.661017,0.765307,1.21691
1,0.254237,0.661017,0.673963,1.38551
1,0.271186,0.661017,0.568333,1.5591
1,0.288136,0.661017,0.474337,1.65832
1,0.305085,0.661017,0.411032,1.60648
1,0.322034,0.661017,0.388672,1.3518
1,0.338983,0.661017,0.409224,0.926727
1,0.355932,0.661017,0.467513,0.483506
1,0.372881,0.661017,0.552468,0.20939
1,0.389831,0.661017,0.649096,0.21034
1,0.40678,0.661017,0.741721,0.335726
1,0.423729,0.661017,0.817805,0.379231
1,0.440678,0.661017,0.870564,0.231743
1,0.457627,0.661017,0.898859,0.0391504
1,0.474576,0.661017,0.904321,0.0166347
1,0.491525,0.661017,0.887266,0.265978
1,0.508475,0.661017,0.843571,0.635126
1,0.525424,0.661017,0.764347,0.913395
1,0.542373,0.661017,0.639327,0.96655
1,0.559322,0.661017,0.463328,0.813949
1,0.576271,0.661017,0.242991,0.517576
1,0.59322,0.661017,-0.00056116,0.133011
1,0.610169,0.661017,-0.236305,-0.233766
1,0.627119,0.661017,-0.433866,-0.448235
1,0.644068,0.661017,-0.574213,-0.405456
1,0.661017,0.661017,-0.654397,-0.154581
1,0.677966,0.661017,-0.684582,0.10996
1,0.694915,0.661017,-0.680602,0.189285
1,0.711864,0.661017,-0.656794,0.0535777
1,0.728814,0.661017,-0.622098,-0.159635
1,0.745763,0.661017,-0.579782,-0.315317
1,0.762712,0.661017,-0.529644,-0.365615
1,0.779661,0.661017,-0.471103,-0.342417
1,0.79661,0.661017,-0.405682,-0.272625
1,0.813559,0.661017,-0.337798,-0.14909
1,0.830508,0.661017,-0.27364,-0.0099552
1,0.847458,0.661017,-0.218914,0.103972
1,0.864407,0.661017,-0.17675,0.182805
1,0.881356,0.661017,-0.146678,0.221748
1,0.898305,0.661017,-0.124809,0.205609
1,0.915254,0.661017,-0.104946,0.0733821
1,0.932203,0.661017,-0.0803779,-0.157597
1,0.949153,0.661017,-0.0462714,-0.448289
1,0.966102,0.661017,-0.00218563,-0.799912
1,0.983051,0.661017,0.0465442,-1.12548
1,1,0.661017,0.0899837,-1.28599
1,0,0.677966,0.187411,0.432989
1,0.0169492,0.677966,0.148424,0.219194
1,0.0338983,0.677966,0.103337,-0.249585
1,0.0508475,0.677966,0.0626263,-0.70805
1,0.0677966,0.677966,0.0376173,-0.913612
1,0.0847458,0.677966,0.0389843,-0.864349
1,0.101695,0.677966,0.0757053,-0.6119
1,0.118644,0.677966,0.153647,-0.182254
1,0.135593,0.677966,0.272924,0.323569
1,0.152542,0.677966,0.424426,0.76935
1,0.169492,0.677966,0.587804,1.02983
1,0.186441,0.677966,0.734079,1.11822
1,0.20339,0.677966,0.834062,1.16201
1,0.220339,0.677966,0.869441,1.30674
1,0.237288,0.677966,0.84025,1.5711
1,0.254237,0.677966,0.7642,1.83088
1,0.271186,0.677966,0.668809,1.99081
1,0.288136,0.677966,0.581591,1.98041
1,0.305085,0.677966,0.523143,1.78224
1,0.322034,0.677966,0.50456,1.38471
1,0.338983,0.677966,0.527693,0.831149
1,0.355932,0.677966,0.586408,0.296922
1,0.372881,0.677966,0.668296,-0.00151825
1,0.389831,0.677966,0.757359,0.084036
1,0.40678,0.677966,0.83798,0.313211
1,0.423729,0.677966,0.899112,0.452031
1,0.440678,0.677966,0.936704,0.346305
1,0.457627,0.677966,0.952888,0.207408
1,0.474576,0.677966,0.952288,0.230762
1,0.491525,0.677966,0.937274,0.511725
1,0.508475,0.677966,0.904401,0.875907
1,0.525424,0.677966,0.843751,1.12715
1,0.542373,0.677966,0.742104,1.14355
1,0.559322,0.677966,0.589616,0.938455
1,0.576271,0.677966,0.387537,0.564428
1,0.59322,0.677966,0.152561,0.0517349
1,0.610169,0.677966,-0.0861074,-0.449411
1,0.627119,0.677966,-0.296667,-0.754189
1,0.644068,0.677966,-0.456212,-0.691089
1,0.661017,0.677966,-0.557122,-0.358656
1,0.677966,0.677966,-0.605632,-0.0218069
1,0.694915,0.677966,-0.615139,0.0617785
1,0.711864,0.677966,-0.599041,-0.113434
1,0.728814,0.677966,-0.566492,-0.350439
1,0.745763,0.677966,-0.521782,-0.509086
1,0.762712,0.677966,-0.466317,-0.547775
1,0.779661,0.677966,-0.401491,-0.512465
1,0.79661,0.677966,-0.33083,-0.398801
1,0.813559,0.677966,-0.260335,-0.19566
1,0.830508,0.677966,-0.196984,0.0190247
1,0.847458,0.677966,-0.146406,0.213672
1,0.864407,0.677966,-0.11105,0.384126
1,0.881356,0.677966,-0.0895777,0.499956
1,0.898305,0.677966,-0.0773491,0.492647
1,0.915254,0.677966,-0.0675227,0.265358
1,0.932203,0.677966,-0.0526157,-0.0784088
1,0.949153,0.677966,-0.0266517,-0.515034
1,0.966102,0.677966,0.0122889,-1.08498
1,0.983051,0.677966,0.0602293,-1.60378
1,1,0.677966,0.107808,-1.85578
1,0,0.694915,0.17223,0.601227
1,0.0169492,0.694915,0.113073,0.361047
1,0.0338983,0.694915,0.0496282,-0.174732
1,0.0508475,0.694915,-0.00608579,-0.714333
1,0.0677966,0.694915,-0.0420079,-0.999862
1,0.0847458,0.694915,-0.0472954,-1.01892
1,0.101695,0.694915,-0.0128379,-0.803606
1,0.118644,0.694915,0.0677754,-0.381504
1,0.135593,0.694915,0.195634,0.141258
1,0.152542,0.694915,0.362482,0.630745
1,0.169492,0.694915,0.54781,0.956281
1,0.186441,0.694915,0.720784,1.14887
1,0.20339,0.694915,0.848832,1.32871
1,0.220339,0.694915,0.909832,1.62597
1,0.237288,0.694915,0.901038,1.98074
1,0.254237,0.694915,0.839249,2.2727
1,0.271186,0.694915,0.752784,2.391
1,0.288136,0.694915,0.670791,2.28109
1,0.305085,0.694915,0.615382,1.95665
1,0.322034,0.694915,0.598422,1.44191
1,0.338983,0.694915,0.621596,0.828676
1,0.355932,0.694915,0.677864,0.280479
1,0.372881,0.694915,0.753662,0.0141574
1,0.389831,0.694915,0.832279,0.0714492
1,0.40678,0.694915,0.898444,0.261928
1,0.423729,0.694915,0.942761,0.379724
1,0.440678,0.694915,0.963806,0.346223
1,0.457627,0.694915,0.966626,0.321576
1,0.474576,0.694915,0.95834,0.446841
1,0.491525,0.694915,0.94296,0.771115
1,0.508475,0.694915,0.917636,1.13096
1,0.525424,0.694915,0.87185,1.34279
1,0.542373,0.694915,0.790423,1.28291
1,0.559322,0.694915,0.660221,0.975478
1,0.576271,0.694915,0.478441,0.492159
1,0.59322,0.694915,0.258103,-0.104676
1,0.610169,0.694915,0.0263602,-0.649795
1,0.627119,0.694915,-0.184796,-0.966364
1,0.644068,0.694915,-0.350386,-0.900759
1,0.661017,0.694915,-0.459872,-0.596275
1,0.677966,0.694915,-0.516782,-0.298916
1,0.694915,0.694915,-0.532638,-0.24145
1,0.711864,0.694915,-0.519961,-0.360454
1,0.728814,0.694915,-0.487933,-0.519234
1,0.745763,0.694915,-0.441625,-0.606893
1,0.762712,0.694915,-0.383771,-0.610441
1,0.779661,0.694915,-0.317345,-0.542205
1,0.79661,0.694915,-0.247258,-0.374325
1,0.813559,0.694915,-0.180244,-0.143816
1,0.830508,0.694915,-0.123099,0.0953116
1,0.847458,0.694915,-0.0804651,0.322578
1,0.864407,0.694915,-0.0534217,0.512059
1,0.881356,0.694915,-0.0393566,0.620263
1,0.898305,0.694915,-0.0327463,0.554468
1,0.915254,0.694915,-0.0263015,0.275831
1,0.932203,0.694915,-0.0124079,-0.134477
1,0.949153,0.694915,0.0148338,-0.675016
1,0.966102,0.694915,0.0570484,-1.33183
1,0.983051,0.694915,0.109654,-1.91011
1,1,0.694915,0.162365,-2.17023
1,0,0.711864,0.138304,0.840863
1,0.0169492,0.711864,0.0598176,0.588992
1,0.0338983,0.711864,-0.0205017,-0.00198369
1,0.0508475,0.711864,-0.0893569,-0.620775
1,0.0677966,0.711864,-0.134324,-1.0072
1,0.0847458,0.711864,-0.144735,-1.11182
1,0.101695,0.711864,-0.11155,-0.961709
1,0.118644,0.711864,-0.0278369,-0.603958
1,0.135593,0.711864,0.108595,-0.118687
1,0.152542,0.711864,0.29053,0.387419
1,0.169492,0.711864,0.497431,0.805856
1,0.186441,0.711864,0.696609,1.14733
1,0.20339,0.711864,0.851986,1.50448
1,0.220339,0.711864,0.937513,1.92111
1,0.237288,0.711864,0.947637,2.32344
1,0.254237,0.711864,0.898347,2.62271
1,0.271186,0.711864,0.818903,2.70868
1,0.288136,0.711864,0.740172,2.5101
1,0.305085,0.711864,0.685772,2.08526
1,0.322034,0.711864,0.668289,1.52177
1,0.338983,0.711864,0.689241,0.92831
1,0.355932,0.711864,0.740788,0.432139
1,0.372881,0.711864,0.808444,0.153548
1,0.389831,0.711864,0.875076,0.0892424
1,0.40678,0.711864,0.925981,0.140245
1,0.423729,0.711864,0.95341,0.203021
1,0.440678,0.711864,0.958265,0.264999
1,0.457627,0.711864,0.94794,0.387681
1,0.474576,0.711864,0.931365,0.632976
1,0.491525,0.711864,0.91362,1.00548
1,0.508475,0.711864,0.892212,1.37019
1,0.525424,0.711864,0.856319,1.54473
1,0.542373,0.711864,0.78974,1.37809
1,0.559322,0.711864,0.677553,0.929109
1,0.576271,0.711864,0.514598,0.334465
1,0.59322,0.711864,0.311511,-0.272818
1,0.610169,0.711864,0.0936906,-0.767502
1,0.627119,0.711864,-0.107582,-1.04053
1,0.644068,0.711864,-0.267031,-1.02484
1,0.661017,0.711864,-0.373178,-0.833222
1,0.677966,0.711864,-0.4284,-0.647083
1,0.694915,0.711864,-0.443217,-0.572422
1,0.711864,0.711864,-0.429547,-0.56832
1,0.728814,0.711864,-0.396522,-0.592826
1,0.745763,0.711864,-0.349759,-0.595101
1,0.762712,0.711864,-0.292984,-0.550099
1,0.779661,0.711864,-0.23024,-0.439031
1,0.79661,0.711864,-0.167081,-0.256078
1,0.813559,0.711864,-0.110023,-0.0441663
1,0.830508,0.711864,-0.0646775,0.176586
1,0.847458,0.711864,-0.0338398,0.379766
1,0.864407,0.711864,-0.0166029,0.515931
1,0.881356,0.711864,-0.0086977,0.54875
1,0.898305,0.711864,-0.00350055,0.428463
1,0.915254,0.711864,0.0067689,0.139183
1,0.932203,0.711864,0.0295465,-0.28924
1,0.949153,0.711864,0.0697083,-0.843749
1,0.966102,0.711864,0.126839,-1.45934
1,0.983051,0.711864,0.193443,-1.9878
1,1,0.711864,0.256159,-2.2201
1,0,0.728814,0.0866891,1.17511
1,0.0169492,0.728814,-0.00944024,0.887204
1,0.0338983,0.728814,-0.104372,0.222064
1,0.0508475,0.728814,-0.183881,-0.499568
1,0.0677966,0.728814,-0.2356,-0.993591
1,0.0847458,0.728814,-0.249383,-1.20999
1,0.101695,0.728814,-0.216437,-1.17329
1,0.118644,0.728814,-0.129303,-0.928152
1,0.135593,0.728814,0.0154489,-0.512353
1,0.152542,0.728814,0.211831,-2.46747e-05
1,0.169492,0.728814,0.439401,0.49299
1,0.186441,0.728814,0.663623,0.967606
1,0.20339,0.728814,0.844836,1.48419
1,0.220339,0.728814,0.953007,2.00233
1,0.237288,0.728814,0.979848,2.45012
1,0.254237,0.728814,0.940719,2.78052
1,0.271186,0.728814,0.866007,2.85683
1,0.288136,0.728814,0.788381,2.59845
1,0.305085,0.728814,0.732944,2.13872
1,0.322034,0.728814,0.712939,1.5882
1,0.338983,0.728814,0.729722,1.05028
1,0.355932,0.728814,0.774797,0.597058
1,0.372881,0.728814,0.833021,0.282226
1,0.389831,0.728814,0.88713,0.0920471
1,0.40678,0.728814,0.923154,0.0148905
1,0.423729,0.728814,0.934878,0.0328398
1,0.440678,0.728814,0.925095,0.173804
1,0.457627,0.728814,0.902848,0.408546
1,0.474576,0.728814,0.878108,0.740793
1,0.491525,0.728814,0.856385,1.15644
1,0.508475,0.728814,0.835253,1.53345
1,0.525424,0.728814,0.803839,1.68142
1,0.542373,0.728814,0.74586,1.39941
1,0.559322,0.728814,0.646195,0.827054
1,0.576271,0.728814,0.499218,0.169962
1,0.59322,0.728814,0.314714,-0.386899
1,0.610169,0.728814,0.116819,-0.783912
1,0.627119,0.728814,-0.0647456,-0.999233
1,0.644068,0.728814,-0.206269,-1.0147
1,0.661017,0.728814,-0.297439,-0.921066
1,0.677966,0.728814,-0.341133,-0.825999
1,0.694915,0.728814,-0.347756,-0.724123
1,0.711864,0.728814,-0.328854,-0.612826
1,0.728814,0.728814,-0.293378,-0.546105
1,0.745763,0.728814,-0.247215,-0.500722
1,0.762712,0.728814,-0.194728,-0.436943
1,0.779661,0.728814,-0.140532,-0.321058
1,0.79661,0.728814,-0.0901132,-0.161507
1,0.813559,0.728814,-0.0488719,0.00551293
1,0.830508,0.728814,-0.020307,0.193868
1,0.847458,0.728814,-0.00457682,0.353834
1,0.864407,0.728814,0.00175965,0.418053
1,0.881356,0.728814,0.00497334,0.386901
1,0.898305,0.728814,0.0130036,0.248719
1,0.915254,0.728814,0.0341834,-0.00482345
1,0.932203,0.728814,0.0754674,-0.376874
1,0.949153,0.728814,0.139715,-0.852812
1,0.966102,0.728814,0.222606,-1.35486
1,0.983051,0.728814,0.311281,-1.79939
1,1,0.728814,0.387093,-2.00896
1,0,0.745763,0.0191213,1.48967
1,0.0169492,0.745763,-0.0922016,1.18115
1,0.0338983,0.745763,-0.198818,0.467443
1,0.0508475,0.745763,-0.286001,-0.337268
1,0.0677966,0.745763,-0.34189,-0.96077
1,0.0847458,0.745763,-0.35719,-1.35106
1,0.101695,0.745763,-0.323507,-1.49728
1,0.118644,0.745763,-0.232829,-1.40875
1,0.135593,0.745763,-0.0803432,-1.08821
1,0.152542,0.745763,0.12936,-0.612206
1,0.169492,0.745763,0.376059,-0.0922012
1,0.186441,0.745763,0.623404,0.494032
1,0.20339,0.745763,0.828142,1.13188
1,0.220339,0.745763,0.956312,1.72358
1,0.237288,0.745763,0.997071,2.24421
1,0.254237,0.745763,0.965402,2.62356
1,0.271186,0.745763,0.893004,2.69934
1,0.288136,0.745763,0.814392,2.48933
1,0.305085,0.745763,0.756055,2.09597
1,0.322034,0.745763,0.73178,1.6169
1,0.338983,0.745763,0.742746,1.12764
1,0.355932,0.745763,0.779945,0.686494
1,0.372881,0.745763,0.827867,0.328082
1,0.389831,0.745763,0.869419,0.071413
1,0.40678,0.745763,0.891506,-0.0601166
1,0.423729,0.745763,0.889293,-0.0453251
1,0.440678,0.745763,0.866959,0.127577
1,0.457627,0.745763,0.834461,0.403429
1,0.474576,0.745763,0.802027,0.763427
1,0.491525,0.745763,0.774983,1.17712
1,0.508475,0.745763,0.750726,1.52867
1,0.525424,0.745763,0.718658,1.6254
1,0.542373,0.745763,0.663436,1.28496
1,0.559322,0.745763,0.571413,0.68796
1,0.576271,0.745763,0.438431,0.0642161
1,0.59322,0.745763,0.274895,-0.388576
1,0.610169,0.745763,0.103961,-0.662629
1,0.627119,0.745763,-0.0473509,-0.784461
1,0.644068,0.745763,-0.158974,-0.77541
1,0.661017,0.745763,-0.223902,-0.722599
1,0.677966,0.745763,-0.246976,-0.660771
1,0.694915,0.745763,-0.239059,-0.533685
1,0.711864,0.745763,-0.211249,-0.420602
1,0.728814,0.745763,-0.171959,-0.368193
1,0.745763,0.745763,-0.126982,-0.357088
1,0.762712,0.745763,-0.0810015,-0.344209
1,0.779661,0.745763,-0.0388539,-0.292192
1,0.79661,0.745763,-0.00544605,-0.207922
1,0.813559,0.745763,0.0156241,-0.0708148
1,0.830508,0.745763,0.023745,0.102863
1,0.847458,0.745763,0.0220935,0.228632
1,0.864407,0.745763,0.0171635,0.258774
1,0.881356,0.745763,0.0175465,0.211689
1,0.898305,0.745763,0.0326233,0.108651
1,0.915254,0.745763,0.0711279,-0.0413001
1,0.932203,0.745763,0.138879,-0.265341
1,0.949153,0.745763,0.235312,-0.572765
1,0.966102,0.745763,0.350049,-0.92494
1,0.983051,0.745763,0.462511,-1.26015
1,1,0.745763,0.547198,-1.4117
1,0,0.762712,-0.0620475,1.73649
1,0.0169492,0.762712,-0.185478,1.43326
1,0.0338983,0.762712,-0.300338,0.705113
1,0.0508475,0.762712,-0.391881,-0.152654
1,0.0677966,0.762712,-0.449211,-0.927294
1,0.0847458,0.762712,-0.464197,-1.53164
1,0.101695,0.762712,-0.428959,-1.90414
1,0.118644,0.762712,-0.334898,-1.9841
1,0.135593,0.762712,-0.175693,-1.78242
1,0.152542,0.762712,0.0456197,-1.39165
1,0.169492,0.762712,0.309167,-0.863648
1,0.186441,0.762712,0.576876,-0.205285
1,0.20339,0.762712,0.802012,0.497516
1,0.220339,0.762712,0.946881,1.15905
1,0.237288,0.762712,0.99838,1.74604
1,0.254237,0.762712,0.971404,2.16711
1,0.271186,0.762712,0.899111,2.3291
1,0.288136,0.762712,0.817789,2.25533
1,0.305085,0.762712,0.755109,1.99226
1,0.322034,0.762712,0.725197,1.59737
1,0.338983,0.762712,0.728987,1.13413
1,0.355932,0.762712,0.757097,0.678497
1,0.372881,0.762712,0.793946,0.297154
1,0.389831,0.762712,0.822939,0.0397273
1,0.40678,0.762712,0.832025,-0.0749572
1,0.423729,0.762712,0.817604,-0.0437091
1,0.440678,0.762712,0.784761,0.119037
1,0.457627,0.762712,0.743659,0.373996
1,0.474576,0.762712,0.704061,0.698915
1,0.491525,0.762712,0.670589,1.05473
1,0.508475,0.762712,0.640354,1.33742
1,0.525424,0.762712,0.603502,1.37989
1,0.542373,0.762712,0.546782,1.06126
1,0.559322,0.762712,0.459733,0.531252
1,0.576271,0.762712,0.341441,0.0175559
1,0.59322,0.762712,0.203991,-0.298114
1,0.610169,0.762712,0.0692519,-0.414864
1,0.627119,0.762712,-0.0401383,-0.401371
1,0.644068,0.762712,-0.110076,-0.330446
1,0.661017,0.762712,-0.138808,-0.258517
1,0.677966,0.762712,-0.134081,-0.176997
1,0.694915,0.762712,-0.107165,-0.0877234
1,0.711864,0.762712,-0.0680941,-0.0614002
1,0.728814,0.762712,-0.0240648,-0.103933
1,0.745763,0.762712,0.0197003,-0.194705
1,0.762712,0.762712,0.0584177,-0.301958
1,0.779661,0.762712,0.0871374,-0.377035
1,0.79661,0.762712,0.101691,-0.369932
1,0.813559,0.762712,0.100615,-0.239031
1,0.830508,0.762712,0.0866695,-0.0567508
1,0.847458,0.762712,0.066895,0.0735258
1,0.864407,0.762712,0.0512704,0.109894
1,0.881356,0.762712,0.0509329,0.0854172
1,0.898305,0.762712,0.0766144,0.0601925
1,0.915254,0.762712,0.136888,0.0778611
1,0.932203,0.762712,0.235217,0.0757032
1,0.949153,0.762712,0.365703,-0.0137404
1,0.966102,0.762712,0.509691,-0.207571
1,0.983051,0.762712,0.637243,-0.417122
1,1,0.762712,0.715998,-0.493011
1,0,0.779661,-0.15394,1.89066
1,0.0169492,0.779661,-0.28591,1.5763
1,0.0338983,0.779661,-0.40523,0.855435
1,0.0508475,0.779661,-0.497651,-0.0201439
1,0.0677966,0.779661,-0.553698,-0.89872
1,0.0847458,0.779661,-0.566674,-1.67703
1,0.101695,0.779661,-0.529315,-2.24286
1,0.118644,0.779661,-0.4324,-2.45643
1,0.135593,0.779661,-0.267997,-2.36408
1,0.152542,0.779661,-0.0374536,-2.07274
1,0.169492,0.779661,0.239859,-1.56329
1,0.186441,0.779661,0.524338,-0.879158
1,0.20339,0.779661,0.766027,-0.16102
1,0.220339,0.779661,0.923861,0.536209
1,0.237288,0.779661,0.982872,1.17316
1,0.254237,0.779661,0.958148,1.65302
1,0.271186,0.779661,0.884335,1.9286
1,0.288136,0.779661,0.799278,2.00669
1,0.305085,0.779661,0.731475,1.87137
1,0.322034,0.779661,0.69509,1.5448
1,0.338983,0.779661,0.690687,1.08616
1,0.355932,0.779661,0.708624,0.608599
1,0.372881,0.779661,0.733552,0.221695
1,0.389831,0.779661,0.749731,-0.00143603
1,0.40678,0.779661,0.746375,-0.0709599
1,0.423729,0.779661,0.721042,-0.0201664
1,0.440678,0.779661,0.679327,0.114381
1,0.457627,0.779661,0.630992,0.30917
1,0.474576,0.779661,0.584732,0.552875
1,0.491525,0.779661,0.544098,0.819599
1,0.508475,0.779661,0.505975,1.02867
1,0.525424,0.779661,0.461883,1.05317
1,0.542373,0.779661,0.401898,0.781938
1,0.559322,0.779661,0.320334,0.356908
1,0.576271,0.779661,0.220872,-0.0182954
1,0.59322,0.779661,0.117609,-0.165147
1,0.610169,0.779661,0.0300115,-0.114085
1,0.627119,0.779661,-0.0258973,0.0271686
1,0.644068,0.779661,-0.0443056,0.157083
1,0.661017,0.779661,-0.0301149,0.259553
1,0.677966,0.779661,0.00592584,0.35924
1,0.694915,0.779661,0.0530117,0.393648
1,0.711864,0.779661,0.103358,0.316483
1,0.728814,0.779661,0.151971,0.173381
1,0.745763,0.779661,0.19473,-0.0291024
1,0.762712,0.779661,0.226858,-0.270169
1,0.779661,0.779661,0.243116,-0.47117
1,0.79661,0.779661,0.239838,-0.522912
1,0.813559,0.779661,0.217564,-0.372873
1,0.830508,0.779661,0.182483,-0.163098
1,0.847458,0.779661,0.145685,-0.00747328
1,0.864407,0.779661,0.120806,0.0526455
1,0.881356,0.779661,0.121496,0.0705966
1,0.898305,0.779661,0.159399,0.144528
1,0.915254,0.779661,0.241905,0.355727
1,0.932203,0.779661,0.368476,0.576208
1,0.949153,0.779661,0.525905,0.684432
1,0.966102,0.779661,0.685765,0.614108
1,0.983051,0.779661,0.808837,0.503612
1,1,0.779661,0.858264,0.475774
1,0,0.79661,-0.253266,1.76659
1,0.0169492,0.79661,-0.389891,1.47324
1,0.0338983,0.79661,-0.509716,0.840991
1,0.0508475,0.79661,-0.599531,0.0378359
1,0.0677966,0.79661,-0.651701,-0.835866
1,0.0847458,0.79661,-0.661211,-1.66934
1,0.101695,0.79661,-0.621491,-2.30925
1,0.118644,0.79661,-0.522677,-2.57846
1,0.135593,0.79661,-0.355153,-2.58046
1,0.152542,0.79661,-0.118456,-2.37412
1,0.169492,0.79661,0.168756,-1.89647
1,0.186441,0.79661,0.465672,-1.27735
1,0.20339,0.79661,0.719567,-0.615012
1,0.220339,0.79661,0.886528,0.0788763
1,0.237288,0.79661,0.950168,0.735199
1,0.254237,0.79661,0.92597,1.26969
1,0.271186,0.79661,0.849938,1.65113
1,0.288136,0.79661,0.76107,1.83432
1,0.305085,0.79661,0.688208,1.77844
1,0.322034,0.79661,0.645166,1.48156
1,0.338983,0.79661,0.631983,1.00985
1,0.355932,0.79661,0.638853,0.507605
1,0.372881,0.79661,0.650962,0.126946
1,0.389831,0.79661,0.653807,-0.0506936
1,0.40678,0.79661,0.638138,-0.06472
1,0.423729,0.79661,0.602692,0.00850124
1,0.440678,0.79661,0.553292,0.106995
1,0.457627,0.79661,0.498837,0.218645
1,0.474576,0.79661,0.446515,0.353425
1,0.491525,0.79661,0.398601,0.508186
1,0.508475,0.79661,0.351965,0.632419
1,0.525424,0.79661,0.300215,0.638854
1,0.542373,0.79661,0.2379,0.449817
1,0.559322,0.79661,0.165341,0.190632
1,0.576271,0.79661,0.0914884,-0.000170219
1,0.59322,0.79661,0.031933,0.0133591
1,0.610169,0.79661,0.00189402,0.157214
1,0.627119,0.79661,0.00833508,0.343339
1,0.644068,0.79661,0.0468894,0.478024
1,0.661017,0.79661,0.105506,0.600556
1,0.677966,0.79661,0.171314,0.703743
1,0.694915,0.79661,0.23556,0.684303
1,0.711864,0.79661,0.294256,0.571036
1,0.728814,0.79661,0.345668,0.390719
1,0.745763,0.79661,0.387254,0.126699
1,0.762712,0.79661,0.414218,-0.190319
1,0.779661,0.79661,0.420668,-0.453504
1,0.79661,0.79661,0.402899,-0.505537
1,0.813559,0.79661,0.362916,-0.35189
1,0.830508,0.79661,0.309914,-0.132154
1,0.847458,0.79661,0.258734,0.0450763
1,0.864407,0.79661,0.226395,0.150853
1,0.881356,0.79661,0.228624,0.24228
1,0.898305,0.79661,0.277176,0.434849
1,0.915254,0.79661,0.377004,0.778696
1,0.932203,0.79661,0.52205,1.12646
1,0.949153,0.79661,0.690662,1.3339
1,0.966102,0.79661,0.844891,1.33291
1,0.983051,0.79661,0.938758,1.27294
1,1,0.79661,0.935555,1.2557
1,0,0.813559,-0.356443,1.31245
1,0.0169492,0.813559,-0.493689,1.11723
1,0.0338983,0.813559,-0.61006,0.670303
1,0.0508475,0.813559,-0.693916,0.0400334
1,0.0677966,0.813559,-0.739862,-0.710789
1,0.0847458,0.813559,-0.744765,-1.45938
1,0.101695,0.813559,-0.70281,-2.03439
1,0.118644,0.813559,-0.603496,-2.32047
1,0.135593,0.813559,-0.435482,-2.36568
1,0.152542,0.813559,-0.196362,-2.19403
1,0.169492,0.813559,0.0962063,-1.81876
1,0.186441,0.813559,0.400695,-1.33625
1,0.20339,0.813559,0.662254,-0.777926
1,0.220339,0.813559,0.834765,-0.142503
1,0.237288,0.813559,0.900855,0.513003
1,0.254237,0.813559,0.876458,1.09581
1,0.271186,0.813559,0.7986,1.53249
1,0.288136,0.813559,0.706864,1.75716
1,0.305085,0.813559,0.629859,1.72632
1,0.322034,0.813559,0.580643,1.42911
1,0.338983,0.813559,0.55858,0.924423
1,0.355932,0.813559,0.553801,0.389504
1,0.372881,0.813559,0.552333,0.0131262
1,0.389831,0.813559,0.541291,-0.107808
1,0.40678,0.813559,0.513268,-0.0507491
1,0.423729,0.813559,0.468268,0.0548346
1,0.440678,0.813559,0.412174,0.113984
1,0.457627,0.813559,0.352703,0.131712
1,0.474576,0.813559,0.295244,0.144607
1,0.491525,0.813559,0.240728,0.171018
1,0.508475,0.813559,0.186275,0.186023
1,0.525424,0.813559,0.128215,0.158193
1,0.542373,0.813559,0.0664126,0.109607
1,0.559322,0.813559,0.00786352,0.08258
1,0.576271,0.813559,-0.033278,0.106671
1,0.59322,0.813559,-0.0411154,0.198898
1,0.610169,0.813559,-0.00675733,0.321715
1,0.627119,0.813559,0.0656396,0.448814
1,0.644068,0.813559,0.160554,0.556746
1,0.661017,0.813559,0.259322,0.666145
1,0.677966,0.813559,0.348568,0.74307
1,0.694915,0.813559,0.423442,0.734671
1,0.711864,0.813559,0.485178,0.659408
1,0.728814,0.813559,0.536096,0.513504
1,0.745763,0.813559,0.575487,0.272788
1,0.762712,0.813559,0.598412,-0.0330061
1,0.779661,0.813559,0.597932,-0.271943
1,0.79661,0.813559,0.569718,-0.315408
1,0.813559,0.813559,0.516524,-0.173299
1,0.830508,0.813559,0.449794,0.0455302
1,0.847458,0.813559,0.387383,0.252275
1,0.864407,0.813559,0.348955,0.428967
1,0.881356,0.813559,0.351498,0.618411
1,0.898305,0.813559,0.405923,0.896958
1,0.915254,0.813559,0.513729,1.27428
1,0.932203,0.813559,0.662692,1.63415
1,0.949153,0.813559,0.823198,1.84547
1,0.966102,0.813559,0.950215,1.85887
1,0.983051,0.813559,0.995526,1.78966
1,1,0.813559,0.928005,1.74746
1,0,0.830508,-0.45974,0.74753
1,0.0169492,0.830508,-0.593568,0.664359
1,0.0338983,0.830508,-0.702657,0.422397
1,0.0508475,0.830508,-0.777458,0.00481326
1,0.0677966,0.830508,-0.815156,-0.574242
1,0.0847458,0.830508,-0.814661,-1.17505
1,0.101695,0.830508,-0.770971,-1.635
1,0.118644,0.830508,-0.672966,-1.87748
1,0.135593,0.830508,-0.507569,-1.90741
1,0.152542,0.830508,-0.270285,-1.7551
1,0.169492,0.830508,0.022619,-1.48962
1,0.186441,0.830508,0.329559,-1.1617
1,0.20339,0.830508,0.594365,-0.735225
1,0.220339,0.830508,0.769414,-0.174663
1,0.237288,0.830508,0.83669,0.473347
1,0.254237,0.830508,0.812428,1.07592
1,0.271186,0.830508,0.734139,1.52281
1,0.288136,0.830508,0.641309,1.7407
1,0.305085,0.830508,0.561723,1.6979
1,0.322034,0.830508,0.507333,1.37329
1,0.338983,0.830508,0.476733,0.814499
1,0.355932,0.830508,0.46014,0.245285
1,0.372881,0.830508,0.444721,-0.116021
1,0.389831,0.830508,0.419575,-0.154406
1,0.40678,0.830508,0.379429,-0.0145878
1,0.423729,0.830508,0.325652,0.128888
1,0.440678,0.830508,0.264079,0.14768
1,0.457627,0.830508,0.201013,0.0832879
1,0.474576,0.830508,0.139852,-0.0094382
1,0.491525,0.830508,0.0801539,-0.0935571
1,0.508475,0.830508,0.0194834,-0.182312
1,0.525424,0.830508,-0.0427404,-0.239286
1,0.542373,0.830508,-0.100971,-0.14542
1,0.559322,0.830508,-0.141472,0.0385554
1,0.576271,0.830508,-0.145469,0.222858
1,0.59322,0.830508,-0.0980657,0.327555
1,0.610169,0.830508,0.00169662,0.371169
1,0.627119,0.830508,0.137474,0.407761
1,0.644068,0.830508,0.282712,0.462609
1,0.661017,0.830508,0.413411,0.536374
1,0.677966,0.830508,0.517428,0.592212
1,0.694915,0.830508,0.595266,0.612523
1,0.711864,0.830508,0.654184,0.601761
1,0.728814,0.830508,0.700793,0.534361
1,0.745763,0.830508,0.736152,0.36357
1,0.762712,0.830508,0.755013,0.115618
1,0.779661,0.830508,0.749164,-0.0581155
1,0.79661,0.830508,0.7133,-0.057071
1,0.813559,0.830508,0.650379,0.111566
1,0.830508,0.830508,0.57333,0.351607
1,0.847458,0.830508,0.502103,0.594758
1,0.864407,0.830508,0.458025,0.831241
1,0.881356,0.830508,0.458392,1.08112
1,0.898305,0.830508,0.512491,1.39023
1,0.915254,0.830508,0.618038,1.75555
1,0.932203,0.830508,0.757249,2.08373
1,0.949153,0.830508,0.894679,2.25681
1,0.966102,0.830508,0.982075,2.21907
1,0.983051,0.830508,0.973817,2.08543
1,1,0.830508,0.848256,2.00301
1,0,0.847458,-0.559417,0.251233
1,0.0169492,0.847458,-0.685906,0.246203
1,0.0338983,0.847458,-0.784139,0.148252
1,0.0508475,0.847458,-0.847127,-0.101593
1,0.0677966,0.847458,-0.874924,-0.524591
1,0.0847458,0.847458,-0.868597,-0.967035
1,0.101695,0.847458,-0.823995,-1.29516
1,0.118644,0.847458,-0.729429,-1.45329
1,0.135593,0.847458,-0.57009,-1.423
1,0.152542,0.847458,-0.339227,-1.26413
1,0.169492,0.847458,-0.0512313,-1.08891
1,0.186441,0.847458,0.253064,-0.885253
1,0.20339,0.847458,0.517084,-0.573121
1,0.220339,0.847458,0.692384,-0.0716962
1,0.237288,0.847458,0.760479,0.550404
1,0.254237,0.847458,0.737544,1.13927
1,0.271186,0.847458,0.660879,1.55147
1,0.288136,0.847458,0.569152,1.70908
1,0.305085,0.847458,0.488812,1.60412
1,0.322034,0.847458,0.430475,1.22181
1,0.338983,0.847458,0.391992,0.650513
1,0.355932,0.847458,0.363865,0.112559
1,0.372881,0.847458,0.334713,-0.177161
1,0.389831,0.847458,0.295939,-0.144204
1,0.40678,0.847458,0.24462,0.0399022
1,0.423729,0.847458,0.183533,0.193959
1,0.440678,0.847458,0.118328,0.200021
1,0.457627,0.847458,0.0536728,0.112155
1,0.474576,0.847458,-0.0092098,-0.0240538
1,0.491525,0.847458,-0.0722198,-0.170665
1,0.508475,0.847458,-0.137358,-0.325821
1,0.525424,0.847458,-0.202134,-0.395737
1,0.542373,0.847458,-0.255461,-0.221821
1,0.559322,0.847458,-0.277241,0.0526205
1,0.576271,0.847458,-0.244714,0.286742
1,0.59322,0.847458,-0.144726,0.351267
1,0.610169,0.847458,0.0152949,0.328133
1,0.627119,0.847458,0.207042,0.293144
1,0.644068,0.847458,0.393922,0.29838
1,0.661017,0.847458,0.547949,0.325303
1,0.677966,0.847458,0.65933,0.351605
1,0.694915,0.847458,0.734402,0.382488
1,0.711864,0.847458,0.786342,0.41038
1,0.728814,0.847458,0.825668,0.403038
1,0.745763,0.847458,0.85487,0.295223
1,0.762712,0.847458,0.868271,0.158528
1,0.779661,0.847458,0.85646,0.111359
1,0.79661,0.847458,0.813239,0.220362
1,0.813559,0.847458,0.74166,0.460405
1,0.830508,0.847458,0.6557,0.747419
1,0.847458,0.847458,0.576644,1.02594
1,0.864407,0.847458,0.526573,1.27733
1,0.881356,0.847458,0.522302,1.52591
1,0.898305,0.847458,0.571133,1.82088
1,0.915254,0.847458,0.667441,2.15791
1,0.932203,0.847458,0.789477,2.44762
1,0.949153,0.847458,0.89886,2.56392
1,0.966102,0.847458,0.947819,2.44219
1,0.983051,0.847458,0.896489,2.21993
1,1,0.847458,0.733534,2.09363
1,0,0.864407,-0.651868,-0.102044
1,0.0169492,0.864407,-0.767324,-0.096439
1,0.0338983,0.864407,-0.851462,-0.144811
1,0.0508475,0.864407,-0.900282,-0.308591
1,0.0677966,0.864407,-0.916915,-0.595562
1,0.0847458,0.864407,-0.904644,-0.898986
1,0.101695,0.864407,-0.860194,-1.11059
1,0.118644,0.864407,-0.771368,-1.16096
1,0.135593,0.864407,-0.621661,-1.04543
1,0.152542,0.864407,-0.401887,-0.859265
1,0.169492,0.864407,-0.124001,-0.713534
1,0.186441,0.864407,0.172815,-0.588801
1,0.20339,0.864407,0.432532,-0.359237
1,0.220339,0.864407,0.606485,0.0732777
1,0.237288,0.864407,0.675706,0.654215
1,0.254237,0.864407,0.655754,1.2074
1,0.271186,0.864407,0.582939,1.54428
1,0.288136,0.864407,0.494445,1.57343
1,0.305085,0.864407,0.415023,1.34625
1,0.322034,0.864407,0.353893,0.93495
1,0.338983,0.864407,0.308317,0.451657
1,0.355932,0.864407,0.269365,0.0522181
1,0.372881,0.864407,0.227418,-0.128804
1,0.389831,0.864407,0.176434,-0.0714329
1,0.40678,0.864407,0.115949,0.0962798
1,0.423729,0.864407,0.0500531,0.238188
1,0.440678,0.864407,-0.0160339,0.287
1,0.457627,0.864407,-0.0795613,0.250879
1,0.474576,0.864407,-0.141727,0.143797
1,0.491525,0.864407,-0.2061,-0.0178275
1,0.508475,0.864407,-0.27452,-0.187138
1,0.525424,0.864407,-0.341858,-0.248224
1,0.542373,0.864407,-0.392058,-0.116405
1,0.559322,0.864407,-0.399209,0.100482
1,0.576271,0.864407,-0.336787,0.267537
1,0.59322,0.864407,-0.193004,0.301042
1,0.610169,0.864407,0.0173563,0.250356
1,0.627119,0.864407,0.255461,0.179359
1,0.644068,0.864407,0.476015,0.134491
1,0.661017,0.864407,0.64779,0.110966
1,0.677966,0.864407,0.763278,0.0958424
1,0.694915,0.864407,0.833937,0.0915703
1,0.711864,0.864407,0.877891,0.0949307
1,0.728814,0.864407,0.908732,0.0866338
1,0.745763,0.864407,0.929939,0.0651341
1,0.762712,0.864407,0.935436,0.0973802
1,0.779661,0.864407,0.91501,0.231318
1,0.79661,0.864407,0.862136,0.48154
1,0.813559,0.864407,0.780381,0.816027
1,0.830508,0.864407,0.684804,1.16619
1,0.847458,0.864407,0.597636,1.4624
1,0.864407,0.864407,0.54109,1.66969
1,0.881356,0.864407,0.53102,1.85882
1,0.898305,0.864407,0.572806,2.10833
1,0.915254,0.864407,0.658403,2.41606
1,0.932203,0.864407,0.763981,2.68147
1,0.949153,0.864407,0.85072,2.75527
1,0.966102,0.864407,0.873507,2.55399
1,0.983051,0.864407,0.798753,2.23783
1,1,0.864407,0.623331,2.06524
1,0,0.881356,-0.73376,-0.399446
1,0.0169492,0.881356,-0.834798,-0.399414
1,0.0338983,0.881356,-0.902018,-0.430587
1,0.0508475,0.881356,-0.934758,-0.53802
1,0.0677966,0.881356,-0.939354,-0.729843
1,0.0847458,0.881356,-0.92129,-0.936156
1,0.101695,0.881356,-0.878174,-1.05847
1,0.118644,0.881356,-0.797381,-1.00624
1,0.135593,0.881356,-0.660779,-0.795978
1,0.152542,0.881356,-0.45658,-0.554894
1,0.169492,0.881356,-0.193727,-0.423291
1,0.186441,0.881356,0.0911778,-0.37131
1,0.20339,0.881356,0.343587,-0.220973
1,0.220339,0.881356,0.515093,0.148835
1,0.237288,0.881356,0.586066,0.693702
1,0.254237,0.881356,0.570769,1.2009
1,0.271186,0.881356,0.503741,1.42863
1,0.288136,0.881356,0.420146,1.29047
1,0.305085,0.881356,0.342855,0.955447
1,0.322034,0.881356,0.279808,0.567893
1,0.338983,0.881356,0.227972,0.232108
1,0.355932,0.881356,0.179325,0.0134633
1,0.372881,0.881356,0.126319,-0.0416299
1,0.389831,0.881356,0.0656342,0.0541566
1,0.40678,0.881356,-0.000786025,0.210277
1,0.423729,0.881356,-0.0678081,0.350151
1,0.440678,0.881356,-0.131032,0.453333
1,0.457627,0.881356,-0.190007,0.486108
1,0.474576,0.881356,-0.248669,0.430005
1,0.491525,0.881356,-0.312593,0.276589
1,0.508475,0.881356,-0.383979,0.110554
1,0.525424,0.881356,-0.455851,0.0314117
1,0.542373,0.881356,-0.508086,0.0858765
1,0.559322,0.881356,-0.509488,0.199211
1,0.576271,0.881356,-0.42934,0.276001
1,0.59322,0.881356,-0.255563,0.269141
1,0.610169,0.881356,-0.00779543,0.194994
1,0.627119,0.881356,0.26696,0.0942045
1,0.644068,0.881356,0.515942,0.010793
1,0.661017,0.881356,0.704428,-0.0549815
1,0.677966,0.881356,0.825799,-0.121707
1,0.694915,0.881356,0.894833,-0.184514
1,0.711864,0.881356,0.933021,-0.236736
1,0.728814,0.881356,0.956013,-0.264522
1,0.745763,0.881356,0.967909,-0.203985
1,0.762712,0.881356,0.962458,-0.00523209
1,0.779661,0.881356,0.929363,0.295628
1,0.79661,0.881356,0.862722,0.669571
1,0.813559,0.881356,0.767474,1.0833
1,0.830508,0.881356,0.660217,1.47731
1,0.847458,0.881356,0.564079,1.75596
1,0.864407,0.881356,0.501073,1.8691
1,0.881356,0.881356,0.485871,1.96948
1,0.898305,0.881356,0.522231,2.16972
1,0.915254,0.881356,0.600714,2.47282
1,0.932203,0.881356,0.696976,2.75878
1,0.949153,0.881356,0.773188,2.84004
1,0.966102,0.881356,0.787153,2.57078
1,0.983051,0.881356,0.709767,2.16237
1,1,0.881356,0.542343,1.92833
1,0,0.898305,-0.802161,-0.671315
1,0.0169492,0.898305,-0.885782,-0.669747
1,0.0338983,0.898305,-0.933742,-0.679029
1,0.0508475,0.898305,-0.948972,-0.739898
1,0.0677966,0.898305,-0.941035,-0.867155
1,0.0847458,0.898305,-0.917529,-1.00849
1,0.101695,0.898305,-0.876913,-1.07075
1,0.118644,0.898305,-0.806237,-0.942823
1,0.135593,0.898305,-0.685861,-0.683919
1,0.152542,0.898305,-0.501291,-0.420621
1,0.169492,0.898305,-0.257931,-0.325769
1,0.186441,0.898305,0.0110906,-0.301635
1,0.20339,0.898305,0.253577,-0.190155
1,0.220339,0.898305,0.421762,0.134381
1,0.237288,0.898305,0.495068,0.599667
1,0.254237,0.898305,0.485747,0.995697
1,0.271186,0.898305,0.425864,1.05916
1,0.288136,0.898305,0.348178,0.801019
1,0.305085,0.898305,0.273685,0.445062
1,0.322034,0.898305,0.209314,0.154898
1,0.338983,0.898305,0.152125,0.00787486
1,0.355932,0.898305,0.0953957,-0.00576697
1,0.372881,0.898305,0.0339247,0.093123
1,0.389831,0.898305,-0.0328249,0.264264
1,0.40678,0.898305,-0.100726,0.438943
1,0.423729,0.898305,-0.16406,0.585937
1,0.440678,0.898305,-0.21978,0.70822
1,0.457627,0.898305,-0.270181,0.760803
1,0.474576,0.898305,-0.322262,0.724792
1,0.491525,0.898305,-0.383995,0.583639
1,0.508475,0.898305,-0.458625,0.436334
1,0.525424,0.898305,-0.538408,0.348129
1,0.542373,0.898305,-0.600338,0.342174
1,0.559322,0.898305,-0.608484,0.361081
1,0.576271,0.898305,-0.527004,0.354832
1,0.59322,0.898305,-0.340803,0.302887
1,0.610169,0.898305,-0.0706828,0.200444
1,0.627119,0.898305,0.231247,0.0767044
1,0.644068,0.898305,0.505812,-0.0250838
1,0.661017,0.898305,0.713636,-0.122089
1,0.677966,0.898305,0.846511,-0.232324
1,0.694915,0.898305,0.919923,-0.345803
1,0.711864,0.898305,0.956792,-0.45459
1,0.728814,0.898305,0.973789,-0.505029
1,0.745763,0.898305,0.975415,-0.378434
1,0.762712,0.898305,0.955698,-0.0737901
1,0.779661,0.898305,0.905212,0.321573
1,0.79661,0.898305,0.8199,0.747229
1,0.813559,0.898305,0.707193,1.16384
1,0.830508,0.898305,0.585892,1.52237
1,0.847458,0.898305,0.480132,1.71418
1,0.864407,0.898305,0.411496,1.73058
1,0.881356,0.898305,0.393351,1.77193
1,0.898305,0.898305,0.428197,1.95311
1,0.915254,0.898305,0.50614,2.27797
1,0.932203,0.898305,0.603445,2.61277
1,0.949153,0.898305,0.683758,2.73744
1,0.966102,0.898305,0.70665,2.47744
1,0.983051,0.898305,0.644353,2.0777
1,1,0.898305,0.498358,1.84676
1,0,0.915254,-0.854652,-0.907566
1,0.0169492,0.915254,-0.918324,-0.892474
1,0.0338983,0.915254,-0.945231,-0.866842
1,0.0508475,0.915254,-0.942044,-0.882913
1,0.0677966,0.915254,-0.921451,-0.954935
1,0.0847458,0.915254,-0.892988,-1.04258
1,0.101695,0.915254,-0.855893,-1.0644
1,0.118644,0.915254,-0.797015,-0.954664
1,0.135593,0.915254,-0.695396,-0.750656
1,0.152542,0.915254,-0.533848,-0.545502
1,0.169492,0.915254,-0.313827,-0.41972
1,0.186441,0.915254,-0.0642019,-0.322382
1,0.20339,0.915254,0.165971,-0.181479
1,0.220339,0.915254,0.329905,0.0544504
1,0.237288,0.915254,0.405784,0.325022
1,0.254237,0.915254,0.403197,0.481522
1,0.271186,0.915254,0.351154,0.39788
1,0.288136,0.915254,0.279781,0.137029
1,0.305085,0.915254,0.208336,-0.130587
1,0.322034,0.915254,0.14311,-0.256784
1,0.338983,0.915254,0.0817063,-0.179897
1,0.355932,0.915254,0.0190945,0.0355517
1,0.372881,0.915254,-0.0473587,0.308329
1,0.389831,0.915254,-0.115482,0.577276
1,0.40678,0.915254,-0.179372,0.796866
1,0.423729,0.915254,-0.233351,0.945939
1,0.440678,0.915254,-0.276341,1.0085
1,0.457627,0.915254,-0.313786,0.992615
1,0.474576,0.915254,-0.355975,0.920107
1,0.491525,0.915254,-0.413568,0.812794
1,0.508475,0.915254,-0.491568,0.720158
1,0.525424,0.915254,-0.582751,0.657593
1,0.542373,0.915254,-0.662744,0.6072
1,0.559322,0.915254,-0.691721,0.551374
1,0.576271,0.915254,-0.627751,0.485934
1,0.59322,0.915254,-0.449508,0.395541
1,0.610169,0.915254,-0.174447,0.275717
1,0.627119,0.915254,0.143946,0.150998
1,0.644068,0.915254,0.44131,0.0423009
1,0.661017,0.915254,0.672089,-0.0663988
1,0.677966,0.915254,0.823409,-0.19214
1,0.694915,0.915254,0.908364,-0.339162
1,0.711864,0.915254,0.949119,-0.48456
1,0.728814,0.915254,0.962309,-0.539394
1,0.745763,0.915254,0.952738,-0.398682
1,0.762712,0.915254,0.915347,-0.0738106
1,0.779661,0.915254,0.842731,0.327341
1,0.79661,0.915254,0.734054,0.703903
1,0.813559,0.915254,0.600421,0.999056
1,0.830508,0.915254,0.463454,1.19062
1,0.847458,0.915254,0.348274,1.25057
1,0.864407,0.915254,0.275672,1.23214
1,0.881356,0.915254,0.257503,1.27517
1,0.898305,0.915254,0.295351,1.47071
1,0.915254,0.915254,0.379785,1.81963
1,0.932203,0.915254,0.488729,2.18984
1,0.949153,0.915254,0.587528,2.38394
1,0.966102,0.915254,0.635957,2.30842
1,0.983051,0.915254,0.604008,2.11215
1,1,0.915254,0.488991,2.01814
1,0,0.932203,-0.889419,-1.07114
1,0.0169492,0.932203,-0.931164,-1.02967
1,0.0338983,0.932203,-0.935855,-0.956675
1,0.0508475,0.932203,-0.913918,-0.930151
1,0.0677966,0.932203,-0.880933,-0.967153
1,0.0847458,0.932203,-0.848087,-1.03533
1,0.101695,0.932203,-0.815286,-1.07006
1,0.118644,0.932203,-0.76931,-1.02648
1,0.135593,0.932203,-0.688174,-0.907025
1,0.152542,0.932203,-0.552162,-0.740893
1,0.169492,0.932203,-0.358574,-0.539481
1,0.186441,0.932203,-0.131405,-0.32728
1,0.20339,0.932203,0.0841375,-0.153437
1,0.220339,0.932203,0.242602,-0.0302222
1,0.237288,0.932203,0.320756,0.0083243
1,0.254237,0.932203,0.325024,-0.0856076
1,0.271186,0.932203,0.280929,-0.29291
1,0.288136,0.932203,0.215859,-0.522354
1,0.305085,0.932203,0.147551,-0.671123
1,0.322034,0.932203,0.0820667,-0.607176
1,0.338983,0.932203,0.0180011,-0.280072
1,0.355932,0.932203,-0.0476246,0.165633
1,0.372881,0.932203,-0.114759,0.59652
1,0.389831,0.932203,-0.178757,0.944921
1,0.40678,0.932203,-0.232524,1.18964
1,0.423729,0.932203,-0.27117,1.30638
1,0.440678,0.932203,-0.296176,1.25953
1,0.457627,0.932203,-0.316373,1.13484
1,0.474576,0.932203,-0.345293,1.01196
1,0.491525,0.932203,-0.396319,0.937684
1,0.508475,0.932203,-0.476786,0.9075
1,0.525424,0.932203,-0.581352,0.881776
1,0.542373,0.932203,-0.686185,0.795048
1,0.559322,0.932203,-0.749046,0.683442
1,0.576271,0.932203,-0.721595,0.58689
1,0.59322,0.932203,-0.573352,0.481889
1,0.610169,0.932203,-0.313645,0.368787
1,0.627119,0.932203,0.00712192,0.264432
1,0.644068,0.932203,0.321362,0.170429
1,0.661017,0.932203,0.576252,0.071704
1,0.677966,0.932203,0.751229,-0.0496162
1,0.694915,0.932203,0.853731,-0.212792
1,0.711864,0.932203,0.902787,-0.382581
1,0.728814,0.932203,0.913841,-0.455354
1,0.745763,0.932203,0.891918,-0.330802
1,0.762712,0.932203,0.83362,-0.0252925
1,0.779661,0.932203,0.73485,0.321672
1,0.79661,0.932203,0.599411,0.574269
1,0.813559,0.932203,0.443112,0.670805
1,0.830508,0.932203,0.290684,0.653992
1,0.847458,0.932203,0.16778,0.581468
1,0.864407,0.932203,0.0936461,0.534856
1,0.881356,0.932203,0.0781601,0.587474
1,0.898305,0.932203,0.12226,0.80861
1,0.915254,0.932203,0.218068,1.20834
1,0.932203,0.932203,0.346658,1.65175
1,0.949153,0.932203,0.476017,1.98233
1,0.966102,0.932203,0.565318,2.14767
1,0.983051,0.932203,0.579215,2.19955
1,1,0.932203,0.506371,2.2268
1,0,0.949153,-0.905325,-1.107
1,0.0169492,0.949153,-0.923817,-1.02931
1,0.0338983,0.949153,-0.905849,-0.910679
1,0.0508475,0.949153,-0.865471,-0.854075
1,0.0677966,0.949153,-0.82077,-0.893104
1,0.0847458,0.949153,-0.784193,-1.0008
1,0.101695,0.949153,-0.756141,-1.09521
1,0.118644,0.949153,-0.723474,-1.12004
1,0.135593,0.949153,-0.663559,-1.03968
1,0.152542,0.949153,-0.554516,-0.849993
1,0.169492,0.949153,-0.38954,-0.527683
1,0.186441,0.949153,-0.187377,-0.195762
1,0.20339,0.949153,0.0112155,0.00831124
1,0.220339,0.949153,0.162557,0.0255346
1,0.237288,0.949153,0.242027,-0.161477
1,0.254237,0.949153,0.25262,-0.489003
1,0.271186,0.949153,0.216117,-0.801841
1,0.288136,0.949153,0.157142,-0.994165
1,0.305085,0.949153,0.092138,-1.01589
1,0.322034,0.949153,0.0273221,-0.75032
1,0.338983,0.949153,-0.0373273,-0.20048
1,0.355932,0.949153,-0.102477,0.412662
1,0.372881,0.949153,-0.16542,0.932136
1,0.389831,0.949153,-0.219454,1.28691
1,0.40678,0.949153,-0.25704,1.48623
1,0.423729,0.949153,-0.274856,1.51789
1,0.440678,0.949153,-0.277402,1.35481
1,0.457627,0.949153,-0.276827,1.15122
1,0.474576,0.949153,-0.28946,0.996646
1,0.491525,0.949153,-0.331028,0.94379
1,0.508475,0.949153,-0.411433,0.946094
1,0.525424,0.949153,-0.528473,0.930736
1,0.542373,0.949153,-0.661067,0.797487
1,0.559322,0.949153,-0.766897,0.656699
1,0.576271,0.949153,-0.792166,0.559646
1,0.59322,0.949153,-0.695491,0.474455
1,0.610169,0.949153,-0.473751,0.419157
1,0.627119,0.949153,-0.169304,0.374106
1,0.644068,0.949153,0.150199,0.313868
1,0.661017,0.949153,0.42481,0.222865
1,0.677966,0.949153,0.624057,0.102669
1,0.694915,0.949153,0.746722,-0.0654635
1,0.711864,0.949153,0.806269,-0.223517
1,0.728814,0.949153,0.81565,-0.286748
1,0.745763,0.949153,0.779985,-0.171963
1,0.762712,0.949153,0.69833,0.0696105
1,0.779661,0.949153,0.571227,0.295859
1,0.79661,0.949153,0.408394,0.374681
1,0.813559,0.949153,0.230983,0.276527
1,0.830508,0.949153,0.0664702,0.0917073
1,0.847458,0.949153,-0.06012,-0.0849137
1,0.864407,0.949153,-0.132456,-0.169567
1,0.881356,0.949153,-0.143529,-0.12498
1,0.898305,0.949153,-0.0929635,0.128966
1,0.915254,0.949153,0.0141761,0.614086
1,0.932203,0.949153,0.164355,1.17358
1,0.949153,0.949153,0.330642,1.66122
1,0.966102,0.949153,0.472833,2.02308
1,0.983051,0.949153,0.548864,2.24416
1,1,0.949153,0.534708,2.34045
1,0,0.966102,-0.90195,-0.980608
1,0.0169492,0.966102,-0.896621,-0.889449
1,0.0338983,0.966102,-0.856372,-0.73035
1,0.0508475,0.966102,-0.798574,-0.648414
1,0.0677966,0.966102,-0.743291,-0.742429
1,0.0847458,0.966102,-0.703727,-0.959945
1,0.101695,0.966102,-0.680549,-1.15782
1,0.118644,0.966102,-0.660833,-1.21246
1,0.135593,0.966102,-0.62176,-1.07994
1,0.152542,0.966102,-0.539849,-0.768804
1,0.169492,0.966102,-0.40455,-0.315815
1,0.186441,0.966102,-0.229286,0.130787
1,0.20339,0.966102,-0.0499127,0.387452
1,0.220339,0.966102,0.0921799,0.306318
1,0.237288,0.966102,0.171285,-0.103746
1,0.254237,0.966102,0.187003,-0.63834
1,0.271186,0.966102,0.157321,-1.04051
1,0.288136,0.966102,0.104138,-1.17661
1,0.305085,0.966102,0.0427986,-1.0252
1,0.322034,0.966102,-0.0200386,-0.576789
1,0.338983,0.966102,-0.0827332,0.0825389
1,0.355932,0.966102,-0.143531,0.758163
1,0.372881,0.966102,-0.197281,1.27378
1,0.389831,0.966102,-0.235836,1.53229
1,0.40678,0.966102,-0.252065,1.5725
1,0.423729,0.966102,-0.244955,1.45628
1,0.440678,0.966102,-0.222245,1.25197
1,0.457627,0.966102,-0.198956,1.05329
1,0.474576,0.966102,-0.193312,0.909014
1,0.491525,0.966102,-0.222514,0.842911
1,0.508475,0.966102,-0.298786,0.808924
1,0.525424,0.966102,-0.423948,0.73396
1,0.542373,0.966102,-0.581893,0.582512
1,0.559322,0.966102,-0.733274,0.432355
1,0.576271,0.966102,-0.821318,0.340198
1,0.59322,0.966102,-0.79389,0.341472
1,0.610169,0.966102,-0.63248,0.416784
1,0.627119,0.966102,-0.36655,0.477401
1,0.644068,0.966102,-0.0595122,0.443394
1,0.661017,0.966102,0.22342,0.31616
1,0.677966,0.966102,0.441128,0.155435
1,0.694915,0.966102,0.581599,0.0241525
1,0.711864,0.966102,0.650574,-0.0282292
1,0.728814,0.966102,0.657236,0.0061009
1,0.745763,0.966102,0.606638,0.099513
1,0.762712,0.966102,0.501073,0.184971
1,0.779661,0.966102,0.34692,0.19974
1,0.79661,0.966102,0.160706,0.101344
1,0.813559,0.966102,-0.0311614,-0.101421
1,0.830508,0.966102,-0.199719,-0.352649
1,0.847458,0.966102,-0.3226,-0.584666
1,0.864407,0.966102,-0.388433,-0.727786
1,0.881356,0.966102,-0.394466,-0.707991
1,0.898305,0.966102,-0.341196,-0.419956
1,0.915254,0.966102,-0.229816,0.157993
1,0.932203,0.966102,-0.0658189,0.860144
1,0.949153,0.966102,0.132929,1.4967
1,0.966102,0.966102,0.330889,1.94884
1,0.983051,0.966102,0.481189,2.20263
1,1,0.966102,0.54516,2.2815
1,0,0.983051,-0.879609,-0.847656
1,0.0169492,0.983051,-0.850757,-0.730644
1,0.0338983,0.983051,-0.789507,-0.506159
1,0.0508475,0.983051,-0.716087,-0.385623
1,0.0677966,0.983051,-0.65186,-0.565998
1,0.0847458,0.983051,-0.610192,-0.933514
1,0.101695,0.983051,-0.591716,-1.24711
1,0.118644,0.983051,-0.583841,-1.30136
1,0.135593,0.983051,-0.564061,-1.07507
1,0.152542,0.983051,-0.508032,-0.633662
1,0.169492,0.983051,-0.402128,-0.0526308
1,0.186441,0.983051,-0.254741,0.522533
1,0.20339,0.983051,-0.0966069,0.864491
1,0.220339,0.983051,0.0337374,0.699388
1,0.237288,0.983051,0.110076,0.0648753
1,0.254237,0.983051,0.129002,-0.673876
1,0.271186,0.983051,0.104898,-1.14771
1,0.288136,0.983051,0.057055,-1.20074
1,0.305085,0.983051,-0.000148007,-0.886144
1,0.322034,0.983051,-0.0594479,-0.3065
1,0.338983,0.983051,-0.11743,0.409418
1,0.355932,0.983051,-0.17,1.10839
1,0.372881,0.983051,-0.20998,1.58427
1,0.389831,0.983051,-0.22855,1.68813
1,0.40678,0.983051,-0.219894,1.52676
1,0.423729,0.983051,-0.185919,1.27199
1,0.440678,0.983051,-0.137545,1.0683
1,0.457627,0.983051,-0.0918491,0.912305
1,0.474576,0.983051,-0.0676649,0.786219
1,0.491525,0.983051,-0.0823834,0.700875
1,0.508475,0.983051,-0.149777,0.613965
1,0.525424,0.983051,-0.275971,0.479316
1,0.542373,0.983051,-0.451603,0.309398
1,0.559322,0.983051,-0.643542,0.141838
1,0.576271,0.983051,-0.79574,0.0524142
1,0.59322,0.983051,-0.847578,0.163891
1,0.610169,0.983051,-0.764368,0.399806
1,0.627119,0.983051,-0.55893,0.579894
1,0.644068,0.983051,-0.285676,0.551178
1,0.661017,0.983051,-0.0116214,0.350599
1,0.677966,0.983051,0.212577,0.132579
1,0.694915,0.983051,0.363371,0.0562955
1,0.711864,0.983051,0.437421,0.148541
1,0.728814,0.983051,0.439189,0.305862
1,0.745763,0.983051,0.373597,0.373314
1,0.762712,0.983051,0.246857,0.285131
1,0.779661,0.983051,0.0720206,0.0960505
1,0.79661,0.983051,-0.127399,-0.133302
1,0.813559,0.983051,-0.320798,-0.375488
1,0.830508,0.983051,-0.479958,-0.636777
1,0.847458,0.983051,-0.587894,-0.898629
1,0.864407,0.983051,-0.640611,-1.09997
1,0.881356,0.983051,-0.641283,-1.12519
1,0.898305,0.983051,-0.592098,-0.825241
1,0.915254,0.983051,-0.490112,-0.139758
1,0.932203,0.983051,-0.330813,0.715215
1,0.949153,0.983051,-0.118673,1.46846
1,0.966102,0.983051,0.121727,1.92814
1,0.983051,0.983051,0.344689,2.13102
1,1,0.983051,0.499253,2.17116
1,0,1,-0.83934,-0.817745
1,0.0169492,1,-0.788208,-0.652058
1,0.0338983,1,-0.708205,-0.370315
1,0.0508475,1,-0.621772,-0.21884
1,0.0677966,1,-0.550773,-0.487764
1,0.0847458,1,-0.508069,-0.950971
1,0.101695,1,-0.493914,-1.3263
1,0.118644,1,-0.496111,-1.35105
1,0.135593,1,-0.492955,-1.06559
1,0.152542,1,-0.460077,-0.560453
1,0.169492,1,-0.381732,0.0885948
1,0.186441,1,-0.261965,0.747909
1,0.20339,1,-0.126497,1.15595
1,0.220339,1,-0.0105176,0.912554
1,0.237288,1,0.0600463,0.124312
1,0.254237,1,0.0795146,-0.721947
1,0.271186,1,0.059147,-1.20595
1,0.288136,1,0.0158549,-1.1867
1,0.305085,1,-0.0368538,-0.788346
1,0.322034,1,-0.0910854,-0.15495
1,0.338983,1,-0.14172,0.578801
1,0.355932,1,-0.182602,1.29768
1,0.372881,1,-0.205129,1.74522
1,0.389831,1,-0.200697,1.73128
1,0.40678,1,-0.165685,1.45702
1,0.423729,1,-0.105354,1.14011
1,0.440678,1,-0.0334732,0.97166
1,0.457627,1,0.0318867,0.841382
1,0.474576,1,0.0727604,0.722539
1,0.491525,1,0.0730626,0.631828
1,0.508475,1,0.018628,0.517289
1,0.525424,1,-0.100575,0.350574
1,0.542373,1,-0.282863,0.174006
1,0.559322,1,-0.504022,-0.0156532
1,0.576271,1,-0.712809,-0.114946
1,0.59322,1,-0.843996,0.0831291
1,0.610169,1,-0.848285,0.415833
1,0.627119,1,-0.720078,0.658166
1,0.644068,1,-0.500665,0.600378
1,0.661017,1,-0.254578,0.338546
1,0.677966,1,-0.0392741,0.0827479
1,0.694915,1,0.111067,0.055089
1,0.711864,1,0.183855,0.243429
1,0.728814,1,0.178549,0.473748
1,0.745763,1,0.100083,0.510932
1,0.762712,1,-0.0409334,0.316747
1,0.779661,1,-0.224572,0.0313867
1,0.79661,1,-0.421119,-0.24229
1,0.813559,1,-0.597849,-0.47891
1,0.830508,1,-0.730181,-0.73452
1,0.847458,1,-0.809326,-1.01033
1,0.864407,1,-0.840732,-1.25102
1,0.881356,1,-0.834838,-1.31366
1,0.898305,1,-0.796579,-1.00704
1,0.915254,1,-0.719784,-0.231208
1,0.932203,1,-0.589893,0.710465
1,0.949153,1,-0.395416,1.51194
1,0.966102,1,-0.143774,1.92866
1,0.983051,1,0.129211,2.08554
1,1,1,0.367687,2.10518
